[{"model": "contenttypes.contenttype", "pk": 1, "fields": {"app_label": "admin", "model": "logentry"}}, {"model": "contenttypes.contenttype", "pk": 2, "fields": {"app_label": "auth", "model": "permission"}}, {"model": "contenttypes.contenttype", "pk": 3, "fields": {"app_label": "auth", "model": "group"}}, {"model": "contenttypes.contenttype", "pk": 4, "fields": {"app_label": "contenttypes", "model": "contenttype"}}, {"model": "contenttypes.contenttype", "pk": 5, "fields": {"app_label": "sessions", "model": "session"}}, {"model": "contenttypes.contenttype", "pk": 6, "fields": {"app_label": "sites", "model": "site"}}, {"model": "contenttypes.contenttype", "pk": 7, "fields": {"app_label": "flatpages", "model": "flatpage"}}, {"model": "contenttypes.contenttype", "pk": 8, "fields": {"app_label": "params", "model": "person"}}, {"model": "contenttypes.contenttype", "pk": 9, "fields": {"app_label": "space", "model": "solution"}}, {"model": "contenttypes.contenttype", "pk": 10, "fields": {"app_label": "space", "model": "association"}}, {"model": "contenttypes.contenttype", "pk": 11, "fields": {"app_label": "space", "model": "enterprise"}}, {"model": "contenttypes.contenttype", "pk": 12, "fields": {"app_label": "space", "model": "headquar"}}, {"model": "contenttypes.contenttype", "pk": 13, "fields": {"app_label": "sad", "model": "user"}}, {"model": "contenttypes.contenttype", "pk": 14, "fields": {"app_label": "sad", "model": "userstatus"}}, {"model": "contenttypes.contenttype", "pk": 15, "fields": {"app_label": "sad", "model": "access"}}, {"model": "contenttypes.contenttype", "pk": 16, "fields": {"app_label": "sad", "model": "module"}}, {"model": "contenttypes.contenttype", "pk": 17, "fields": {"app_label": "sad", "model": "menu"}}, {"model": "contenttypes.contenttype", "pk": 18, "fields": {"app_label": "sad", "model": "userenterprise"}}, {"model": "contenttypes.contenttype", "pk": 19, "fields": {"app_label": "sad", "model": "userheadquar"}}, {"model": "contenttypes.contenttype", "pk": 20, "fields": {"app_label": "sad", "model": "userassociation"}}, {"model": "contenttypes.contenttype", "pk": 21, "fields": {"app_label": "sad", "model": "ticket"}}, {"model": "contenttypes.contenttype", "pk": 22, "fields": {"app_label": "sad", "model": "backup"}}, {"model": "contenttypes.contenttype", "pk": 23, "fields": {"app_label": "atencion", "model": "usuario"}}, {"model": "contenttypes.contenttype", "pk": 24, "fields": {"app_label": "atencion", "model": "departamento"}}, {"model": "contenttypes.contenttype", "pk": 25, "fields": {"app_label": "atencion", "model": "provincia"}}, {"model": "contenttypes.contenttype", "pk": 26, "fields": {"app_label": "atencion", "model": "distrito"}}, {"model": "contenttypes.contenttype", "pk": 27, "fields": {"app_label": "atencion", "model": "persona"}}, {"model": "contenttypes.contenttype", "pk": 28, "fields": {"app_label": "atencion", "model": "historia"}}, {"model": "contenttypes.contenttype", "pk": 29, "fields": {"app_label": "atencion", "model": "consulta"}}, {"model": "contenttypes.contenttype", "pk": 30, "fields": {"app_label": "atencion", "model": "antecedentemedico"}}, {"model": "contenttypes.contenttype", "pk": 31, "fields": {"app_label": "atencion", "model": "funcionesvitales"}}, {"model": "contenttypes.contenttype", "pk": 32, "fields": {"app_label": "atencion", "model": "diagnostico"}}, {"model": "contenttypes.contenttype", "pk": 33, "fields": {"app_label": "atencion", "model": "diagnosticoconsulta"}}, {"model": "contenttypes.contenttype", "pk": 34, "fields": {"app_label": "atencion", "model": "producto"}}, {"model": "contenttypes.contenttype", "pk": 35, "fields": {"app_label": "atencion", "model": "unidadmedida"}}, {"model": "contenttypes.contenttype", "pk": 36, "fields": {"app_label": "atencion", "model": "tratamiento"}}, {"model": "contenttypes.contenttype", "pk": 37, "fields": {"app_label": "atencion", "model": "detallereceta"}}, {"model": "contenttypes.contenttype", "pk": 38, "fields": {"app_label": "atencion", "model": "periodo"}}, {"model": "contenttypes.contenttype", "pk": 39, "fields": {"app_label": "atencion", "model": "laboratorio"}}, {"model": "contenttypes.contenttype", "pk": 40, "fields": {"app_label": "atencion", "model": "consultaemergencia"}}, {"model": "contenttypes.contenttype", "pk": 41, "fields": {"app_label": "atencion", "model": "reporteatencion"}}, {"model": "contenttypes.contenttype", "pk": 42, "fields": {"app_label": "atencion", "model": "trabajador"}}, {"model": "contenttypes.contenttype", "pk": 43, "fields": {"app_label": "atencion", "model": "caradental"}}, {"model": "contenttypes.contenttype", "pk": 44, "fields": {"app_label": "atencion", "model": "tratamientodental"}}, {"model": "contenttypes.contenttype", "pk": 45, "fields": {"app_label": "atencion", "model": "piezadental"}}, {"model": "contenttypes.contenttype", "pk": 46, "fields": {"app_label": "atencion", "model": "odontograma"}}, {"model": "contenttypes.contenttype", "pk": 47, "fields": {"app_label": "atencion", "model": "odontogramapieza"}}, {"model": "contenttypes.contenttype", "pk": 48, "fields": {"app_label": "django_bootstrap_calendar", "model": "calendarevent"}}, {"model": "contenttypes.contenttype", "pk": 49, "fields": {"app_label": "atencion", "model": "historiadetalle"}}, {"model": "contenttypes.contenttype", "pk": 51, "fields": {"app_label": "atencion", "model": "examenesauxiliares"}}, {"model": "sessions.session", "pk": "0b2se5xyv3gfo2fcyl36mb1s6zh02pel", "fields": {"session_data": "ZjI2ODkxZTgxYzlmNjdkMjk2NDQ0YTA1MDhkYWNhYTIyZTE5YjU4YTp7Il9zZXNzaW9uX2V4cGlyeSI6MCwiX2F1dGhfdXNlcl9pZCI6IjIiLCJfYXV0aF91c2VyX2JhY2tlbmQiOiJkamFuZ28uY29udHJpYi5hdXRoLmJhY2tlbmRzLk1vZGVsQmFja2VuZCIsIl9hdXRoX3VzZXJfaGFzaCI6IjE2YzFkOTUwYjhlOTcxYzk4NDM4YWMzNjY5NjhiODJhMzMwZTAyNGQifQ==", "expire_date": "2017-08-26T02:44:13.450Z"}}, {"model": "sessions.session", "pk": "0j6hdkd8etjwdjt5cear6ldoamjk4xyv", "fields": {"session_data": "ZGIyNGM1YTMxOGJhNzdjNGZjMzM3YzllNzdiOGYyMzE2MGZjN2Q3MDp7Il9zZXNzaW9uX2V4cGlyeSI6MCwiX2F1dGhfdXNlcl9pZCI6IjEiLCJfYXV0aF91c2VyX2JhY2tlbmQiOiJkamFuZ28uY29udHJpYi5hdXRoLmJhY2tlbmRzLk1vZGVsQmFja2VuZCIsIl9hdXRoX3VzZXJfaGFzaCI6ImEwNWE5NGMyNGE4ZDhlMTJjZWE1ZDUxYjc0MTg0YTYyNjA5Yzc3ZWMifQ==", "expire_date": "2017-12-07T23:43:15.226Z"}}, {"model": "sessions.session", "pk": "12ykvj66yso12v9pwgoy7p6tvng370we", "fields": {"session_data": "YTBkZmU0Y2Q4ODBkMTkyMTk4Mjk3ZmE2OWExZGRhM2NmYmZhZTQ3ZDp7Il9hdXRoX3VzZXJfaWQiOiI0IiwiX3Nlc3Npb25fZXhwaXJ5IjowLCJfYXV0aF91c2VyX2hhc2giOiIxYTU5ZDBlZjRlNjdhMTg2MWM3NmYxMTdkNjQyNmYyNWJhZjhkYjFmIiwiX2F1dGhfdXNlcl9iYWNrZW5kIjoiZGphbmdvLmNvbnRyaWIuYXV0aC5iYWNrZW5kcy5Nb2RlbEJhY2tlbmQifQ==", "expire_date": "2017-11-28T02:18:05.385Z"}}, {"model": "sessions.session", "pk": "1n2kunkn91es9ijwgbo1ay5zj4bvpi5y", "fields": {"session_data": "ZmZiMDI0MTViOTVlMTMwMmJmNzhkOTBlMGNhNDBlNjk2MjJmMWEyNTp7Il9zZXNzaW9uX2V4cGlyeSI6MCwiX2F1dGhfdXNlcl9pZCI6IjEiLCJfYXV0aF91c2VyX2hhc2giOiJhMDVhOTRjMjRhOGQ4ZTEyY2VhNWQ1MWI3NDE4NGE2MjYwOWM3N2VjIiwiX2F1dGhfdXNlcl9iYWNrZW5kIjoiZGphbmdvLmNvbnRyaWIuYXV0aC5iYWNrZW5kcy5Nb2RlbEJhY2tlbmQifQ==", "expire_date": "2017-12-02T11:03:33.899Z"}}, {"model": "sessions.session", "pk": "1nyl6paj5uxsa62fi7iwfljq0frqqvck", "fields": {"session_data": "MTc3MDc5MTJmZDJiOTc4N2M3N2RiZjM5OGM3MWUwNGIxZGNiMDExNDp7Il9hdXRoX3VzZXJfaWQiOiIyIiwiX2F1dGhfdXNlcl9iYWNrZW5kIjoiZGphbmdvLmNvbnRyaWIuYXV0aC5iYWNrZW5kcy5Nb2RlbEJhY2tlbmQiLCJfYXV0aF91c2VyX2hhc2giOiIxNmMxZDk1MGI4ZTk3MWM5ODQzOGFjMzY2OTY4YjgyYTMzMGUwMjRkIn0=", "expire_date": "2017-06-21T18:26:28.232Z"}}, {"model": "sessions.session", "pk": "21dxd8k26lig9m0u9xbavyrwgobu64kl", "fields": {"session_data": "MTc3MDc5MTJmZDJiOTc4N2M3N2RiZjM5OGM3MWUwNGIxZGNiMDExNDp7Il9hdXRoX3VzZXJfaWQiOiIyIiwiX2F1dGhfdXNlcl9iYWNrZW5kIjoiZGphbmdvLmNvbnRyaWIuYXV0aC5iYWNrZW5kcy5Nb2RlbEJhY2tlbmQiLCJfYXV0aF91c2VyX2hhc2giOiIxNmMxZDk1MGI4ZTk3MWM5ODQzOGFjMzY2OTY4YjgyYTMzMGUwMjRkIn0=", "expire_date": "2017-06-22T16:54:55.256Z"}}, {"model": "sessions.session", "pk": "2st84g0o03twodlfihlqj2a8zj10fm0w", "fields": {"session_data": "NGEyZDVmNzk0YjhjMTBhZTBiNzkzZWY4NzNlOWUxYWRmZTI0NjFlNjp7InRlc3Rjb29raWUiOiJ3b3JrZWQifQ==", "expire_date": "2017-11-27T19:35:50.512Z"}}, {"model": "sessions.session", "pk": "2ubbh6u8t5bkjhvt0y5btbnaa4p28a04", "fields": {"session_data": "YTAzMTkyOWQyMmVlZGQzN2YwM2I0NDU2MGNiZTgzMmNmYmJiM2ZjMDp7Il9hdXRoX3VzZXJfaWQiOiIyIiwiX2F1dGhfdXNlcl9oYXNoIjoiMTZjMWQ5NTBiOGU5NzFjOTg0MzhhYzM2Njk2OGI4MmEzMzBlMDI0ZCIsIl9hdXRoX3VzZXJfYmFja2VuZCI6ImRqYW5nby5jb250cmliLmF1dGguYmFja2VuZHMuTW9kZWxCYWNrZW5kIn0=", "expire_date": "2017-06-21T18:31:44.708Z"}}, {"model": "sessions.session", "pk": "30vp4z7shri1ujnws3nvjegsxns22sfr", "fields": {"session_data": "NjFiZTg4ZjI5ZTZjMDZlZjYwZTE0YTI1ZDY3ODY4MjE3ZDc5YzMwYzp7Il9hdXRoX3VzZXJfaGFzaCI6ImEwNWE5NGMyNGE4ZDhlMTJjZWE1ZDUxYjc0MTg0YTYyNjA5Yzc3ZWMiLCJfYXV0aF91c2VyX2lkIjoiMSIsIl9zZXNzaW9uX2V4cGlyeSI6MCwiX2F1dGhfdXNlcl9iYWNrZW5kIjoiZGphbmdvLmNvbnRyaWIuYXV0aC5iYWNrZW5kcy5Nb2RlbEJhY2tlbmQifQ==", "expire_date": "2017-12-07T10:38:35.869Z"}}, {"model": "sessions.session", "pk": "34al5ynrjwt4u7iyij5lctg1tmpst7vb", "fields": {"session_data": "ZGIyNGM1YTMxOGJhNzdjNGZjMzM3YzllNzdiOGYyMzE2MGZjN2Q3MDp7Il9zZXNzaW9uX2V4cGlyeSI6MCwiX2F1dGhfdXNlcl9pZCI6IjEiLCJfYXV0aF91c2VyX2JhY2tlbmQiOiJkamFuZ28uY29udHJpYi5hdXRoLmJhY2tlbmRzLk1vZGVsQmFja2VuZCIsIl9hdXRoX3VzZXJfaGFzaCI6ImEwNWE5NGMyNGE4ZDhlMTJjZWE1ZDUxYjc0MTg0YTYyNjA5Yzc3ZWMifQ==", "expire_date": "2017-07-09T20:20:48.269Z"}}, {"model": "sessions.session", "pk": "3b0ym0qkrjit23pxrg8wpandm7nq6s0b", "fields": {"session_data": "NGEyZDVmNzk0YjhjMTBhZTBiNzkzZWY4NzNlOWUxYWRmZTI0NjFlNjp7InRlc3Rjb29raWUiOiJ3b3JrZWQifQ==", "expire_date": "2017-06-25T19:53:42.542Z"}}, {"model": "sessions.session", "pk": "3mrjdpxakrtepn06cws9dzrikhgr2rlx", "fields": {"session_data": "MTc3MDc5MTJmZDJiOTc4N2M3N2RiZjM5OGM3MWUwNGIxZGNiMDExNDp7Il9hdXRoX3VzZXJfaWQiOiIyIiwiX2F1dGhfdXNlcl9iYWNrZW5kIjoiZGphbmdvLmNvbnRyaWIuYXV0aC5iYWNrZW5kcy5Nb2RlbEJhY2tlbmQiLCJfYXV0aF91c2VyX2hhc2giOiIxNmMxZDk1MGI4ZTk3MWM5ODQzOGFjMzY2OTY4YjgyYTMzMGUwMjRkIn0=", "expire_date": "2017-06-22T16:49:26.788Z"}}, {"model": "sessions.session", "pk": "4ct303rp8qqpwwl3q9qkr0hsmuejmklx", "fields": {"session_data": "ZGIyNGM1YTMxOGJhNzdjNGZjMzM3YzllNzdiOGYyMzE2MGZjN2Q3MDp7Il9zZXNzaW9uX2V4cGlyeSI6MCwiX2F1dGhfdXNlcl9pZCI6IjEiLCJfYXV0aF91c2VyX2JhY2tlbmQiOiJkamFuZ28uY29udHJpYi5hdXRoLmJhY2tlbmRzLk1vZGVsQmFja2VuZCIsIl9hdXRoX3VzZXJfaGFzaCI6ImEwNWE5NGMyNGE4ZDhlMTJjZWE1ZDUxYjc0MTg0YTYyNjA5Yzc3ZWMifQ==", "expire_date": "2017-07-10T21:58:04.827Z"}}, {"model": "sessions.session", "pk": "4gnnbjm5zcxuflecakjio6sc38qsvlqo", "fields": {"session_data": "ZGIyNGM1YTMxOGJhNzdjNGZjMzM3YzllNzdiOGYyMzE2MGZjN2Q3MDp7Il9zZXNzaW9uX2V4cGlyeSI6MCwiX2F1dGhfdXNlcl9pZCI6IjEiLCJfYXV0aF91c2VyX2JhY2tlbmQiOiJkamFuZ28uY29udHJpYi5hdXRoLmJhY2tlbmRzLk1vZGVsQmFja2VuZCIsIl9hdXRoX3VzZXJfaGFzaCI6ImEwNWE5NGMyNGE4ZDhlMTJjZWE1ZDUxYjc0MTg0YTYyNjA5Yzc3ZWMifQ==", "expire_date": "2017-11-29T23:40:32.556Z"}}, {"model": "sessions.session", "pk": "4yiue1zlsiozvby6l10y0a6u0coidtbu", "fields": {"session_data": "ZGIyNGM1YTMxOGJhNzdjNGZjMzM3YzllNzdiOGYyMzE2MGZjN2Q3MDp7Il9zZXNzaW9uX2V4cGlyeSI6MCwiX2F1dGhfdXNlcl9pZCI6IjEiLCJfYXV0aF91c2VyX2JhY2tlbmQiOiJkamFuZ28uY29udHJpYi5hdXRoLmJhY2tlbmRzLk1vZGVsQmFja2VuZCIsIl9hdXRoX3VzZXJfaGFzaCI6ImEwNWE5NGMyNGE4ZDhlMTJjZWE1ZDUxYjc0MTg0YTYyNjA5Yzc3ZWMifQ==", "expire_date": "2017-11-28T01:57:29.258Z"}}, {"model": "sessions.session", "pk": "52tjly2zov0dp7pyd1156chnjy9r7uin", "fields": {"session_data": "ZGIyNGM1YTMxOGJhNzdjNGZjMzM3YzllNzdiOGYyMzE2MGZjN2Q3MDp7Il9zZXNzaW9uX2V4cGlyeSI6MCwiX2F1dGhfdXNlcl9pZCI6IjEiLCJfYXV0aF91c2VyX2JhY2tlbmQiOiJkamFuZ28uY29udHJpYi5hdXRoLmJhY2tlbmRzLk1vZGVsQmFja2VuZCIsIl9hdXRoX3VzZXJfaGFzaCI6ImEwNWE5NGMyNGE4ZDhlMTJjZWE1ZDUxYjc0MTg0YTYyNjA5Yzc3ZWMifQ==", "expire_date": "2017-07-09T17:38:48.889Z"}}, {"model": "sessions.session", "pk": "54fmfxv70euf5gv5u87i1q49vn1o3fhg", "fields": {"session_data": "NGEyZDVmNzk0YjhjMTBhZTBiNzkzZWY4NzNlOWUxYWRmZTI0NjFlNjp7InRlc3Rjb29raWUiOiJ3b3JrZWQifQ==", "expire_date": "2017-07-20T20:32:20.859Z"}}, {"model": "sessions.session", "pk": "58tc92flyml42xzqehg2wavgxtemlb1m", "fields": {"session_data": "ZGIyNGM1YTMxOGJhNzdjNGZjMzM3YzllNzdiOGYyMzE2MGZjN2Q3MDp7Il9zZXNzaW9uX2V4cGlyeSI6MCwiX2F1dGhfdXNlcl9pZCI6IjEiLCJfYXV0aF91c2VyX2JhY2tlbmQiOiJkamFuZ28uY29udHJpYi5hdXRoLmJhY2tlbmRzLk1vZGVsQmFja2VuZCIsIl9hdXRoX3VzZXJfaGFzaCI6ImEwNWE5NGMyNGE4ZDhlMTJjZWE1ZDUxYjc0MTg0YTYyNjA5Yzc3ZWMifQ==", "expire_date": "2017-06-22T13:37:57.914Z"}}, {"model": "sessions.session", "pk": "5a47cersuxnirxrdtoephua4fyo8rvqq", "fields": {"session_data": "ZGIyNGM1YTMxOGJhNzdjNGZjMzM3YzllNzdiOGYyMzE2MGZjN2Q3MDp7Il9zZXNzaW9uX2V4cGlyeSI6MCwiX2F1dGhfdXNlcl9pZCI6IjEiLCJfYXV0aF91c2VyX2JhY2tlbmQiOiJkamFuZ28uY29udHJpYi5hdXRoLmJhY2tlbmRzLk1vZGVsQmFja2VuZCIsIl9hdXRoX3VzZXJfaGFzaCI6ImEwNWE5NGMyNGE4ZDhlMTJjZWE1ZDUxYjc0MTg0YTYyNjA5Yzc3ZWMifQ==", "expire_date": "2017-11-19T22:15:42.473Z"}}, {"model": "sessions.session", "pk": "5iju6kbyesfr5a6n8o0tqwv242bi8xu8", "fields": {"session_data": "ZGIyNGM1YTMxOGJhNzdjNGZjMzM3YzllNzdiOGYyMzE2MGZjN2Q3MDp7Il9zZXNzaW9uX2V4cGlyeSI6MCwiX2F1dGhfdXNlcl9pZCI6IjEiLCJfYXV0aF91c2VyX2JhY2tlbmQiOiJkamFuZ28uY29udHJpYi5hdXRoLmJhY2tlbmRzLk1vZGVsQmFja2VuZCIsIl9hdXRoX3VzZXJfaGFzaCI6ImEwNWE5NGMyNGE4ZDhlMTJjZWE1ZDUxYjc0MTg0YTYyNjA5Yzc3ZWMifQ==", "expire_date": "2017-06-21T18:41:18.860Z"}}, {"model": "sessions.session", "pk": "5jzxsse46h0benqekh4mkdtwzi4ct19g", "fields": {"session_data": "ZGIyNGM1YTMxOGJhNzdjNGZjMzM3YzllNzdiOGYyMzE2MGZjN2Q3MDp7Il9zZXNzaW9uX2V4cGlyeSI6MCwiX2F1dGhfdXNlcl9pZCI6IjEiLCJfYXV0aF91c2VyX2JhY2tlbmQiOiJkamFuZ28uY29udHJpYi5hdXRoLmJhY2tlbmRzLk1vZGVsQmFja2VuZCIsIl9hdXRoX3VzZXJfaGFzaCI6ImEwNWE5NGMyNGE4ZDhlMTJjZWE1ZDUxYjc0MTg0YTYyNjA5Yzc3ZWMifQ==", "expire_date": "2017-06-20T02:24:37.862Z"}}, {"model": "sessions.session", "pk": "5m2gxj21lw5emxslbqiaanuqa5fpi5o4", "fields": {"session_data": "ZGIyNGM1YTMxOGJhNzdjNGZjMzM3YzllNzdiOGYyMzE2MGZjN2Q3MDp7Il9zZXNzaW9uX2V4cGlyeSI6MCwiX2F1dGhfdXNlcl9pZCI6IjEiLCJfYXV0aF91c2VyX2JhY2tlbmQiOiJkamFuZ28uY29udHJpYi5hdXRoLmJhY2tlbmRzLk1vZGVsQmFja2VuZCIsIl9hdXRoX3VzZXJfaGFzaCI6ImEwNWE5NGMyNGE4ZDhlMTJjZWE1ZDUxYjc0MTg0YTYyNjA5Yzc3ZWMifQ==", "expire_date": "2017-11-10T02:19:53.650Z"}}, {"model": "sessions.session", "pk": "5nwf8v2zqivd5w6wr9kvwlxdb4cstbm6", "fields": {"session_data": "OTI2YWMyOGVkODc0NmQ5MGEyNmFhOTY4M2Y5NzRmNDM5N2E3YTgyNzp7Il9hdXRoX3VzZXJfYmFja2VuZCI6ImRqYW5nby5jb250cmliLmF1dGguYmFja2VuZHMuTW9kZWxCYWNrZW5kIiwiX2F1dGhfdXNlcl9pZCI6IjEiLCJfc2Vzc2lvbl9leHBpcnkiOjAsIl9hdXRoX3VzZXJfaGFzaCI6ImEwNWE5NGMyNGE4ZDhlMTJjZWE1ZDUxYjc0MTg0YTYyNjA5Yzc3ZWMifQ==", "expire_date": "2017-07-14T00:02:32.961Z"}}, {"model": "sessions.session", "pk": "5vk2odbzjba49wxs89mz8w2fx75rcymu", "fields": {"session_data": "ZGIyNGM1YTMxOGJhNzdjNGZjMzM3YzllNzdiOGYyMzE2MGZjN2Q3MDp7Il9zZXNzaW9uX2V4cGlyeSI6MCwiX2F1dGhfdXNlcl9pZCI6IjEiLCJfYXV0aF91c2VyX2JhY2tlbmQiOiJkamFuZ28uY29udHJpYi5hdXRoLmJhY2tlbmRzLk1vZGVsQmFja2VuZCIsIl9hdXRoX3VzZXJfaGFzaCI6ImEwNWE5NGMyNGE4ZDhlMTJjZWE1ZDUxYjc0MTg0YTYyNjA5Yzc3ZWMifQ==", "expire_date": "2017-07-16T15:51:18.837Z"}}, {"model": "sessions.session", "pk": "63x9s2d7y81w3s8ipqx6yolf2nbpg6eh", "fields": {"session_data": "ZGIyNGM1YTMxOGJhNzdjNGZjMzM3YzllNzdiOGYyMzE2MGZjN2Q3MDp7Il9zZXNzaW9uX2V4cGlyeSI6MCwiX2F1dGhfdXNlcl9pZCI6IjEiLCJfYXV0aF91c2VyX2JhY2tlbmQiOiJkamFuZ28uY29udHJpYi5hdXRoLmJhY2tlbmRzLk1vZGVsQmFja2VuZCIsIl9hdXRoX3VzZXJfaGFzaCI6ImEwNWE5NGMyNGE4ZDhlMTJjZWE1ZDUxYjc0MTg0YTYyNjA5Yzc3ZWMifQ==", "expire_date": "2017-07-23T23:46:46.541Z"}}, {"model": "sessions.session", "pk": "67aysmbabi2r6b7lgpfsgfvaqfnf5i1k", "fields": {"session_data": "ZGIyNGM1YTMxOGJhNzdjNGZjMzM3YzllNzdiOGYyMzE2MGZjN2Q3MDp7Il9zZXNzaW9uX2V4cGlyeSI6MCwiX2F1dGhfdXNlcl9pZCI6IjEiLCJfYXV0aF91c2VyX2JhY2tlbmQiOiJkamFuZ28uY29udHJpYi5hdXRoLmJhY2tlbmRzLk1vZGVsQmFja2VuZCIsIl9hdXRoX3VzZXJfaGFzaCI6ImEwNWE5NGMyNGE4ZDhlMTJjZWE1ZDUxYjc0MTg0YTYyNjA5Yzc3ZWMifQ==", "expire_date": "2017-06-20T21:15:47.430Z"}}, {"model": "sessions.session", "pk": "6o4o8mdo5znrfs4jnv2ur3vybr94nslh", "fields": {"session_data": "NmY2ZDA2Y2IwMjJkNTE1YTljZmU4ZGI3ZGM5ZTU0M2JhNzY4OWE5Yzp7Il9zZXNzaW9uX2V4cGlyeSI6MCwiX2F1dGhfdXNlcl9pZCI6IjQiLCJfYXV0aF91c2VyX2hhc2giOiIxYTU5ZDBlZjRlNjdhMTg2MWM3NmYxMTdkNjQyNmYyNWJhZjhkYjFmIiwiX2F1dGhfdXNlcl9iYWNrZW5kIjoiZGphbmdvLmNvbnRyaWIuYXV0aC5iYWNrZW5kcy5Nb2RlbEJhY2tlbmQifQ==", "expire_date": "2017-11-30T02:02:20.215Z"}}, {"model": "sessions.session", "pk": "6wknr602465h52pfm8h6v7fapzj1w6pa", "fields": {"session_data": "ZjI2ODkxZTgxYzlmNjdkMjk2NDQ0YTA1MDhkYWNhYTIyZTE5YjU4YTp7Il9zZXNzaW9uX2V4cGlyeSI6MCwiX2F1dGhfdXNlcl9pZCI6IjIiLCJfYXV0aF91c2VyX2JhY2tlbmQiOiJkamFuZ28uY29udHJpYi5hdXRoLmJhY2tlbmRzLk1vZGVsQmFja2VuZCIsIl9hdXRoX3VzZXJfaGFzaCI6IjE2YzFkOTUwYjhlOTcxYzk4NDM4YWMzNjY5NjhiODJhMzMwZTAyNGQifQ==", "expire_date": "2017-06-19T12:48:55.214Z"}}, {"model": "sessions.session", "pk": "6y2eq1kekjopst3k557ie6edouuo11o4", "fields": {"session_data": "MmQ5NzUyOGUzMWIxNzYwNTUyOGVjN2E1NzhmNzUzNDJiMWQ0MjBkYjp7Il9hdXRoX3VzZXJfYmFja2VuZCI6ImRqYW5nby5jb250cmliLmF1dGguYmFja2VuZHMuTW9kZWxCYWNrZW5kIiwiX2F1dGhfdXNlcl9pZCI6IjEiLCJfYXV0aF91c2VyX2hhc2giOiJhMDVhOTRjMjRhOGQ4ZTEyY2VhNWQ1MWI3NDE4NGE2MjYwOWM3N2VjIiwiX3Nlc3Npb25fZXhwaXJ5IjowfQ==", "expire_date": "2017-06-23T13:31:52.282Z"}}, {"model": "sessions.session", "pk": "71nkbu320dj4b3qb1v78mhde53icqqcu", "fields": {"session_data": "ZGIyNGM1YTMxOGJhNzdjNGZjMzM3YzllNzdiOGYyMzE2MGZjN2Q3MDp7Il9zZXNzaW9uX2V4cGlyeSI6MCwiX2F1dGhfdXNlcl9pZCI6IjEiLCJfYXV0aF91c2VyX2JhY2tlbmQiOiJkamFuZ28uY29udHJpYi5hdXRoLmJhY2tlbmRzLk1vZGVsQmFja2VuZCIsIl9hdXRoX3VzZXJfaGFzaCI6ImEwNWE5NGMyNGE4ZDhlMTJjZWE1ZDUxYjc0MTg0YTYyNjA5Yzc3ZWMifQ==", "expire_date": "2017-11-19T18:31:05.894Z"}}, {"model": "sessions.session", "pk": "78979fqxpzrtk2uy1c4k6nm0sb2ykx2y", "fields": {"session_data": "NWRjMTliOTYxOTU5MWVlYTczZDQ2ODA4YzBhMzY3ZjUyN2I1YzQyNzp7Il9hdXRoX3VzZXJfaWQiOiIxIiwiX2F1dGhfdXNlcl9oYXNoIjoiYTA1YTk0YzI0YThkOGUxMmNlYTVkNTFiNzQxODRhNjI2MDljNzdlYyIsIl9hdXRoX3VzZXJfYmFja2VuZCI6ImRqYW5nby5jb250cmliLmF1dGguYmFja2VuZHMuTW9kZWxCYWNrZW5kIn0=", "expire_date": "2017-07-03T18:59:22.995Z"}}, {"model": "sessions.session", "pk": "7i8zs1fq4vy3kglypi6phweux2rwbej7", "fields": {"session_data": "NWViODJhNzI0YTdmMWRjYTRhYjY2Njk5MTY1ZWJhY2M2MThkYmIzZDp7Il9hdXRoX3VzZXJfYmFja2VuZCI6ImRqYW5nby5jb250cmliLmF1dGguYmFja2VuZHMuTW9kZWxCYWNrZW5kIiwiX2F1dGhfdXNlcl9pZCI6IjIiLCJfYXV0aF91c2VyX2hhc2giOiIxNmMxZDk1MGI4ZTk3MWM5ODQzOGFjMzY2OTY4YjgyYTMzMGUwMjRkIn0=", "expire_date": "2017-06-21T18:22:03.632Z"}}, {"model": "sessions.session", "pk": "7mt3nii8a5gqqu96rf14gso7rmcp4rmx", "fields": {"session_data": "NDY2NjBiZmU0OTA4YzM2NGExYmI1OTk0YzFjOWYyYWY0NTdkMzk1OTp7Il9zZXNzaW9uX2V4cGlyeSI6MCwiX2F1dGhfdXNlcl9pZCI6IjIiLCJfYXV0aF91c2VyX2hhc2giOiIxNmMxZDk1MGI4ZTk3MWM5ODQzOGFjMzY2OTY4YjgyYTMzMGUwMjRkIiwiX2F1dGhfdXNlcl9iYWNrZW5kIjoiZGphbmdvLmNvbnRyaWIuYXV0aC5iYWNrZW5kcy5Nb2RlbEJhY2tlbmQifQ==", "expire_date": "2017-06-23T01:40:15.999Z"}}, {"model": "sessions.session", "pk": "862oo1vvtd000xnfr98d10x7d929x9md", "fields": {"session_data": "ZGIyNGM1YTMxOGJhNzdjNGZjMzM3YzllNzdiOGYyMzE2MGZjN2Q3MDp7Il9zZXNzaW9uX2V4cGlyeSI6MCwiX2F1dGhfdXNlcl9pZCI6IjEiLCJfYXV0aF91c2VyX2JhY2tlbmQiOiJkamFuZ28uY29udHJpYi5hdXRoLmJhY2tlbmRzLk1vZGVsQmFja2VuZCIsIl9hdXRoX3VzZXJfaGFzaCI6ImEwNWE5NGMyNGE4ZDhlMTJjZWE1ZDUxYjc0MTg0YTYyNjA5Yzc3ZWMifQ==", "expire_date": "2017-06-19T17:37:23.766Z"}}, {"model": "sessions.session", "pk": "884irbnztqoz0bnvalcfi0oe8rowzsm5", "fields": {"session_data": "ZGIyNGM1YTMxOGJhNzdjNGZjMzM3YzllNzdiOGYyMzE2MGZjN2Q3MDp7Il9zZXNzaW9uX2V4cGlyeSI6MCwiX2F1dGhfdXNlcl9pZCI6IjEiLCJfYXV0aF91c2VyX2JhY2tlbmQiOiJkamFuZ28uY29udHJpYi5hdXRoLmJhY2tlbmRzLk1vZGVsQmFja2VuZCIsIl9hdXRoX3VzZXJfaGFzaCI6ImEwNWE5NGMyNGE4ZDhlMTJjZWE1ZDUxYjc0MTg0YTYyNjA5Yzc3ZWMifQ==", "expire_date": "2017-07-06T15:48:18.884Z"}}, {"model": "sessions.session", "pk": "897hkniqh23c5fv9r7b17a5ojzrzt7ua", "fields": {"session_data": "ZGIyNGM1YTMxOGJhNzdjNGZjMzM3YzllNzdiOGYyMzE2MGZjN2Q3MDp7Il9zZXNzaW9uX2V4cGlyeSI6MCwiX2F1dGhfdXNlcl9pZCI6IjEiLCJfYXV0aF91c2VyX2JhY2tlbmQiOiJkamFuZ28uY29udHJpYi5hdXRoLmJhY2tlbmRzLk1vZGVsQmFja2VuZCIsIl9hdXRoX3VzZXJfaGFzaCI6ImEwNWE5NGMyNGE4ZDhlMTJjZWE1ZDUxYjc0MTg0YTYyNjA5Yzc3ZWMifQ==", "expire_date": "2017-11-17T15:33:38.041Z"}}, {"model": "sessions.session", "pk": "89vpw7dazbnm5pwzq916csj684vc7e97", "fields": {"session_data": "NGEyZDVmNzk0YjhjMTBhZTBiNzkzZWY4NzNlOWUxYWRmZTI0NjFlNjp7InRlc3Rjb29raWUiOiJ3b3JrZWQifQ==", "expire_date": "2017-11-27T19:36:21.586Z"}}, {"model": "sessions.session", "pk": "8anv0zglalmq8ne3534pfu16tm0bkngb", "fields": {"session_data": "ZjI2ODkxZTgxYzlmNjdkMjk2NDQ0YTA1MDhkYWNhYTIyZTE5YjU4YTp7Il9zZXNzaW9uX2V4cGlyeSI6MCwiX2F1dGhfdXNlcl9pZCI6IjIiLCJfYXV0aF91c2VyX2JhY2tlbmQiOiJkamFuZ28uY29udHJpYi5hdXRoLmJhY2tlbmRzLk1vZGVsQmFja2VuZCIsIl9hdXRoX3VzZXJfaGFzaCI6IjE2YzFkOTUwYjhlOTcxYzk4NDM4YWMzNjY5NjhiODJhMzMwZTAyNGQifQ==", "expire_date": "2017-08-25T16:19:36.240Z"}}, {"model": "sessions.session", "pk": "8mitq9cpaa38veowfbriu2w2a69bnrch", "fields": {"session_data": "ZGIyNGM1YTMxOGJhNzdjNGZjMzM3YzllNzdiOGYyMzE2MGZjN2Q3MDp7Il9zZXNzaW9uX2V4cGlyeSI6MCwiX2F1dGhfdXNlcl9pZCI6IjEiLCJfYXV0aF91c2VyX2JhY2tlbmQiOiJkamFuZ28uY29udHJpYi5hdXRoLmJhY2tlbmRzLk1vZGVsQmFja2VuZCIsIl9hdXRoX3VzZXJfaGFzaCI6ImEwNWE5NGMyNGE4ZDhlMTJjZWE1ZDUxYjc0MTg0YTYyNjA5Yzc3ZWMifQ==", "expire_date": "2017-11-10T00:58:12.046Z"}}, {"model": "sessions.session", "pk": "8mqsamqneddv9cc46ikr9c5oacra5pp5", "fields": {"session_data": "ZmZiMDI0MTViOTVlMTMwMmJmNzhkOTBlMGNhNDBlNjk2MjJmMWEyNTp7Il9zZXNzaW9uX2V4cGlyeSI6MCwiX2F1dGhfdXNlcl9pZCI6IjEiLCJfYXV0aF91c2VyX2hhc2giOiJhMDVhOTRjMjRhOGQ4ZTEyY2VhNWQ1MWI3NDE4NGE2MjYwOWM3N2VjIiwiX2F1dGhfdXNlcl9iYWNrZW5kIjoiZGphbmdvLmNvbnRyaWIuYXV0aC5iYWNrZW5kcy5Nb2RlbEJhY2tlbmQifQ==", "expire_date": "2017-11-20T00:38:54.734Z"}}, {"model": "sessions.session", "pk": "8nlu1he1l207pjem1gpy7gb8a2h286wk", "fields": {"session_data": "NGEyZDVmNzk0YjhjMTBhZTBiNzkzZWY4NzNlOWUxYWRmZTI0NjFlNjp7InRlc3Rjb29raWUiOiJ3b3JrZWQifQ==", "expire_date": "2017-06-25T19:51:11.817Z"}}, {"model": "sessions.session", "pk": "8tb7kpbeum9n3zboadqmtdiahc6jdv7h", "fields": {"session_data": "NGEyZDVmNzk0YjhjMTBhZTBiNzkzZWY4NzNlOWUxYWRmZTI0NjFlNjp7InRlc3Rjb29raWUiOiJ3b3JrZWQifQ==", "expire_date": "2017-11-27T19:35:57.230Z"}}, {"model": "sessions.session", "pk": "9dpj7msmoqinll3uusogf6agvx3wnqe0", "fields": {"session_data": "NTA5NDZlYWRiMWRhMDA1MjcxZDI1YjRkOGJkNmVmZTBkMjg4MTk2NDp7Il9hdXRoX3VzZXJfaWQiOiIxIiwiX2F1dGhfdXNlcl9oYXNoIjoiYTA1YTk0YzI0YThkOGUxMmNlYTVkNTFiNzQxODRhNjI2MDljNzdlYyIsIl9hdXRoX3VzZXJfYmFja2VuZCI6ImRqYW5nby5jb250cmliLmF1dGguYmFja2VuZHMuTW9kZWxCYWNrZW5kIiwiX3Nlc3Npb25fZXhwaXJ5IjowfQ==", "expire_date": "2017-12-02T18:28:40.352Z"}}, {"model": "sessions.session", "pk": "9focq5wn8fk6zt2mffbjv793rzuibhii", "fields": {"session_data": "YmJjYzJlYmRiYWVkMGNmY2VkYTVlOGU0OWU5NWYxZDBlNjg5YWQwOTp7Il9hdXRoX3VzZXJfaWQiOiIxIiwiX2F1dGhfdXNlcl9iYWNrZW5kIjoiZGphbmdvLmNvbnRyaWIuYXV0aC5iYWNrZW5kcy5Nb2RlbEJhY2tlbmQiLCJfc2Vzc2lvbl9leHBpcnkiOjAsIl9hdXRoX3VzZXJfaGFzaCI6ImEwNWE5NGMyNGE4ZDhlMTJjZWE1ZDUxYjc0MTg0YTYyNjA5Yzc3ZWMifQ==", "expire_date": "2017-06-22T22:29:41.806Z"}}, {"model": "sessions.session", "pk": "9qpp8j4ksk9rrideicl54eq2jn66z97c", "fields": {"session_data": "ZGIyNGM1YTMxOGJhNzdjNGZjMzM3YzllNzdiOGYyMzE2MGZjN2Q3MDp7Il9zZXNzaW9uX2V4cGlyeSI6MCwiX2F1dGhfdXNlcl9pZCI6IjEiLCJfYXV0aF91c2VyX2JhY2tlbmQiOiJkamFuZ28uY29udHJpYi5hdXRoLmJhY2tlbmRzLk1vZGVsQmFja2VuZCIsIl9hdXRoX3VzZXJfaGFzaCI6ImEwNWE5NGMyNGE4ZDhlMTJjZWE1ZDUxYjc0MTg0YTYyNjA5Yzc3ZWMifQ==", "expire_date": "2017-10-30T22:48:50.228Z"}}, {"model": "sessions.session", "pk": "9sz1hu0d3wcqfxyes8wlca85ikjapqfi", "fields": {"session_data": "ZGIyNGM1YTMxOGJhNzdjNGZjMzM3YzllNzdiOGYyMzE2MGZjN2Q3MDp7Il9zZXNzaW9uX2V4cGlyeSI6MCwiX2F1dGhfdXNlcl9pZCI6IjEiLCJfYXV0aF91c2VyX2JhY2tlbmQiOiJkamFuZ28uY29udHJpYi5hdXRoLmJhY2tlbmRzLk1vZGVsQmFja2VuZCIsIl9hdXRoX3VzZXJfaGFzaCI6ImEwNWE5NGMyNGE4ZDhlMTJjZWE1ZDUxYjc0MTg0YTYyNjA5Yzc3ZWMifQ==", "expire_date": "2017-11-19T21:36:32.240Z"}}, {"model": "sessions.session", "pk": "aayaoqg9n81088q1gtv7g60wr2n2u525", "fields": {"session_data": "ZjI2ODkxZTgxYzlmNjdkMjk2NDQ0YTA1MDhkYWNhYTIyZTE5YjU4YTp7Il9zZXNzaW9uX2V4cGlyeSI6MCwiX2F1dGhfdXNlcl9pZCI6IjIiLCJfYXV0aF91c2VyX2JhY2tlbmQiOiJkamFuZ28uY29udHJpYi5hdXRoLmJhY2tlbmRzLk1vZGVsQmFja2VuZCIsIl9hdXRoX3VzZXJfaGFzaCI6IjE2YzFkOTUwYjhlOTcxYzk4NDM4YWMzNjY5NjhiODJhMzMwZTAyNGQifQ==", "expire_date": "2017-11-13T11:40:19.887Z"}}, {"model": "sessions.session", "pk": "af5y594d9jbx8rkn9fai6t5uw12zlui8", "fields": {"session_data": "NWRjMTliOTYxOTU5MWVlYTczZDQ2ODA4YzBhMzY3ZjUyN2I1YzQyNzp7Il9hdXRoX3VzZXJfaWQiOiIxIiwiX2F1dGhfdXNlcl9oYXNoIjoiYTA1YTk0YzI0YThkOGUxMmNlYTVkNTFiNzQxODRhNjI2MDljNzdlYyIsIl9hdXRoX3VzZXJfYmFja2VuZCI6ImRqYW5nby5jb250cmliLmF1dGguYmFja2VuZHMuTW9kZWxCYWNrZW5kIn0=", "expire_date": "2017-12-01T20:59:18.486Z"}}, {"model": "sessions.session", "pk": "ak4zxklbyffvxfs9prp7yegi6w1r59ej", "fields": {"session_data": "NTA5NDZlYWRiMWRhMDA1MjcxZDI1YjRkOGJkNmVmZTBkMjg4MTk2NDp7Il9hdXRoX3VzZXJfaWQiOiIxIiwiX2F1dGhfdXNlcl9oYXNoIjoiYTA1YTk0YzI0YThkOGUxMmNlYTVkNTFiNzQxODRhNjI2MDljNzdlYyIsIl9hdXRoX3VzZXJfYmFja2VuZCI6ImRqYW5nby5jb250cmliLmF1dGguYmFja2VuZHMuTW9kZWxCYWNrZW5kIiwiX3Nlc3Npb25fZXhwaXJ5IjowfQ==", "expire_date": "2017-12-02T11:40:48.638Z"}}, {"model": "sessions.session", "pk": "alzanch0sk5zvh8bbga9cunwfr0wpvwh", "fields": {"session_data": "MjgwYmMyOTM1OGRkMjlhZGVkNGJkNzdiNGQ5YzU4NmQ3OTk1ZTVmMjp7Il9hdXRoX3VzZXJfYmFja2VuZCI6ImRqYW5nby5jb250cmliLmF1dGguYmFja2VuZHMuTW9kZWxCYWNrZW5kIiwiX2F1dGhfdXNlcl9oYXNoIjoiYTA1YTk0YzI0YThkOGUxMmNlYTVkNTFiNzQxODRhNjI2MDljNzdlYyIsIl9zZXNzaW9uX2V4cGlyeSI6MCwiX2F1dGhfdXNlcl9pZCI6IjEifQ==", "expire_date": "2017-11-21T03:59:36.291Z"}}, {"model": "sessions.session", "pk": "av3fynu1a9m3wzseh2w0r6f34omkem2g", "fields": {"session_data": "NGEyZDVmNzk0YjhjMTBhZTBiNzkzZWY4NzNlOWUxYWRmZTI0NjFlNjp7InRlc3Rjb29raWUiOiJ3b3JrZWQifQ==", "expire_date": "2017-06-25T19:57:36.002Z"}}, {"model": "sessions.session", "pk": "bdyhtmz915ecgznpvtfnpezm1fd73z9l", "fields": {"session_data": "ZGIyNGM1YTMxOGJhNzdjNGZjMzM3YzllNzdiOGYyMzE2MGZjN2Q3MDp7Il9zZXNzaW9uX2V4cGlyeSI6MCwiX2F1dGhfdXNlcl9pZCI6IjEiLCJfYXV0aF91c2VyX2JhY2tlbmQiOiJkamFuZ28uY29udHJpYi5hdXRoLmJhY2tlbmRzLk1vZGVsQmFja2VuZCIsIl9hdXRoX3VzZXJfaGFzaCI6ImEwNWE5NGMyNGE4ZDhlMTJjZWE1ZDUxYjc0MTg0YTYyNjA5Yzc3ZWMifQ==", "expire_date": "2017-11-27T19:35:50.852Z"}}, {"model": "sessions.session", "pk": "bl16326nivpei136v4jww5glkx5b1ltu", "fields": {"session_data": "NGEyZDVmNzk0YjhjMTBhZTBiNzkzZWY4NzNlOWUxYWRmZTI0NjFlNjp7InRlc3Rjb29raWUiOiJ3b3JrZWQifQ==", "expire_date": "2017-07-20T20:32:21.496Z"}}, {"model": "sessions.session", "pk": "bregiyfp4won1ih581sokbadarjh8hcv", "fields": {"session_data": "ZjI2ODkxZTgxYzlmNjdkMjk2NDQ0YTA1MDhkYWNhYTIyZTE5YjU4YTp7Il9zZXNzaW9uX2V4cGlyeSI6MCwiX2F1dGhfdXNlcl9pZCI6IjIiLCJfYXV0aF91c2VyX2JhY2tlbmQiOiJkamFuZ28uY29udHJpYi5hdXRoLmJhY2tlbmRzLk1vZGVsQmFja2VuZCIsIl9hdXRoX3VzZXJfaGFzaCI6IjE2YzFkOTUwYjhlOTcxYzk4NDM4YWMzNjY5NjhiODJhMzMwZTAyNGQifQ==", "expire_date": "2017-06-26T07:38:18.889Z"}}, {"model": "sessions.session", "pk": "byny2sh0f1ccb9r3qx7mcdlnvwmvb6ma", "fields": {"session_data": "NGEyZDVmNzk0YjhjMTBhZTBiNzkzZWY4NzNlOWUxYWRmZTI0NjFlNjp7InRlc3Rjb29raWUiOiJ3b3JrZWQifQ==", "expire_date": "2017-07-20T20:32:21.355Z"}}, {"model": "sessions.session", "pk": "crxp4472rtbv06gg2xtzxc3xkuspmyv3", "fields": {"session_data": "ZGIyNGM1YTMxOGJhNzdjNGZjMzM3YzllNzdiOGYyMzE2MGZjN2Q3MDp7Il9zZXNzaW9uX2V4cGlyeSI6MCwiX2F1dGhfdXNlcl9pZCI6IjEiLCJfYXV0aF91c2VyX2JhY2tlbmQiOiJkamFuZ28uY29udHJpYi5hdXRoLmJhY2tlbmRzLk1vZGVsQmFja2VuZCIsIl9hdXRoX3VzZXJfaGFzaCI6ImEwNWE5NGMyNGE4ZDhlMTJjZWE1ZDUxYjc0MTg0YTYyNjA5Yzc3ZWMifQ==", "expire_date": "2017-07-10T17:41:44.585Z"}}, {"model": "sessions.session", "pk": "cyicl4uf11mdz6c2gppmqn42cf7gvz2q", "fields": {"session_data": "ZGIyNGM1YTMxOGJhNzdjNGZjMzM3YzllNzdiOGYyMzE2MGZjN2Q3MDp7Il9zZXNzaW9uX2V4cGlyeSI6MCwiX2F1dGhfdXNlcl9pZCI6IjEiLCJfYXV0aF91c2VyX2JhY2tlbmQiOiJkamFuZ28uY29udHJpYi5hdXRoLmJhY2tlbmRzLk1vZGVsQmFja2VuZCIsIl9hdXRoX3VzZXJfaGFzaCI6ImEwNWE5NGMyNGE4ZDhlMTJjZWE1ZDUxYjc0MTg0YTYyNjA5Yzc3ZWMifQ==", "expire_date": "2017-06-28T01:23:34.996Z"}}, {"model": "sessions.session", "pk": "d21s0hw3sb5xavjlinciaxu1blp4ehhd", "fields": {"session_data": "NGEyZDVmNzk0YjhjMTBhZTBiNzkzZWY4NzNlOWUxYWRmZTI0NjFlNjp7InRlc3Rjb29raWUiOiJ3b3JrZWQifQ==", "expire_date": "2017-06-25T19:54:21.345Z"}}, {"model": "sessions.session", "pk": "dhupj4od6bf2tbokp6yko6hysgpexgry", "fields": {"session_data": "ZjI2ODkxZTgxYzlmNjdkMjk2NDQ0YTA1MDhkYWNhYTIyZTE5YjU4YTp7Il9zZXNzaW9uX2V4cGlyeSI6MCwiX2F1dGhfdXNlcl9pZCI6IjIiLCJfYXV0aF91c2VyX2JhY2tlbmQiOiJkamFuZ28uY29udHJpYi5hdXRoLmJhY2tlbmRzLk1vZGVsQmFja2VuZCIsIl9hdXRoX3VzZXJfaGFzaCI6IjE2YzFkOTUwYjhlOTcxYzk4NDM4YWMzNjY5NjhiODJhMzMwZTAyNGQifQ==", "expire_date": "2017-11-17T15:31:02.787Z"}}, {"model": "sessions.session", "pk": "diar5tzeplxl64mj945m5kvkf48jfzow", "fields": {"session_data": "ZGIyNGM1YTMxOGJhNzdjNGZjMzM3YzllNzdiOGYyMzE2MGZjN2Q3MDp7Il9zZXNzaW9uX2V4cGlyeSI6MCwiX2F1dGhfdXNlcl9pZCI6IjEiLCJfYXV0aF91c2VyX2JhY2tlbmQiOiJkamFuZ28uY29udHJpYi5hdXRoLmJhY2tlbmRzLk1vZGVsQmFja2VuZCIsIl9hdXRoX3VzZXJfaGFzaCI6ImEwNWE5NGMyNGE4ZDhlMTJjZWE1ZDUxYjc0MTg0YTYyNjA5Yzc3ZWMifQ==", "expire_date": "2017-11-28T10:24:05.963Z"}}, {"model": "sessions.session", "pk": "dlu2v26kt10icrgk8quhzvnq1yzonl2s", "fields": {"session_data": "ZGIyNGM1YTMxOGJhNzdjNGZjMzM3YzllNzdiOGYyMzE2MGZjN2Q3MDp7Il9zZXNzaW9uX2V4cGlyeSI6MCwiX2F1dGhfdXNlcl9pZCI6IjEiLCJfYXV0aF91c2VyX2JhY2tlbmQiOiJkamFuZ28uY29udHJpYi5hdXRoLmJhY2tlbmRzLk1vZGVsQmFja2VuZCIsIl9hdXRoX3VzZXJfaGFzaCI6ImEwNWE5NGMyNGE4ZDhlMTJjZWE1ZDUxYjc0MTg0YTYyNjA5Yzc3ZWMifQ==", "expire_date": "2017-11-25T23:51:44.780Z"}}, {"model": "sessions.session", "pk": "eajmn9yvcytfd8syseedupawxeygp1z0", "fields": {"session_data": "NGEyZDVmNzk0YjhjMTBhZTBiNzkzZWY4NzNlOWUxYWRmZTI0NjFlNjp7InRlc3Rjb29raWUiOiJ3b3JrZWQifQ==", "expire_date": "2017-06-25T19:54:05.474Z"}}, {"model": "sessions.session", "pk": "fwpwcyyul20qbm16vqlwvuqka54mt0jn", "fields": {"session_data": "YzFhZTJhZmQ5NTExYjdjM2Y3NWMwYzExNWJkMzBiOWRiYzRjMTIyMTp7Il9hdXRoX3VzZXJfYmFja2VuZCI6ImRqYW5nby5jb250cmliLmF1dGguYmFja2VuZHMuTW9kZWxCYWNrZW5kIiwiX2F1dGhfdXNlcl9oYXNoIjoiYTA1YTk0YzI0YThkOGUxMmNlYTVkNTFiNzQxODRhNjI2MDljNzdlYyIsIl9hdXRoX3VzZXJfaWQiOiIxIn0=", "expire_date": "2017-06-19T17:44:27.721Z"}}, {"model": "sessions.session", "pk": "gdrfezbje355s31wp2kvkc4l1s9oyg4f", "fields": {"session_data": "NGEyZDVmNzk0YjhjMTBhZTBiNzkzZWY4NzNlOWUxYWRmZTI0NjFlNjp7InRlc3Rjb29raWUiOiJ3b3JrZWQifQ==", "expire_date": "2017-07-20T20:32:21.986Z"}}, {"model": "sessions.session", "pk": "gfe4cytgpj63ba56dtgf1y1wzr8t4nyc", "fields": {"session_data": "OTI2YWMyOGVkODc0NmQ5MGEyNmFhOTY4M2Y5NzRmNDM5N2E3YTgyNzp7Il9hdXRoX3VzZXJfYmFja2VuZCI6ImRqYW5nby5jb250cmliLmF1dGguYmFja2VuZHMuTW9kZWxCYWNrZW5kIiwiX2F1dGhfdXNlcl9pZCI6IjEiLCJfc2Vzc2lvbl9leHBpcnkiOjAsIl9hdXRoX3VzZXJfaGFzaCI6ImEwNWE5NGMyNGE4ZDhlMTJjZWE1ZDUxYjc0MTg0YTYyNjA5Yzc3ZWMifQ==", "expire_date": "2017-06-19T17:33:37.508Z"}}, {"model": "sessions.session", "pk": "gh1gbiif90mfikfes0ycoevprxeyucxa", "fields": {"session_data": "NGEyZDVmNzk0YjhjMTBhZTBiNzkzZWY4NzNlOWUxYWRmZTI0NjFlNjp7InRlc3Rjb29raWUiOiJ3b3JrZWQifQ==", "expire_date": "2017-06-25T19:57:35.419Z"}}, {"model": "sessions.session", "pk": "gin16l4jrycq54hssvgyi6wn2mgytlpb", "fields": {"session_data": "ZjI2ODkxZTgxYzlmNjdkMjk2NDQ0YTA1MDhkYWNhYTIyZTE5YjU4YTp7Il9zZXNzaW9uX2V4cGlyeSI6MCwiX2F1dGhfdXNlcl9pZCI6IjIiLCJfYXV0aF91c2VyX2JhY2tlbmQiOiJkamFuZ28uY29udHJpYi5hdXRoLmJhY2tlbmRzLk1vZGVsQmFja2VuZCIsIl9hdXRoX3VzZXJfaGFzaCI6IjE2YzFkOTUwYjhlOTcxYzk4NDM4YWMzNjY5NjhiODJhMzMwZTAyNGQifQ==", "expire_date": "2017-06-23T03:26:41.438Z"}}, {"model": "sessions.session", "pk": "gvsujaq2m44gz0cp4scbppzlnui8qney", "fields": {"session_data": "YzgwNTIwYTk2ZDk4YzZmODJmNGI4ODUwNzViNDI0YzE1OTA0MGQ4YTp7Il9hdXRoX3VzZXJfYmFja2VuZCI6ImRqYW5nby5jb250cmliLmF1dGguYmFja2VuZHMuTW9kZWxCYWNrZW5kIiwiX2F1dGhfdXNlcl9oYXNoIjoiYTA1YTk0YzI0YThkOGUxMmNlYTVkNTFiNzQxODRhNjI2MDljNzdlYyIsIl9hdXRoX3VzZXJfaWQiOiIxIiwiX3Nlc3Npb25fZXhwaXJ5IjowfQ==", "expire_date": "2017-07-03T20:14:10.325Z"}}, {"model": "sessions.session", "pk": "h4t49veymddqojp07zf9ej39a1fas1xn", "fields": {"session_data": "NGEyZDVmNzk0YjhjMTBhZTBiNzkzZWY4NzNlOWUxYWRmZTI0NjFlNjp7InRlc3Rjb29raWUiOiJ3b3JrZWQifQ==", "expire_date": "2017-11-27T19:37:07.704Z"}}, {"model": "sessions.session", "pk": "h5cmdufwdrtlfl9ysoll1d5q6l7lx410", "fields": {"session_data": "NGEyZDVmNzk0YjhjMTBhZTBiNzkzZWY4NzNlOWUxYWRmZTI0NjFlNjp7InRlc3Rjb29raWUiOiJ3b3JrZWQifQ==", "expire_date": "2017-07-20T20:32:21.673Z"}}, {"model": "sessions.session", "pk": "hhi5cljqt7axmania07o4h2h0g7m3v9s", "fields": {"session_data": "NGEyZDVmNzk0YjhjMTBhZTBiNzkzZWY4NzNlOWUxYWRmZTI0NjFlNjp7InRlc3Rjb29raWUiOiJ3b3JrZWQifQ==", "expire_date": "2017-06-25T19:52:18.483Z"}}, {"model": "sessions.session", "pk": "hk39fpgiihp258m4clu0fgxmiirt250s", "fields": {"session_data": "ZGIyNGM1YTMxOGJhNzdjNGZjMzM3YzllNzdiOGYyMzE2MGZjN2Q3MDp7Il9zZXNzaW9uX2V4cGlyeSI6MCwiX2F1dGhfdXNlcl9pZCI6IjEiLCJfYXV0aF91c2VyX2JhY2tlbmQiOiJkamFuZ28uY29udHJpYi5hdXRoLmJhY2tlbmRzLk1vZGVsQmFja2VuZCIsIl9hdXRoX3VzZXJfaGFzaCI6ImEwNWE5NGMyNGE4ZDhlMTJjZWE1ZDUxYjc0MTg0YTYyNjA5Yzc3ZWMifQ==", "expire_date": "2017-06-25T17:34:05.358Z"}}, {"model": "sessions.session", "pk": "in731bf86g767j4jycf494hlpthia0ci", "fields": {"session_data": "YWEzYjI4NTEzYzJiNTQ4NjQwMjdlNzY4MWJkZWY0YjA4MTBiMjM1YTp7Il9hdXRoX3VzZXJfaWQiOiIxIiwiX2F1dGhfdXNlcl9oYXNoIjoiYTA1YTk0YzI0YThkOGUxMmNlYTVkNTFiNzQxODRhNjI2MDljNzdlYyIsIl9zZXNzaW9uX2V4cGlyeSI6MCwiX2F1dGhfdXNlcl9iYWNrZW5kIjoiZGphbmdvLmNvbnRyaWIuYXV0aC5iYWNrZW5kcy5Nb2RlbEJhY2tlbmQifQ==", "expire_date": "2017-11-28T00:31:02.277Z"}}, {"model": "sessions.session", "pk": "itl8g0as81eiehcvzde1j4rjf1f1sb52", "fields": {"session_data": "ZGIyNGM1YTMxOGJhNzdjNGZjMzM3YzllNzdiOGYyMzE2MGZjN2Q3MDp7Il9zZXNzaW9uX2V4cGlyeSI6MCwiX2F1dGhfdXNlcl9pZCI6IjEiLCJfYXV0aF91c2VyX2JhY2tlbmQiOiJkamFuZ28uY29udHJpYi5hdXRoLmJhY2tlbmRzLk1vZGVsQmFja2VuZCIsIl9hdXRoX3VzZXJfaGFzaCI6ImEwNWE5NGMyNGE4ZDhlMTJjZWE1ZDUxYjc0MTg0YTYyNjA5Yzc3ZWMifQ==", "expire_date": "2017-06-23T01:59:46.852Z"}}, {"model": "sessions.session", "pk": "jb1ph7mk587dypkx1ywevwmrqwr5e2tq", "fields": {"session_data": "ZGIyNGM1YTMxOGJhNzdjNGZjMzM3YzllNzdiOGYyMzE2MGZjN2Q3MDp7Il9zZXNzaW9uX2V4cGlyeSI6MCwiX2F1dGhfdXNlcl9pZCI6IjEiLCJfYXV0aF91c2VyX2JhY2tlbmQiOiJkamFuZ28uY29udHJpYi5hdXRoLmJhY2tlbmRzLk1vZGVsQmFja2VuZCIsIl9hdXRoX3VzZXJfaGFzaCI6ImEwNWE5NGMyNGE4ZDhlMTJjZWE1ZDUxYjc0MTg0YTYyNjA5Yzc3ZWMifQ==", "expire_date": "2017-06-23T04:04:06.566Z"}}, {"model": "sessions.session", "pk": "jcrs81z8crcl74lnow0e1jqzz0zvghr2", "fields": {"session_data": "ZGIyNGM1YTMxOGJhNzdjNGZjMzM3YzllNzdiOGYyMzE2MGZjN2Q3MDp7Il9zZXNzaW9uX2V4cGlyeSI6MCwiX2F1dGhfdXNlcl9pZCI6IjEiLCJfYXV0aF91c2VyX2JhY2tlbmQiOiJkamFuZ28uY29udHJpYi5hdXRoLmJhY2tlbmRzLk1vZGVsQmFja2VuZCIsIl9hdXRoX3VzZXJfaGFzaCI6ImEwNWE5NGMyNGE4ZDhlMTJjZWE1ZDUxYjc0MTg0YTYyNjA5Yzc3ZWMifQ==", "expire_date": "2017-12-08T00:31:15.580Z"}}, {"model": "sessions.session", "pk": "k4p0xbrjlp7vave3at4avasl3mvyo65x", "fields": {"session_data": "ZGIyNGM1YTMxOGJhNzdjNGZjMzM3YzllNzdiOGYyMzE2MGZjN2Q3MDp7Il9zZXNzaW9uX2V4cGlyeSI6MCwiX2F1dGhfdXNlcl9pZCI6IjEiLCJfYXV0aF91c2VyX2JhY2tlbmQiOiJkamFuZ28uY29udHJpYi5hdXRoLmJhY2tlbmRzLk1vZGVsQmFja2VuZCIsIl9hdXRoX3VzZXJfaGFzaCI6ImEwNWE5NGMyNGE4ZDhlMTJjZWE1ZDUxYjc0MTg0YTYyNjA5Yzc3ZWMifQ==", "expire_date": "2017-07-26T19:41:01.310Z"}}, {"model": "sessions.session", "pk": "lgxvabjd59vhej09l0wrrbtw2py3d276", "fields": {"session_data": "ZmZiMDI0MTViOTVlMTMwMmJmNzhkOTBlMGNhNDBlNjk2MjJmMWEyNTp7Il9zZXNzaW9uX2V4cGlyeSI6MCwiX2F1dGhfdXNlcl9pZCI6IjEiLCJfYXV0aF91c2VyX2hhc2giOiJhMDVhOTRjMjRhOGQ4ZTEyY2VhNWQ1MWI3NDE4NGE2MjYwOWM3N2VjIiwiX2F1dGhfdXNlcl9iYWNrZW5kIjoiZGphbmdvLmNvbnRyaWIuYXV0aC5iYWNrZW5kcy5Nb2RlbEJhY2tlbmQifQ==", "expire_date": "2017-12-10T20:27:42.589Z"}}, {"model": "sessions.session", "pk": "llumswc0hahg6eyihvj0maz0y1eavoci", "fields": {"session_data": "ZGIyNGM1YTMxOGJhNzdjNGZjMzM3YzllNzdiOGYyMzE2MGZjN2Q3MDp7Il9zZXNzaW9uX2V4cGlyeSI6MCwiX2F1dGhfdXNlcl9pZCI6IjEiLCJfYXV0aF91c2VyX2JhY2tlbmQiOiJkamFuZ28uY29udHJpYi5hdXRoLmJhY2tlbmRzLk1vZGVsQmFja2VuZCIsIl9hdXRoX3VzZXJfaGFzaCI6ImEwNWE5NGMyNGE4ZDhlMTJjZWE1ZDUxYjc0MTg0YTYyNjA5Yzc3ZWMifQ==", "expire_date": "2017-11-10T02:21:13.476Z"}}, {"model": "sessions.session", "pk": "ltd9qcs6j0egtn9xvibn6ddxycj2ohct", "fields": {"session_data": "ZjNkYjJkMmY5NmE0Y2RhOTI1MTljNDZlN2NiZDJhNmU2MDYwZGE4Njp7Il9zZXNzaW9uX2V4cGlyeSI6MCwiX2F1dGhfdXNlcl9iYWNrZW5kIjoiZGphbmdvLmNvbnRyaWIuYXV0aC5iYWNrZW5kcy5Nb2RlbEJhY2tlbmQiLCJfYXV0aF91c2VyX2lkIjoiMSIsIl9hdXRoX3VzZXJfaGFzaCI6ImEwNWE5NGMyNGE4ZDhlMTJjZWE1ZDUxYjc0MTg0YTYyNjA5Yzc3ZWMifQ==", "expire_date": "2017-12-01T10:28:30.781Z"}}, {"model": "sessions.session", "pk": "mlvili0pfrdvyg5vzjxy7nwcc3ebm7kv", "fields": {"session_data": "ZGIyNGM1YTMxOGJhNzdjNGZjMzM3YzllNzdiOGYyMzE2MGZjN2Q3MDp7Il9zZXNzaW9uX2V4cGlyeSI6MCwiX2F1dGhfdXNlcl9pZCI6IjEiLCJfYXV0aF91c2VyX2JhY2tlbmQiOiJkamFuZ28uY29udHJpYi5hdXRoLmJhY2tlbmRzLk1vZGVsQmFja2VuZCIsIl9hdXRoX3VzZXJfaGFzaCI6ImEwNWE5NGMyNGE4ZDhlMTJjZWE1ZDUxYjc0MTg0YTYyNjA5Yzc3ZWMifQ==", "expire_date": "2017-11-17T14:44:27.423Z"}}, {"model": "sessions.session", "pk": "n8jdfawgp5qx2fms66w7j39l04i3yqc0", "fields": {"session_data": "NGEyZDVmNzk0YjhjMTBhZTBiNzkzZWY4NzNlOWUxYWRmZTI0NjFlNjp7InRlc3Rjb29raWUiOiJ3b3JrZWQifQ==", "expire_date": "2017-11-27T19:35:52.125Z"}}, {"model": "sessions.session", "pk": "nae5b1grqwtk0a77h33r67empwo77pft", "fields": {"session_data": "NGEyZDVmNzk0YjhjMTBhZTBiNzkzZWY4NzNlOWUxYWRmZTI0NjFlNjp7InRlc3Rjb29raWUiOiJ3b3JrZWQifQ==", "expire_date": "2017-11-27T19:37:01.508Z"}}, {"model": "sessions.session", "pk": "o4gl60747y1bbtccg9eekwngvlyld04c", "fields": {"session_data": "ZGIyNGM1YTMxOGJhNzdjNGZjMzM3YzllNzdiOGYyMzE2MGZjN2Q3MDp7Il9zZXNzaW9uX2V4cGlyeSI6MCwiX2F1dGhfdXNlcl9pZCI6IjEiLCJfYXV0aF91c2VyX2JhY2tlbmQiOiJkamFuZ28uY29udHJpYi5hdXRoLmJhY2tlbmRzLk1vZGVsQmFja2VuZCIsIl9hdXRoX3VzZXJfaGFzaCI6ImEwNWE5NGMyNGE4ZDhlMTJjZWE1ZDUxYjc0MTg0YTYyNjA5Yzc3ZWMifQ==", "expire_date": "2017-06-20T14:54:09.134Z"}}, {"model": "sessions.session", "pk": "o4ohyod6cffmm6o88ibsa7ysqbjtfxkv", "fields": {"session_data": "NGEyZDVmNzk0YjhjMTBhZTBiNzkzZWY4NzNlOWUxYWRmZTI0NjFlNjp7InRlc3Rjb29raWUiOiJ3b3JrZWQifQ==", "expire_date": "2017-11-27T19:37:05.020Z"}}, {"model": "sessions.session", "pk": "oe07pqqwhbl0ggv5xxv9unjgnao2gmxx", "fields": {"session_data": "OWEyNjhhZWVjMzE3MDVkOTgyMTYxYjIyOTRkMGY5NmU5N2E5YTZhYTp7Il9hdXRoX3VzZXJfYmFja2VuZCI6ImRqYW5nby5jb250cmliLmF1dGguYmFja2VuZHMuTW9kZWxCYWNrZW5kIiwiX2F1dGhfdXNlcl9oYXNoIjoiMTZjMWQ5NTBiOGU5NzFjOTg0MzhhYzM2Njk2OGI4MmEzMzBlMDI0ZCIsIl9hdXRoX3VzZXJfaWQiOiIyIn0=", "expire_date": "2017-06-21T17:58:49.307Z"}}, {"model": "sessions.session", "pk": "ofrhmhv4bjwrr0zm86bw1fcr6asj4jbx", "fields": {"session_data": "MWZhODRkNzE2ZTU1ZWFlY2E3OThlNDJiYzQwYmNmNjc2ODk5Yjg3Mzp7Il9zZXNzaW9uX2V4cGlyeSI6MCwiX2F1dGhfdXNlcl9oYXNoIjoiYTA1YTk0YzI0YThkOGUxMmNlYTVkNTFiNzQxODRhNjI2MDljNzdlYyIsIl9hdXRoX3VzZXJfYmFja2VuZCI6ImRqYW5nby5jb250cmliLmF1dGguYmFja2VuZHMuTW9kZWxCYWNrZW5kIiwiX2F1dGhfdXNlcl9pZCI6IjEifQ==", "expire_date": "2017-07-09T23:58:44.746Z"}}, {"model": "sessions.session", "pk": "omqyt2iu7xd2f1k5wd9kooind3ynq85n", "fields": {"session_data": "ZGIyNGM1YTMxOGJhNzdjNGZjMzM3YzllNzdiOGYyMzE2MGZjN2Q3MDp7Il9zZXNzaW9uX2V4cGlyeSI6MCwiX2F1dGhfdXNlcl9pZCI6IjEiLCJfYXV0aF91c2VyX2JhY2tlbmQiOiJkamFuZ28uY29udHJpYi5hdXRoLmJhY2tlbmRzLk1vZGVsQmFja2VuZCIsIl9hdXRoX3VzZXJfaGFzaCI6ImEwNWE5NGMyNGE4ZDhlMTJjZWE1ZDUxYjc0MTg0YTYyNjA5Yzc3ZWMifQ==", "expire_date": "2017-11-29T23:38:42.204Z"}}, {"model": "sessions.session", "pk": "opmiuhbgsbkjunq2gteqx5u3xd6q2cuv", "fields": {"session_data": "ZGIyNGM1YTMxOGJhNzdjNGZjMzM3YzllNzdiOGYyMzE2MGZjN2Q3MDp7Il9zZXNzaW9uX2V4cGlyeSI6MCwiX2F1dGhfdXNlcl9pZCI6IjEiLCJfYXV0aF91c2VyX2JhY2tlbmQiOiJkamFuZ28uY29udHJpYi5hdXRoLmJhY2tlbmRzLk1vZGVsQmFja2VuZCIsIl9hdXRoX3VzZXJfaGFzaCI6ImEwNWE5NGMyNGE4ZDhlMTJjZWE1ZDUxYjc0MTg0YTYyNjA5Yzc3ZWMifQ==", "expire_date": "2017-07-14T01:48:30.616Z"}}, {"model": "sessions.session", "pk": "p2puz37niasnkppdtwfwlxl912c6p03r", "fields": {"session_data": "NGEyZDVmNzk0YjhjMTBhZTBiNzkzZWY4NzNlOWUxYWRmZTI0NjFlNjp7InRlc3Rjb29raWUiOiJ3b3JrZWQifQ==", "expire_date": "2017-06-25T19:51:07.454Z"}}, {"model": "sessions.session", "pk": "plh1wu5v9v27sce245i77ompdl6zdh29", "fields": {"session_data": "NGEyZDVmNzk0YjhjMTBhZTBiNzkzZWY4NzNlOWUxYWRmZTI0NjFlNjp7InRlc3Rjb29raWUiOiJ3b3JrZWQifQ==", "expire_date": "2017-06-25T19:53:14.074Z"}}, {"model": "sessions.session", "pk": "qbi513d1hvad8y59c38z9gn525q07e14", "fields": {"session_data": "ZGIyNGM1YTMxOGJhNzdjNGZjMzM3YzllNzdiOGYyMzE2MGZjN2Q3MDp7Il9zZXNzaW9uX2V4cGlyeSI6MCwiX2F1dGhfdXNlcl9pZCI6IjEiLCJfYXV0aF91c2VyX2JhY2tlbmQiOiJkamFuZ28uY29udHJpYi5hdXRoLmJhY2tlbmRzLk1vZGVsQmFja2VuZCIsIl9hdXRoX3VzZXJfaGFzaCI6ImEwNWE5NGMyNGE4ZDhlMTJjZWE1ZDUxYjc0MTg0YTYyNjA5Yzc3ZWMifQ==", "expire_date": "2017-11-23T17:43:01.863Z"}}, {"model": "sessions.session", "pk": "qepzfzhlpkqly85lw8j8j4qsolibumjx", "fields": {"session_data": "NGEyZDVmNzk0YjhjMTBhZTBiNzkzZWY4NzNlOWUxYWRmZTI0NjFlNjp7InRlc3Rjb29raWUiOiJ3b3JrZWQifQ==", "expire_date": "2017-11-27T19:35:57.240Z"}}, {"model": "sessions.session", "pk": "qnopoyzt67kb5joti74q4aarr1c42i3h", "fields": {"session_data": "ZGIyNGM1YTMxOGJhNzdjNGZjMzM3YzllNzdiOGYyMzE2MGZjN2Q3MDp7Il9zZXNzaW9uX2V4cGlyeSI6MCwiX2F1dGhfdXNlcl9pZCI6IjEiLCJfYXV0aF91c2VyX2JhY2tlbmQiOiJkamFuZ28uY29udHJpYi5hdXRoLmJhY2tlbmRzLk1vZGVsQmFja2VuZCIsIl9hdXRoX3VzZXJfaGFzaCI6ImEwNWE5NGMyNGE4ZDhlMTJjZWE1ZDUxYjc0MTg0YTYyNjA5Yzc3ZWMifQ==", "expire_date": "2017-06-20T01:11:50.951Z"}}, {"model": "sessions.session", "pk": "qqujquk31123shn5k8o095g9s2bbmsg7", "fields": {"session_data": "ZjI2ODkxZTgxYzlmNjdkMjk2NDQ0YTA1MDhkYWNhYTIyZTE5YjU4YTp7Il9zZXNzaW9uX2V4cGlyeSI6MCwiX2F1dGhfdXNlcl9pZCI6IjIiLCJfYXV0aF91c2VyX2JhY2tlbmQiOiJkamFuZ28uY29udHJpYi5hdXRoLmJhY2tlbmRzLk1vZGVsQmFja2VuZCIsIl9hdXRoX3VzZXJfaGFzaCI6IjE2YzFkOTUwYjhlOTcxYzk4NDM4YWMzNjY5NjhiODJhMzMwZTAyNGQifQ==", "expire_date": "2017-06-23T02:38:25.798Z"}}, {"model": "sessions.session", "pk": "rddlgt34wn9ei5etboe5vcy2ai7fhn4r", "fields": {"session_data": "MzA4Njc5N2MzYjg2OGM0NTU1MWVjMTgyYTMzYjgwNmM2MzU5NTdlZjp7Il9hdXRoX3VzZXJfYmFja2VuZCI6ImRqYW5nby5jb250cmliLmF1dGguYmFja2VuZHMuTW9kZWxCYWNrZW5kIiwiX2F1dGhfdXNlcl9pZCI6IjEiLCJfYXV0aF91c2VyX2hhc2giOiJhMDVhOTRjMjRhOGQ4ZTEyY2VhNWQ1MWI3NDE4NGE2MjYwOWM3N2VjIn0=", "expire_date": "2017-11-29T20:21:25.715Z"}}, {"model": "sessions.session", "pk": "rks0w3bqil4obbuggdoaepyjjvkdsmuh", "fields": {"session_data": "ZjI2ODkxZTgxYzlmNjdkMjk2NDQ0YTA1MDhkYWNhYTIyZTE5YjU4YTp7Il9zZXNzaW9uX2V4cGlyeSI6MCwiX2F1dGhfdXNlcl9pZCI6IjIiLCJfYXV0aF91c2VyX2JhY2tlbmQiOiJkamFuZ28uY29udHJpYi5hdXRoLmJhY2tlbmRzLk1vZGVsQmFja2VuZCIsIl9hdXRoX3VzZXJfaGFzaCI6IjE2YzFkOTUwYjhlOTcxYzk4NDM4YWMzNjY5NjhiODJhMzMwZTAyNGQifQ==", "expire_date": "2017-11-15T19:12:04.712Z"}}, {"model": "sessions.session", "pk": "ruaq16wpjz4ql2zh6adpqt3s8tkjoif7", "fields": {"session_data": "ZGIyNGM1YTMxOGJhNzdjNGZjMzM3YzllNzdiOGYyMzE2MGZjN2Q3MDp7Il9zZXNzaW9uX2V4cGlyeSI6MCwiX2F1dGhfdXNlcl9pZCI6IjEiLCJfYXV0aF91c2VyX2JhY2tlbmQiOiJkamFuZ28uY29udHJpYi5hdXRoLmJhY2tlbmRzLk1vZGVsQmFja2VuZCIsIl9hdXRoX3VzZXJfaGFzaCI6ImEwNWE5NGMyNGE4ZDhlMTJjZWE1ZDUxYjc0MTg0YTYyNjA5Yzc3ZWMifQ==", "expire_date": "2017-06-23T11:10:52.125Z"}}, {"model": "sessions.session", "pk": "s41mvi85d2j6uu59yr7tyg5m6kon78sw", "fields": {"session_data": "ZGIyNGM1YTMxOGJhNzdjNGZjMzM3YzllNzdiOGYyMzE2MGZjN2Q3MDp7Il9zZXNzaW9uX2V4cGlyeSI6MCwiX2F1dGhfdXNlcl9pZCI6IjEiLCJfYXV0aF91c2VyX2JhY2tlbmQiOiJkamFuZ28uY29udHJpYi5hdXRoLmJhY2tlbmRzLk1vZGVsQmFja2VuZCIsIl9hdXRoX3VzZXJfaGFzaCI6ImEwNWE5NGMyNGE4ZDhlMTJjZWE1ZDUxYjc0MTg0YTYyNjA5Yzc3ZWMifQ==", "expire_date": "2017-10-01T23:37:10.542Z"}}, {"model": "sessions.session", "pk": "shl0ydp4tdzbbwv7kcrhu76kbez05xb8", "fields": {"session_data": "YzFhZTJhZmQ5NTExYjdjM2Y3NWMwYzExNWJkMzBiOWRiYzRjMTIyMTp7Il9hdXRoX3VzZXJfYmFja2VuZCI6ImRqYW5nby5jb250cmliLmF1dGguYmFja2VuZHMuTW9kZWxCYWNrZW5kIiwiX2F1dGhfdXNlcl9oYXNoIjoiYTA1YTk0YzI0YThkOGUxMmNlYTVkNTFiNzQxODRhNjI2MDljNzdlYyIsIl9hdXRoX3VzZXJfaWQiOiIxIn0=", "expire_date": "2017-06-25T15:31:35.374Z"}}, {"model": "sessions.session", "pk": "t1okyjgaj412u05ofdnxjru15o23wbhw", "fields": {"session_data": "ZGIyNGM1YTMxOGJhNzdjNGZjMzM3YzllNzdiOGYyMzE2MGZjN2Q3MDp7Il9zZXNzaW9uX2V4cGlyeSI6MCwiX2F1dGhfdXNlcl9pZCI6IjEiLCJfYXV0aF91c2VyX2JhY2tlbmQiOiJkamFuZ28uY29udHJpYi5hdXRoLmJhY2tlbmRzLk1vZGVsQmFja2VuZCIsIl9hdXRoX3VzZXJfaGFzaCI6ImEwNWE5NGMyNGE4ZDhlMTJjZWE1ZDUxYjc0MTg0YTYyNjA5Yzc3ZWMifQ==", "expire_date": "2017-06-23T04:02:50.781Z"}}, {"model": "sessions.session", "pk": "t9bvw7pljhi7lafm4ch33j1fsdw1nzyu", "fields": {"session_data": "NGEyZDVmNzk0YjhjMTBhZTBiNzkzZWY4NzNlOWUxYWRmZTI0NjFlNjp7InRlc3Rjb29raWUiOiJ3b3JrZWQifQ==", "expire_date": "2017-06-25T19:53:55.784Z"}}, {"model": "sessions.session", "pk": "t9zennd5qkmbgmjucyrdlu35k2dqueva", "fields": {"session_data": "NGEyZDVmNzk0YjhjMTBhZTBiNzkzZWY4NzNlOWUxYWRmZTI0NjFlNjp7InRlc3Rjb29raWUiOiJ3b3JrZWQifQ==", "expire_date": "2017-11-27T19:37:11.687Z"}}, {"model": "sessions.session", "pk": "tb98t7rapp7m2qmq7rdutzihhlcmpi78", "fields": {"session_data": "ZGIyNGM1YTMxOGJhNzdjNGZjMzM3YzllNzdiOGYyMzE2MGZjN2Q3MDp7Il9zZXNzaW9uX2V4cGlyeSI6MCwiX2F1dGhfdXNlcl9pZCI6IjEiLCJfYXV0aF91c2VyX2JhY2tlbmQiOiJkamFuZ28uY29udHJpYi5hdXRoLmJhY2tlbmRzLk1vZGVsQmFja2VuZCIsIl9hdXRoX3VzZXJfaGFzaCI6ImEwNWE5NGMyNGE4ZDhlMTJjZWE1ZDUxYjc0MTg0YTYyNjA5Yzc3ZWMifQ==", "expire_date": "2017-11-29T23:42:29.463Z"}}, {"model": "sessions.session", "pk": "topcxzxkttudzh8asdpzrvnjoqm01vdt", "fields": {"session_data": "NjNkOWIyZDI5ODI5ODY0MDA5NGI5N2VmM2EwZTZmMTc4NTFmOGQ4Nzp7Il9hdXRoX3VzZXJfaGFzaCI6ImEwNWE5NGMyNGE4ZDhlMTJjZWE1ZDUxYjc0MTg0YTYyNjA5Yzc3ZWMiLCJfYXV0aF91c2VyX2JhY2tlbmQiOiJkamFuZ28uY29udHJpYi5hdXRoLmJhY2tlbmRzLk1vZGVsQmFja2VuZCIsIl9zZXNzaW9uX2V4cGlyeSI6MCwiX2F1dGhfdXNlcl9pZCI6IjEifQ==", "expire_date": "2017-12-07T10:12:08.789Z"}}, {"model": "sessions.session", "pk": "ueotgvaill8kg4zob0f6c8jf9uiac9qk", "fields": {"session_data": "NTA5NDZlYWRiMWRhMDA1MjcxZDI1YjRkOGJkNmVmZTBkMjg4MTk2NDp7Il9hdXRoX3VzZXJfaWQiOiIxIiwiX2F1dGhfdXNlcl9oYXNoIjoiYTA1YTk0YzI0YThkOGUxMmNlYTVkNTFiNzQxODRhNjI2MDljNzdlYyIsIl9hdXRoX3VzZXJfYmFja2VuZCI6ImRqYW5nby5jb250cmliLmF1dGguYmFja2VuZHMuTW9kZWxCYWNrZW5kIiwiX3Nlc3Npb25fZXhwaXJ5IjowfQ==", "expire_date": "2017-07-10T16:47:38.257Z"}}, {"model": "sessions.session", "pk": "uoi6fg1ikvncjdhtgdbhtijg7b4t3sly", "fields": {"session_data": "ZWM4NGY1MGMyMTM1ZDU4MDk3ZjkzMGNmNWY4NWI2NGMyNjhhNjI0NDp7Il9hdXRoX3VzZXJfaWQiOiIxIiwiX3Nlc3Npb25fZXhwaXJ5IjowLCJfYXV0aF91c2VyX2JhY2tlbmQiOiJkamFuZ28uY29udHJpYi5hdXRoLmJhY2tlbmRzLk1vZGVsQmFja2VuZCIsIl9hdXRoX3VzZXJfaGFzaCI6ImEwNWE5NGMyNGE4ZDhlMTJjZWE1ZDUxYjc0MTg0YTYyNjA5Yzc3ZWMifQ==", "expire_date": "2017-06-22T18:34:18.039Z"}}, {"model": "sessions.session", "pk": "uvbzt3pyrwatq56ho9sljct2jj01mlqo", "fields": {"session_data": "ZjI2ODkxZTgxYzlmNjdkMjk2NDQ0YTA1MDhkYWNhYTIyZTE5YjU4YTp7Il9zZXNzaW9uX2V4cGlyeSI6MCwiX2F1dGhfdXNlcl9pZCI6IjIiLCJfYXV0aF91c2VyX2JhY2tlbmQiOiJkamFuZ28uY29udHJpYi5hdXRoLmJhY2tlbmRzLk1vZGVsQmFja2VuZCIsIl9hdXRoX3VzZXJfaGFzaCI6IjE2YzFkOTUwYjhlOTcxYzk4NDM4YWMzNjY5NjhiODJhMzMwZTAyNGQifQ==", "expire_date": "2017-08-28T06:46:43.710Z"}}, {"model": "sessions.session", "pk": "vdvqx5sovk0k2k1fcmo87whs4eeeyl01", "fields": {"session_data": "ZGIyNGM1YTMxOGJhNzdjNGZjMzM3YzllNzdiOGYyMzE2MGZjN2Q3MDp7Il9zZXNzaW9uX2V4cGlyeSI6MCwiX2F1dGhfdXNlcl9pZCI6IjEiLCJfYXV0aF91c2VyX2JhY2tlbmQiOiJkamFuZ28uY29udHJpYi5hdXRoLmJhY2tlbmRzLk1vZGVsQmFja2VuZCIsIl9hdXRoX3VzZXJfaGFzaCI6ImEwNWE5NGMyNGE4ZDhlMTJjZWE1ZDUxYjc0MTg0YTYyNjA5Yzc3ZWMifQ==", "expire_date": "2017-07-10T18:50:46.584Z"}}, {"model": "sessions.session", "pk": "w7d74ay1lrr1rtt52hqnq8eb6durjraf", "fields": {"session_data": "ZGIyNGM1YTMxOGJhNzdjNGZjMzM3YzllNzdiOGYyMzE2MGZjN2Q3MDp7Il9zZXNzaW9uX2V4cGlyeSI6MCwiX2F1dGhfdXNlcl9pZCI6IjEiLCJfYXV0aF91c2VyX2JhY2tlbmQiOiJkamFuZ28uY29udHJpYi5hdXRoLmJhY2tlbmRzLk1vZGVsQmFja2VuZCIsIl9hdXRoX3VzZXJfaGFzaCI6ImEwNWE5NGMyNGE4ZDhlMTJjZWE1ZDUxYjc0MTg0YTYyNjA5Yzc3ZWMifQ==", "expire_date": "2017-06-22T05:10:14.929Z"}}, {"model": "sessions.session", "pk": "w97ndorh8stge88j84vg47k54bx3prhp", "fields": {"session_data": "ZmZiMDI0MTViOTVlMTMwMmJmNzhkOTBlMGNhNDBlNjk2MjJmMWEyNTp7Il9zZXNzaW9uX2V4cGlyeSI6MCwiX2F1dGhfdXNlcl9pZCI6IjEiLCJfYXV0aF91c2VyX2hhc2giOiJhMDVhOTRjMjRhOGQ4ZTEyY2VhNWQ1MWI3NDE4NGE2MjYwOWM3N2VjIiwiX2F1dGhfdXNlcl9iYWNrZW5kIjoiZGphbmdvLmNvbnRyaWIuYXV0aC5iYWNrZW5kcy5Nb2RlbEJhY2tlbmQifQ==", "expire_date": "2017-07-09T16:10:41.964Z"}}, {"model": "sessions.session", "pk": "wadb91qyrmyeoc7jakhtquh0eyij8hn8", "fields": {"session_data": "NGEyZDVmNzk0YjhjMTBhZTBiNzkzZWY4NzNlOWUxYWRmZTI0NjFlNjp7InRlc3Rjb29raWUiOiJ3b3JrZWQifQ==", "expire_date": "2017-07-06T15:47:36.395Z"}}, {"model": "sessions.session", "pk": "wcrrx4hao6fnxvkh1nup2x2e2a6fff0n", "fields": {"session_data": "ZGIyNGM1YTMxOGJhNzdjNGZjMzM3YzllNzdiOGYyMzE2MGZjN2Q3MDp7Il9zZXNzaW9uX2V4cGlyeSI6MCwiX2F1dGhfdXNlcl9pZCI6IjEiLCJfYXV0aF91c2VyX2JhY2tlbmQiOiJkamFuZ28uY29udHJpYi5hdXRoLmJhY2tlbmRzLk1vZGVsQmFja2VuZCIsIl9hdXRoX3VzZXJfaGFzaCI6ImEwNWE5NGMyNGE4ZDhlMTJjZWE1ZDUxYjc0MTg0YTYyNjA5Yzc3ZWMifQ==", "expire_date": "2017-07-10T13:39:34.978Z"}}, {"model": "sessions.session", "pk": "wkxai1kml1g1xbge7o2dvyd375onlsd5", "fields": {"session_data": "NGEyZDVmNzk0YjhjMTBhZTBiNzkzZWY4NzNlOWUxYWRmZTI0NjFlNjp7InRlc3Rjb29raWUiOiJ3b3JrZWQifQ==", "expire_date": "2017-06-25T19:54:14.010Z"}}, {"model": "sessions.session", "pk": "wooq8b4a41q6p6yhred7rjjkde07ei1h", "fields": {"session_data": "ZGIyNGM1YTMxOGJhNzdjNGZjMzM3YzllNzdiOGYyMzE2MGZjN2Q3MDp7Il9zZXNzaW9uX2V4cGlyeSI6MCwiX2F1dGhfdXNlcl9pZCI6IjEiLCJfYXV0aF91c2VyX2JhY2tlbmQiOiJkamFuZ28uY29udHJpYi5hdXRoLmJhY2tlbmRzLk1vZGVsQmFja2VuZCIsIl9hdXRoX3VzZXJfaGFzaCI6ImEwNWE5NGMyNGE4ZDhlMTJjZWE1ZDUxYjc0MTg0YTYyNjA5Yzc3ZWMifQ==", "expire_date": "2017-06-23T02:30:03.342Z"}}, {"model": "sessions.session", "pk": "woxi322wbx3awj36bo4xi3wxer5rk2hs", "fields": {"session_data": "OTRiYmQ4N2UzODgyNTljYTNiYTJiNjc1ZDRjNDYwNDk1MGM4ODhmNDp7Il9hdXRoX3VzZXJfaWQiOiIxIiwiX2F1dGhfdXNlcl9iYWNrZW5kIjoiZGphbmdvLmNvbnRyaWIuYXV0aC5iYWNrZW5kcy5Nb2RlbEJhY2tlbmQiLCJfYXV0aF91c2VyX2hhc2giOiJhMDVhOTRjMjRhOGQ4ZTEyY2VhNWQ1MWI3NDE4NGE2MjYwOWM3N2VjIn0=", "expire_date": "2017-06-23T00:48:04.709Z"}}, {"model": "sessions.session", "pk": "wxbnykm094u38cf8c03ornn32yh5istx", "fields": {"session_data": "ZGIyNGM1YTMxOGJhNzdjNGZjMzM3YzllNzdiOGYyMzE2MGZjN2Q3MDp7Il9zZXNzaW9uX2V4cGlyeSI6MCwiX2F1dGhfdXNlcl9pZCI6IjEiLCJfYXV0aF91c2VyX2JhY2tlbmQiOiJkamFuZ28uY29udHJpYi5hdXRoLmJhY2tlbmRzLk1vZGVsQmFja2VuZCIsIl9hdXRoX3VzZXJfaGFzaCI6ImEwNWE5NGMyNGE4ZDhlMTJjZWE1ZDUxYjc0MTg0YTYyNjA5Yzc3ZWMifQ==", "expire_date": "2017-06-23T05:16:40.306Z"}}, {"model": "sessions.session", "pk": "xigyqih8lt9zaitg3nl3qyeiibc8hw3c", "fields": {"session_data": "ZGIyNGM1YTMxOGJhNzdjNGZjMzM3YzllNzdiOGYyMzE2MGZjN2Q3MDp7Il9zZXNzaW9uX2V4cGlyeSI6MCwiX2F1dGhfdXNlcl9pZCI6IjEiLCJfYXV0aF91c2VyX2JhY2tlbmQiOiJkamFuZ28uY29udHJpYi5hdXRoLmJhY2tlbmRzLk1vZGVsQmFja2VuZCIsIl9hdXRoX3VzZXJfaGFzaCI6ImEwNWE5NGMyNGE4ZDhlMTJjZWE1ZDUxYjc0MTg0YTYyNjA5Yzc3ZWMifQ==", "expire_date": "2017-06-22T22:27:03.159Z"}}, {"model": "sessions.session", "pk": "xuapy97ulko55hezdqcoj97wl8txic71", "fields": {"session_data": "NGEyZDVmNzk0YjhjMTBhZTBiNzkzZWY4NzNlOWUxYWRmZTI0NjFlNjp7InRlc3Rjb29raWUiOiJ3b3JrZWQifQ==", "expire_date": "2017-06-25T19:54:00.254Z"}}, {"model": "sessions.session", "pk": "yc2tbhiprdqir3rsiu48zw3reh8tl65j", "fields": {"session_data": "MjgwYmMyOTM1OGRkMjlhZGVkNGJkNzdiNGQ5YzU4NmQ3OTk1ZTVmMjp7Il9hdXRoX3VzZXJfYmFja2VuZCI6ImRqYW5nby5jb250cmliLmF1dGguYmFja2VuZHMuTW9kZWxCYWNrZW5kIiwiX2F1dGhfdXNlcl9oYXNoIjoiYTA1YTk0YzI0YThkOGUxMmNlYTVkNTFiNzQxODRhNjI2MDljNzdlYyIsIl9zZXNzaW9uX2V4cGlyeSI6MCwiX2F1dGhfdXNlcl9pZCI6IjEifQ==", "expire_date": "2017-07-14T19:10:38.276Z"}}, {"model": "sessions.session", "pk": "yke753nxi7rr9my6x2hjel70b7ouki6r", "fields": {"session_data": "ZGIyNGM1YTMxOGJhNzdjNGZjMzM3YzllNzdiOGYyMzE2MGZjN2Q3MDp7Il9zZXNzaW9uX2V4cGlyeSI6MCwiX2F1dGhfdXNlcl9pZCI6IjEiLCJfYXV0aF91c2VyX2JhY2tlbmQiOiJkamFuZ28uY29udHJpYi5hdXRoLmJhY2tlbmRzLk1vZGVsQmFja2VuZCIsIl9hdXRoX3VzZXJfaGFzaCI6ImEwNWE5NGMyNGE4ZDhlMTJjZWE1ZDUxYjc0MTg0YTYyNjA5Yzc3ZWMifQ==", "expire_date": "2017-11-24T01:55:43.539Z"}}, {"model": "sessions.session", "pk": "z1emczpvdl5oxcr92n5f2zha1otmkibq", "fields": {"session_data": "YTIyMzZjOTc1YTUyMWM5MGQzMzgxNjI3MDNhOTU5ZTEwODMwZmUyZjp7Il9hdXRoX3VzZXJfaWQiOiIxIiwiX3Nlc3Npb25fZXhwaXJ5IjowLCJfYXV0aF91c2VyX2hhc2giOiJhMDVhOTRjMjRhOGQ4ZTEyY2VhNWQ1MWI3NDE4NGE2MjYwOWM3N2VjIiwiX2F1dGhfdXNlcl9iYWNrZW5kIjoiZGphbmdvLmNvbnRyaWIuYXV0aC5iYWNrZW5kcy5Nb2RlbEJhY2tlbmQifQ==", "expire_date": "2017-11-28T10:11:13.348Z"}}, {"model": "sessions.session", "pk": "z5gjhgnoa6ncqe99lpqileijr4lo8wo2", "fields": {"session_data": "ZGIyNGM1YTMxOGJhNzdjNGZjMzM3YzllNzdiOGYyMzE2MGZjN2Q3MDp7Il9zZXNzaW9uX2V4cGlyeSI6MCwiX2F1dGhfdXNlcl9pZCI6IjEiLCJfYXV0aF91c2VyX2JhY2tlbmQiOiJkamFuZ28uY29udHJpYi5hdXRoLmJhY2tlbmRzLk1vZGVsQmFja2VuZCIsIl9hdXRoX3VzZXJfaGFzaCI6ImEwNWE5NGMyNGE4ZDhlMTJjZWE1ZDUxYjc0MTg0YTYyNjA5Yzc3ZWMifQ==", "expire_date": "2017-06-26T02:04:32.462Z"}}, {"model": "sessions.session", "pk": "z6asmchpcwtj8zg35kbotquli8k2zeib", "fields": {"session_data": "ZGIyNGM1YTMxOGJhNzdjNGZjMzM3YzllNzdiOGYyMzE2MGZjN2Q3MDp7Il9zZXNzaW9uX2V4cGlyeSI6MCwiX2F1dGhfdXNlcl9pZCI6IjEiLCJfYXV0aF91c2VyX2JhY2tlbmQiOiJkamFuZ28uY29udHJpYi5hdXRoLmJhY2tlbmRzLk1vZGVsQmFja2VuZCIsIl9hdXRoX3VzZXJfaGFzaCI6ImEwNWE5NGMyNGE4ZDhlMTJjZWE1ZDUxYjc0MTg0YTYyNjA5Yzc3ZWMifQ==", "expire_date": "2017-06-23T10:55:21.285Z"}}, {"model": "sessions.session", "pk": "z7ng0lsq2x1m6tu8o491fzc46w4u3si3", "fields": {"session_data": "NGEyZDVmNzk0YjhjMTBhZTBiNzkzZWY4NzNlOWUxYWRmZTI0NjFlNjp7InRlc3Rjb29raWUiOiJ3b3JrZWQifQ==", "expire_date": "2017-06-25T19:54:27.894Z"}}, {"model": "sessions.session", "pk": "zxftrpw4km0bod1hkewt6rgiazc5xznh", "fields": {"session_data": "ZGIyNGM1YTMxOGJhNzdjNGZjMzM3YzllNzdiOGYyMzE2MGZjN2Q3MDp7Il9zZXNzaW9uX2V4cGlyeSI6MCwiX2F1dGhfdXNlcl9pZCI6IjEiLCJfYXV0aF91c2VyX2JhY2tlbmQiOiJkamFuZ28uY29udHJpYi5hdXRoLmJhY2tlbmRzLk1vZGVsQmFja2VuZCIsIl9hdXRoX3VzZXJfaGFzaCI6ImEwNWE5NGMyNGE4ZDhlMTJjZWE1ZDUxYjc0MTg0YTYyNjA5Yzc3ZWMifQ==", "expire_date": "2017-09-25T01:22:45.374Z"}}, {"model": "sites.site", "pk": 1, "fields": {"domain": "example.com", "name": "example.com"}}, {"model": "atencion.departamento", "pk": 7, "fields": {"codigo": 10, "nombre": "Amazonas"}}, {"model": "atencion.departamento", "pk": 8, "fields": {"codigo": 11, "nombre": "\u00c1ncash"}}, {"model": "atencion.departamento", "pk": 9, "fields": {"codigo": 12, "nombre": "Apur\u00edmac"}}, {"model": "atencion.departamento", "pk": 10, "fields": {"codigo": 13, "nombre": "Arequipa"}}, {"model": "atencion.departamento", "pk": 11, "fields": {"codigo": 14, "nombre": "Ayacucho"}}, {"model": "atencion.departamento", "pk": 12, "fields": {"codigo": 15, "nombre": "Cajamarca"}}, {"model": "atencion.departamento", "pk": 13, "fields": {"codigo": 16, "nombre": "Callao"}}, {"model": "atencion.departamento", "pk": 14, "fields": {"codigo": 17, "nombre": "Cuzco"}}, {"model": "atencion.departamento", "pk": 15, "fields": {"codigo": 18, "nombre": "Huancavelica"}}, {"model": "atencion.departamento", "pk": 16, "fields": {"codigo": 19, "nombre": "Hu\u00e1nuco"}}, {"model": "atencion.departamento", "pk": 17, "fields": {"codigo": 20, "nombre": "Ica"}}, {"model": "atencion.departamento", "pk": 18, "fields": {"codigo": 21, "nombre": "Jun\u00edn"}}, {"model": "atencion.departamento", "pk": 19, "fields": {"codigo": 22, "nombre": "La Libertad"}}, {"model": "atencion.departamento", "pk": 20, "fields": {"codigo": 23, "nombre": "Lambayeque"}}, {"model": "atencion.departamento", "pk": 21, "fields": {"codigo": 24, "nombre": "Lima"}}, {"model": "atencion.departamento", "pk": 22, "fields": {"codigo": 25, "nombre": "Loreto"}}, {"model": "atencion.departamento", "pk": 23, "fields": {"codigo": 26, "nombre": "Madre de Dios"}}, {"model": "atencion.departamento", "pk": 24, "fields": {"codigo": 27, "nombre": "Moquegua"}}, {"model": "atencion.departamento", "pk": 25, "fields": {"codigo": 28, "nombre": "Pasco"}}, {"model": "atencion.departamento", "pk": 26, "fields": {"codigo": 29, "nombre": "Piura"}}, {"model": "atencion.departamento", "pk": 27, "fields": {"codigo": 30, "nombre": "Puno"}}, {"model": "atencion.departamento", "pk": 28, "fields": {"codigo": 31, "nombre": "San Mart\u00edn"}}, {"model": "atencion.departamento", "pk": 29, "fields": {"codigo": 32, "nombre": "Tacna"}}, {"model": "atencion.departamento", "pk": 30, "fields": {"codigo": 33, "nombre": "Tumbes"}}, {"model": "atencion.departamento", "pk": 31, "fields": {"codigo": 34, "nombre": "Ucayali"}}, {"model": "atencion.provincia", "pk": 2, "fields": {"nombre": "Chachapoyas", "departamento": 7}}, {"model": "atencion.provincia", "pk": 3, "fields": {"nombre": "Bagua", "departamento": 7}}, {"model": "atencion.provincia", "pk": 4, "fields": {"nombre": "Bongara", "departamento": 7}}, {"model": "atencion.provincia", "pk": 5, "fields": {"nombre": "Condorcanqui", "departamento": 7}}, {"model": "atencion.provincia", "pk": 6, "fields": {"nombre": "Luya", "departamento": 7}}, {"model": "atencion.provincia", "pk": 8, "fields": {"nombre": "Mendoza", "departamento": 7}}, {"model": "atencion.provincia", "pk": 9, "fields": {"nombre": "Utcubamba", "departamento": 7}}, {"model": "atencion.provincia", "pk": 10, "fields": {"nombre": "Huaraz", "departamento": 8}}, {"model": "atencion.provincia", "pk": 11, "fields": {"nombre": "Aija", "departamento": 8}}, {"model": "atencion.provincia", "pk": 12, "fields": {"nombre": "Antonio Raymondi", "departamento": 8}}, {"model": "atencion.provincia", "pk": 13, "fields": {"nombre": "Asuncion", "departamento": 8}}, {"model": "atencion.provincia", "pk": 14, "fields": {"nombre": "Bolognesi", "departamento": 8}}, {"model": "atencion.provincia", "pk": 15, "fields": {"nombre": "Carhuaz", "departamento": 8}}, {"model": "atencion.provincia", "pk": 16, "fields": {"nombre": "Carlos F. Fitzcarrald", "departamento": 8}}, {"model": "atencion.provincia", "pk": 17, "fields": {"nombre": "Casma", "departamento": 8}}, {"model": "atencion.provincia", "pk": 18, "fields": {"nombre": "Corongo", "departamento": 8}}, {"model": "atencion.provincia", "pk": 19, "fields": {"nombre": "Huari", "departamento": 8}}, {"model": "atencion.provincia", "pk": 20, "fields": {"nombre": "Huarmey", "departamento": 8}}, {"model": "atencion.provincia", "pk": 21, "fields": {"nombre": "Huaylas", "departamento": 8}}, {"model": "atencion.provincia", "pk": 22, "fields": {"nombre": "Mariscal Luzuriaga", "departamento": 8}}, {"model": "atencion.provincia", "pk": 23, "fields": {"nombre": "Ocros", "departamento": 8}}, {"model": "atencion.provincia", "pk": 24, "fields": {"nombre": "Pallasca", "departamento": 8}}, {"model": "atencion.distrito", "pk": 10, "fields": {"nombre": "CHACHAPOYAS", "provincia": 2}}, {"model": "atencion.distrito", "pk": 11, "fields": {"nombre": "ASUNCION", "provincia": 2}}, {"model": "atencion.distrito", "pk": 12, "fields": {"nombre": "BALSAS", "provincia": 2}}, {"model": "atencion.distrito", "pk": 13, "fields": {"nombre": "CHETO", "provincia": 2}}, {"model": "atencion.distrito", "pk": 14, "fields": {"nombre": "CHILIQUIN", "provincia": 2}}, {"model": "atencion.distrito", "pk": 15, "fields": {"nombre": "CHUQUIBAMBA", "provincia": 2}}, {"model": "atencion.distrito", "pk": 16, "fields": {"nombre": "GRANADA", "provincia": 2}}, {"model": "atencion.distrito", "pk": 17, "fields": {"nombre": "HUANCAS", "provincia": 2}}, {"model": "atencion.distrito", "pk": 18, "fields": {"nombre": "LA JALCA", "provincia": 2}}, {"model": "atencion.distrito", "pk": 19, "fields": {"nombre": "LEIMEBAMBA", "provincia": 2}}, {"model": "atencion.distrito", "pk": 20, "fields": {"nombre": "LEVANTO", "provincia": 2}}, {"model": "atencion.distrito", "pk": 21, "fields": {"nombre": "MAGDALENA", "provincia": 2}}, {"model": "atencion.distrito", "pk": 22, "fields": {"nombre": "MARISCAL CASTILLA", "provincia": 2}}, {"model": "atencion.distrito", "pk": 23, "fields": {"nombre": "MOLINOPAMPA", "provincia": 2}}, {"model": "atencion.distrito", "pk": 24, "fields": {"nombre": "MONTEVIDEO", "provincia": 2}}, {"model": "atencion.distrito", "pk": 25, "fields": {"nombre": "OLLEROS", "provincia": 2}}, {"model": "atencion.distrito", "pk": 26, "fields": {"nombre": "QUINJALCA", "provincia": 2}}, {"model": "atencion.distrito", "pk": 27, "fields": {"nombre": "SAN FRANCISCO DE DAGUAS", "provincia": 2}}, {"model": "atencion.distrito", "pk": 28, "fields": {"nombre": "SOLOCO", "provincia": 2}}, {"model": "atencion.distrito", "pk": 29, "fields": {"nombre": "SONCHE", "provincia": 2}}, {"model": "atencion.distrito", "pk": 30, "fields": {"nombre": "LA PECA", "provincia": 3}}, {"model": "atencion.distrito", "pk": 31, "fields": {"nombre": "ARAMANGO", "provincia": 3}}, {"model": "atencion.distrito", "pk": 32, "fields": {"nombre": "COPALLIN", "provincia": 2}}, {"model": "atencion.distrito", "pk": 33, "fields": {"nombre": "EL PARCO", "provincia": 3}}, {"model": "atencion.distrito", "pk": 34, "fields": {"nombre": "IMAZA", "provincia": 3}}, {"model": "atencion.distrito", "pk": 35, "fields": {"nombre": "JUMBILLA", "provincia": 4}}, {"model": "atencion.distrito", "pk": 36, "fields": {"nombre": "CHISQUILLA", "provincia": 4}}, {"model": "atencion.distrito", "pk": 37, "fields": {"nombre": "CHURUJA", "provincia": 4}}, {"model": "atencion.distrito", "pk": 38, "fields": {"nombre": "COROSHA", "provincia": 4}}, {"model": "atencion.distrito", "pk": 39, "fields": {"nombre": "CUISPES", "provincia": 4}}, {"model": "atencion.distrito", "pk": 40, "fields": {"nombre": "FLORIDA", "provincia": 4}}, {"model": "atencion.distrito", "pk": 41, "fields": {"nombre": "JAZAN (Pedro Ru\u00edz Gallo)", "provincia": 4}}, {"model": "atencion.distrito", "pk": 42, "fields": {"nombre": "RECTA", "provincia": 4}}, {"model": "atencion.distrito", "pk": 43, "fields": {"nombre": "SAN CARLOS", "provincia": 4}}, {"model": "atencion.distrito", "pk": 44, "fields": {"nombre": "SHIPASBAMBA", "provincia": 4}}, {"model": "atencion.distrito", "pk": 45, "fields": {"nombre": "VALERA", "provincia": 4}}, {"model": "atencion.distrito", "pk": 46, "fields": {"nombre": "YAMBRASBAMBA", "provincia": 4}}, {"model": "atencion.distrito", "pk": 47, "fields": {"nombre": "NIEVA (Santa Mar\u00eda de Nieva)", "provincia": 5}}, {"model": "atencion.distrito", "pk": 48, "fields": {"nombre": "EL CENEPA (Huampami)", "provincia": 5}}, {"model": "atencion.distrito", "pk": 49, "fields": {"nombre": "RIO SANTIAGO (Puerto Galilea)", "provincia": 5}}, {"model": "atencion.distrito", "pk": 50, "fields": {"nombre": "LAMUD", "provincia": 6}}, {"model": "atencion.distrito", "pk": 51, "fields": {"nombre": "CAMPORREDONDO", "provincia": 6}}, {"model": "atencion.distrito", "pk": 52, "fields": {"nombre": "COCABAMBA", "provincia": 6}}, {"model": "atencion.distrito", "pk": 53, "fields": {"nombre": "COLCAMAR", "provincia": 6}}, {"model": "atencion.distrito", "pk": 54, "fields": {"nombre": "CONILA (Cohech\u00e1n)", "provincia": 6}}, {"model": "atencion.distrito", "pk": 55, "fields": {"nombre": "INGUILPATA", "provincia": 6}}, {"model": "atencion.distrito", "pk": 56, "fields": {"nombre": "LONGUITA", "provincia": 6}}, {"model": "atencion.distrito", "pk": 57, "fields": {"nombre": "LONYA CHICO", "provincia": 6}}, {"model": "atencion.distrito", "pk": 58, "fields": {"nombre": "LUYA", "provincia": 6}}, {"model": "atencion.distrito", "pk": 59, "fields": {"nombre": "LUYA VIEJO", "provincia": 6}}, {"model": "atencion.distrito", "pk": 60, "fields": {"nombre": "MARIA", "provincia": 6}}, {"model": "atencion.distrito", "pk": 61, "fields": {"nombre": "OCALLI", "provincia": 6}}, {"model": "atencion.distrito", "pk": 62, "fields": {"nombre": "OCUMAL (Collonce)", "provincia": 6}}, {"model": "atencion.distrito", "pk": 63, "fields": {"nombre": "PISUQUIA (Yombl\u00f3n)", "provincia": 6}}, {"model": "atencion.distrito", "pk": 64, "fields": {"nombre": "PROVIDENCIA", "provincia": 6}}, {"model": "atencion.distrito", "pk": 65, "fields": {"nombre": "SAN CRISTOBAL (Olto)", "provincia": 6}}, {"model": "atencion.distrito", "pk": 66, "fields": {"nombre": "SAN FRANCISCO DEL YESO", "provincia": 6}}, {"model": "atencion.distrito", "pk": 67, "fields": {"nombre": "SAN JERONIMO (Paclas)", "provincia": 6}}, {"model": "atencion.distrito", "pk": 68, "fields": {"nombre": "SAN JUAN DE LOPECANCHA", "provincia": 6}}, {"model": "atencion.distrito", "pk": 69, "fields": {"nombre": "SANTA CATALINA", "provincia": 6}}, {"model": "atencion.distrito", "pk": 70, "fields": {"nombre": "SANTO TOMAS", "provincia": 6}}, {"model": "atencion.distrito", "pk": 71, "fields": {"nombre": "TINGO", "provincia": 6}}, {"model": "atencion.distrito", "pk": 72, "fields": {"nombre": "TRITA", "provincia": 6}}, {"model": "atencion.distrito", "pk": 73, "fields": {"nombre": "SAN NICOLAS (Mendoza)", "provincia": 8}}, {"model": "atencion.distrito", "pk": 74, "fields": {"nombre": "CHIRIMOTO", "provincia": 8}}, {"model": "atencion.distrito", "pk": 75, "fields": {"nombre": "COCHAMAL", "provincia": 8}}, {"model": "atencion.distrito", "pk": 76, "fields": {"nombre": "HUAMBO", "provincia": 8}}, {"model": "atencion.distrito", "pk": 77, "fields": {"nombre": "LIMABAMBA", "provincia": 8}}, {"model": "atencion.distrito", "pk": 78, "fields": {"nombre": "LONGAR", "provincia": 8}}, {"model": "atencion.distrito", "pk": 79, "fields": {"nombre": "MARISCAL BENAVIDES", "provincia": 8}}, {"model": "atencion.distrito", "pk": 80, "fields": {"nombre": "MILPUC", "provincia": 8}}, {"model": "atencion.distrito", "pk": 81, "fields": {"nombre": "OMIA", "provincia": 8}}, {"model": "atencion.distrito", "pk": 82, "fields": {"nombre": "SANTA ROSA (Sta. Rosa de Huayabamba)", "provincia": 8}}, {"model": "atencion.distrito", "pk": 83, "fields": {"nombre": "TOTORA", "provincia": 8}}, {"model": "atencion.distrito", "pk": 84, "fields": {"nombre": "VISTA ALEGRE", "provincia": 8}}, {"model": "atencion.distrito", "pk": 85, "fields": {"nombre": "BAGUA GRANDE", "provincia": 9}}, {"model": "atencion.distrito", "pk": 86, "fields": {"nombre": "CAJARURO", "provincia": 9}}, {"model": "atencion.distrito", "pk": 87, "fields": {"nombre": "CUMBA", "provincia": 9}}, {"model": "atencion.distrito", "pk": 88, "fields": {"nombre": "EL MILAGRO", "provincia": 9}}, {"model": "atencion.distrito", "pk": 89, "fields": {"nombre": "JAMALCA", "provincia": 9}}, {"model": "atencion.distrito", "pk": 90, "fields": {"nombre": "LONYA GRANDE", "provincia": 9}}, {"model": "atencion.distrito", "pk": 91, "fields": {"nombre": "YAMON", "provincia": 9}}, {"model": "atencion.distrito", "pk": 92, "fields": {"nombre": "Huaraz", "provincia": 10}}, {"model": "atencion.distrito", "pk": 93, "fields": {"nombre": "Cochabamba", "provincia": 10}}, {"model": "atencion.distrito", "pk": 94, "fields": {"nombre": "Colcabamba", "provincia": 10}}, {"model": "atencion.distrito", "pk": 95, "fields": {"nombre": "Huanchay", "provincia": 10}}, {"model": "atencion.distrito", "pk": 96, "fields": {"nombre": "Jangas", "provincia": 10}}, {"model": "atencion.distrito", "pk": 97, "fields": {"nombre": "Cajamarquilla", "provincia": 10}}, {"model": "atencion.distrito", "pk": 98, "fields": {"nombre": "Olleros", "provincia": 10}}, {"model": "atencion.distrito", "pk": 99, "fields": {"nombre": "Pampas", "provincia": 10}}, {"model": "atencion.distrito", "pk": 100, "fields": {"nombre": "Pariacoto", "provincia": 10}}, {"model": "atencion.distrito", "pk": 101, "fields": {"nombre": "Pira", "provincia": 10}}, {"model": "atencion.distrito", "pk": 102, "fields": {"nombre": "Tarica", "provincia": 10}}, {"model": "atencion.distrito", "pk": 103, "fields": {"nombre": "Independencia", "provincia": 10}}, {"model": "atencion.distrito", "pk": 104, "fields": {"nombre": "Aija", "provincia": 11}}, {"model": "atencion.distrito", "pk": 105, "fields": {"nombre": "Coris", "provincia": 11}}, {"model": "atencion.distrito", "pk": 106, "fields": {"nombre": "Huacllan", "provincia": 11}}, {"model": "atencion.distrito", "pk": 107, "fields": {"nombre": "La merced", "provincia": 11}}, {"model": "atencion.distrito", "pk": 108, "fields": {"nombre": "Succha", "provincia": 11}}, {"model": "atencion.distrito", "pk": 109, "fields": {"nombre": "LLamellin", "provincia": 12}}, {"model": "atencion.distrito", "pk": 110, "fields": {"nombre": "Aczo", "provincia": 12}}, {"model": "atencion.distrito", "pk": 111, "fields": {"nombre": "Chaccho", "provincia": 12}}, {"model": "atencion.distrito", "pk": 112, "fields": {"nombre": "Chinga", "provincia": 12}}, {"model": "atencion.distrito", "pk": 113, "fields": {"nombre": "Mirgas", "provincia": 12}}, {"model": "atencion.distrito", "pk": 114, "fields": {"nombre": "San juan de Rontoy", "provincia": 12}}, {"model": "atencion.distrito", "pk": 115, "fields": {"nombre": "Chacas", "provincia": 13}}, {"model": "atencion.distrito", "pk": 116, "fields": {"nombre": "Acochaca", "provincia": 13}}, {"model": "atencion.distrito", "pk": 117, "fields": {"nombre": "Chiquian", "provincia": 14}}, {"model": "atencion.distrito", "pk": 118, "fields": {"nombre": "Abelardo Pardo", "provincia": 14}}, {"model": "atencion.distrito", "pk": 119, "fields": {"nombre": "Antonio Raymondi", "provincia": 14}}, {"model": "atencion.distrito", "pk": 120, "fields": {"nombre": "Aquia", "provincia": 14}}, {"model": "atencion.distrito", "pk": 121, "fields": {"nombre": "Cajacay", "provincia": 14}}, {"model": "atencion.distrito", "pk": 122, "fields": {"nombre": "Canis", "provincia": 14}}, {"model": "atencion.distrito", "pk": 123, "fields": {"nombre": "Colquioc", "provincia": 14}}, {"model": "atencion.distrito", "pk": 124, "fields": {"nombre": "Huallanca", "provincia": 14}}, {"model": "atencion.distrito", "pk": 125, "fields": {"nombre": "Huasta", "provincia": 14}}, {"model": "atencion.distrito", "pk": 126, "fields": {"nombre": "Huayllacayan", "provincia": 14}}, {"model": "atencion.distrito", "pk": 127, "fields": {"nombre": "La primavera", "provincia": 14}}, {"model": "atencion.distrito", "pk": 128, "fields": {"nombre": "Mangas", "provincia": 14}}, {"model": "atencion.distrito", "pk": 129, "fields": {"nombre": "Pacllon", "provincia": 14}}, {"model": "atencion.distrito", "pk": 130, "fields": {"nombre": "San Miguel", "provincia": 14}}, {"model": "atencion.distrito", "pk": 131, "fields": {"nombre": "Ticllos", "provincia": 14}}, {"model": "atencion.distrito", "pk": 132, "fields": {"nombre": "Carhuaz", "provincia": 15}}, {"model": "atencion.distrito", "pk": 133, "fields": {"nombre": "Acopampa", "provincia": 15}}, {"model": "atencion.distrito", "pk": 134, "fields": {"nombre": "Amashca", "provincia": 15}}, {"model": "atencion.distrito", "pk": 135, "fields": {"nombre": "Anta", "provincia": 15}}, {"model": "atencion.distrito", "pk": 136, "fields": {"nombre": "Ataquero", "provincia": 15}}, {"model": "atencion.distrito", "pk": 137, "fields": {"nombre": "Marcara", "provincia": 15}}, {"model": "atencion.distrito", "pk": 138, "fields": {"nombre": "Pariahuanca", "provincia": 15}}, {"model": "atencion.distrito", "pk": 139, "fields": {"nombre": "San miguel de aco", "provincia": 15}}, {"model": "atencion.distrito", "pk": 140, "fields": {"nombre": "Shilla", "provincia": 15}}, {"model": "atencion.distrito", "pk": 141, "fields": {"nombre": "Tinco", "provincia": 15}}, {"model": "atencion.distrito", "pk": 142, "fields": {"nombre": "Yungar", "provincia": 15}}, {"model": "atencion.distrito", "pk": 143, "fields": {"nombre": "San Luis", "provincia": 16}}, {"model": "atencion.distrito", "pk": 144, "fields": {"nombre": "San NIcolas", "provincia": 16}}, {"model": "atencion.distrito", "pk": 145, "fields": {"nombre": "Yauya", "provincia": 16}}, {"model": "atencion.distrito", "pk": 146, "fields": {"nombre": "Casma", "provincia": 17}}, {"model": "atencion.distrito", "pk": 147, "fields": {"nombre": "Buenavista", "provincia": 17}}, {"model": "atencion.distrito", "pk": 148, "fields": {"nombre": "Comandante Noel", "provincia": 17}}, {"model": "atencion.distrito", "pk": 149, "fields": {"nombre": "Corongo", "provincia": 18}}, {"model": "atencion.distrito", "pk": 150, "fields": {"nombre": "Aco", "provincia": 18}}, {"model": "atencion.distrito", "pk": 151, "fields": {"nombre": "Bambas", "provincia": 18}}, {"model": "atencion.distrito", "pk": 152, "fields": {"nombre": "Cusca", "provincia": 18}}, {"model": "atencion.distrito", "pk": 153, "fields": {"nombre": "La Pampa", "provincia": 18}}, {"model": "atencion.distrito", "pk": 154, "fields": {"nombre": "Yanac", "provincia": 18}}, {"model": "atencion.distrito", "pk": 155, "fields": {"nombre": "Yupan", "provincia": 18}}, {"model": "atencion.distrito", "pk": 156, "fields": {"nombre": "Huari", "provincia": 19}}, {"model": "atencion.distrito", "pk": 157, "fields": {"nombre": "Anra", "provincia": 19}}, {"model": "atencion.distrito", "pk": 158, "fields": {"nombre": "Cajay", "provincia": 19}}, {"model": "atencion.distrito", "pk": 159, "fields": {"nombre": "Chavin de Huantar", "provincia": 19}}, {"model": "atencion.distrito", "pk": 160, "fields": {"nombre": "Huacachi", "provincia": 19}}, {"model": "atencion.distrito", "pk": 161, "fields": {"nombre": "Huacchis", "provincia": 19}}, {"model": "atencion.distrito", "pk": 162, "fields": {"nombre": "Huantar", "provincia": 19}}, {"model": "atencion.distrito", "pk": 163, "fields": {"nombre": "Masin", "provincia": 19}}, {"model": "atencion.distrito", "pk": 164, "fields": {"nombre": "Paucas", "provincia": 19}}, {"model": "atencion.distrito", "pk": 165, "fields": {"nombre": "Ponto", "provincia": 19}}, {"model": "atencion.distrito", "pk": 166, "fields": {"nombre": "Rahuapampa", "provincia": 19}}, {"model": "atencion.distrito", "pk": 167, "fields": {"nombre": "Rapayan", "provincia": 19}}, {"model": "atencion.distrito", "pk": 168, "fields": {"nombre": "San Marcos", "provincia": 19}}, {"model": "atencion.distrito", "pk": 169, "fields": {"nombre": "San pedro de chana", "provincia": 19}}, {"model": "atencion.distrito", "pk": 170, "fields": {"nombre": "Uco", "provincia": 19}}, {"model": "atencion.distrito", "pk": 171, "fields": {"nombre": "Huarmey", "provincia": 20}}, {"model": "atencion.distrito", "pk": 172, "fields": {"nombre": "Cochapeti", "provincia": 20}}, {"model": "atencion.distrito", "pk": 173, "fields": {"nombre": "Culebras", "provincia": 20}}, {"model": "atencion.distrito", "pk": 174, "fields": {"nombre": "Huayan", "provincia": 20}}, {"model": "atencion.distrito", "pk": 175, "fields": {"nombre": "Malvas", "provincia": 20}}, {"model": "atencion.distrito", "pk": 176, "fields": {"nombre": "Caraz", "provincia": 21}}, {"model": "atencion.distrito", "pk": 177, "fields": {"nombre": "Huallanca", "provincia": 21}}, {"model": "atencion.distrito", "pk": 178, "fields": {"nombre": "Huata", "provincia": 21}}, {"model": "atencion.distrito", "pk": 179, "fields": {"nombre": "Huaylas", "provincia": 21}}, {"model": "atencion.distrito", "pk": 180, "fields": {"nombre": "Mato", "provincia": 21}}, {"model": "atencion.distrito", "pk": 181, "fields": {"nombre": "Pamparomas", "provincia": 21}}, {"model": "atencion.distrito", "pk": 182, "fields": {"nombre": "Pueblo Libre", "provincia": 21}}, {"model": "atencion.distrito", "pk": 183, "fields": {"nombre": "Pueblo Libre", "provincia": 21}}, {"model": "atencion.distrito", "pk": 184, "fields": {"nombre": "Santa Cruz", "provincia": 21}}, {"model": "atencion.distrito", "pk": 185, "fields": {"nombre": "Santo Toribio", "provincia": 21}}, {"model": "atencion.distrito", "pk": 186, "fields": {"nombre": "Yuracmarca", "provincia": 21}}, {"model": "atencion.distrito", "pk": 187, "fields": {"nombre": "Piscobamba", "provincia": 22}}, {"model": "atencion.distrito", "pk": 188, "fields": {"nombre": "Casca", "provincia": 22}}, {"model": "atencion.distrito", "pk": 189, "fields": {"nombre": "Eleazar Guzman Barron", "provincia": 22}}, {"model": "atencion.distrito", "pk": 190, "fields": {"nombre": "Fidel Olivas Escudero", "provincia": 22}}, {"model": "atencion.distrito", "pk": 191, "fields": {"nombre": "LLama", "provincia": 22}}, {"model": "atencion.distrito", "pk": 192, "fields": {"nombre": "LLumpa", "provincia": 22}}, {"model": "atencion.distrito", "pk": 193, "fields": {"nombre": "Lucma", "provincia": 22}}, {"model": "atencion.distrito", "pk": 194, "fields": {"nombre": "Musga", "provincia": 22}}, {"model": "atencion.distrito", "pk": 195, "fields": {"nombre": "Ocros", "provincia": 23}}, {"model": "atencion.distrito", "pk": 196, "fields": {"nombre": "Acas", "provincia": 23}}, {"model": "atencion.distrito", "pk": 197, "fields": {"nombre": "Cajamarquilla", "provincia": 23}}, {"model": "atencion.distrito", "pk": 198, "fields": {"nombre": "Carhuapampa", "provincia": 23}}, {"model": "atencion.distrito", "pk": 199, "fields": {"nombre": "Cochas", "provincia": 23}}, {"model": "atencion.distrito", "pk": 200, "fields": {"nombre": "Congas", "provincia": 23}}, {"model": "atencion.distrito", "pk": 201, "fields": {"nombre": "Congas", "provincia": 23}}, {"model": "atencion.distrito", "pk": 202, "fields": {"nombre": "LLipa", "provincia": 23}}, {"model": "atencion.distrito", "pk": 203, "fields": {"nombre": "San Cristobal de Rajan", "provincia": 23}}, {"model": "atencion.distrito", "pk": 204, "fields": {"nombre": "San pedro", "provincia": 23}}, {"model": "atencion.distrito", "pk": 205, "fields": {"nombre": "Santiago de Chilcas", "provincia": 23}}, {"model": "atencion.persona", "pk": 18, "fields": {"nombres": "Alex", "apellido_paterno": "Azurin", "apellido_materno": "Pereyra", "departamento": 23, "provincia": null, "distrito": null, "dni": "48614038", "fecha_nacimiento": "1995-03-14", "edad": null, "estado_civil": null, "sexo": "Masculino", "telefono": 926322718, "ocupacion": "Estudiante", "direccion_actual": "Urb. Alameda de \u00d1a\u00f1a MzC Lt18", "contacto": "", "nro_historia": "48614038", "con_historia": true, "estado": true}}, {"model": "atencion.persona", "pk": 20, "fields": {"nombres": "Karoline", "apellido_paterno": "Ch\u00e1vez", "apellido_materno": "Vallejos", "departamento": null, "provincia": null, "distrito": null, "dni": "", "fecha_nacimiento": "2017-11-16", "edad": null, "estado_civil": "Soltero", "sexo": "Femenino", "telefono": 989318734, "ocupacion": "Medico", "direccion_actual": "Alameda de \u00d1a\u00f1a", "contacto": "", "nro_historia": "", "con_historia": false, "estado": true}}, {"model": "atencion.persona", "pk": 21, "fields": {"nombres": "V\u00edctor", "apellido_paterno": "Quiroz", "apellido_materno": "Enciso", "departamento": null, "provincia": null, "distrito": null, "dni": "30708", "fecha_nacimiento": "2017-11-16", "edad": null, "estado_civil": "Soltero", "sexo": "Masculino", "telefono": 989318734, "ocupacion": "Medico", "direccion_actual": "Alameda de \u00d1a\u00f1a", "contacto": "", "nro_historia": "30708", "con_historia": true, "estado": true}}, {"model": "atencion.persona", "pk": 23, "fields": {"nombres": "Vania Fernanda", "apellido_paterno": "Rivera", "apellido_materno": "Pipa", "departamento": null, "provincia": null, "distrito": null, "dni": "2", "fecha_nacimiento": "2013-06-22", "edad": null, "estado_civil": null, "sexo": "Femenino", "telefono": 983256255, "ocupacion": "Estudiante", "direccion_actual": "Huachipa", "contacto": "", "nro_historia": "2", "con_historia": true, "estado": true}}, {"model": "atencion.persona", "pk": 24, "fields": {"nombres": "Victoria", "apellido_paterno": "Cruz", "apellido_materno": "Llaja", "departamento": 12, "provincia": null, "distrito": null, "dni": "3", "fecha_nacimiento": "1928-01-25", "edad": null, "estado_civil": null, "sexo": "Femenino", "telefono": 958925889, "ocupacion": null, "direccion_actual": "Condominio Los portales \u00d1a\u00f1a", "contacto": "", "nro_historia": "3", "con_historia": true, "estado": true}}, {"model": "atencion.persona", "pk": 25, "fields": {"nombres": "Steysi Daniela", "apellido_paterno": "Mercado", "apellido_materno": "Delgado", "departamento": null, "provincia": null, "distrito": null, "dni": "4", "fecha_nacimiento": "2013-09-29", "edad": null, "estado_civil": null, "sexo": "Femenino", "telefono": 974163650, "ocupacion": "Estudiante", "direccion_actual": "Las Colinas Mz lt 8", "contacto": "", "nro_historia": "4", "con_historia": true, "estado": true}}, {"model": "atencion.persona", "pk": 26, "fields": {"nombres": "Sarita Soledad", "apellido_paterno": "Diaz", "apellido_materno": "Orihuela", "departamento": null, "provincia": null, "distrito": null, "dni": "5", "fecha_nacimiento": "1988-07-27", "edad": null, "estado_civil": null, "sexo": "Femenino", "telefono": 969332670, "ocupacion": "Medico", "direccion_actual": "Los Portales Ed.19 Apartamento 101", "contacto": "", "nro_historia": "5", "con_historia": true, "estado": true}}, {"model": "atencion.persona", "pk": 27, "fields": {"nombres": "Rosa Mar\u00eda", "apellido_paterno": "Palomino", "apellido_materno": "Vilchez", "departamento": null, "provincia": null, "distrito": null, "dni": "6", "fecha_nacimiento": "1974-09-12", "edad": null, "estado_civil": null, "sexo": "Femenino", "telefono": 934095605, "ocupacion": null, "direccion_actual": "Las Praderas de Huaycan MzD Lt9", "contacto": "", "nro_historia": "6", "con_historia": true, "estado": true}}, {"model": "atencion.persona", "pk": 28, "fields": {"nombres": "Raul Stif", "apellido_paterno": "Zela", "apellido_materno": "Bravo", "departamento": null, "provincia": null, "distrito": null, "dni": "7", "fecha_nacimiento": "1996-05-23", "edad": null, "estado_civil": null, "sexo": "Masculino", "telefono": 940002155, "ocupacion": "Estudiante", "direccion_actual": "Lobaton", "contacto": "", "nro_historia": "7", "con_historia": true, "estado": true}}, {"model": "atencion.persona", "pk": 29, "fields": {"nombres": "Rosel", "apellido_paterno": "Espinoza", "apellido_materno": "Huacachi", "departamento": null, "provincia": null, "distrito": null, "dni": "8", "fecha_nacimiento": "1983-08-22", "edad": null, "estado_civil": null, "sexo": "Masculino", "telefono": 980563996, "ocupacion": "TrabajadorIndependiente", "direccion_actual": "Virgen del Carmen la Era MZI LT10", "contacto": "", "nro_historia": "8", "con_historia": true, "estado": true}}, {"model": "atencion.persona", "pk": 30, "fields": {"nombres": "Roberto", "apellido_paterno": "Aguilar", "apellido_materno": "Garc\u00eda", "departamento": null, "provincia": null, "distrito": null, "dni": "9", "fecha_nacimiento": "1962-05-04", "edad": null, "estado_civil": null, "sexo": "Masculino", "telefono": 966121007, "ocupacion": null, "direccion_actual": "Los Portales Torre1 Dpto 103", "contacto": "", "nro_historia": "", "con_historia": false, "estado": true}}, {"model": "atencion.historia", "pk": 1, "fields": {"persona": 18, "numero": 48614038, "fecha_apertura": "2017-11-16T03:31:34.197Z", "motivo_consulta": "Curaci\u00f3n de dientes", "riesgo": "Curaci\u00f3n de dientes", "anamnesis_atencion_medica": true, "anamnesis_alergia": false, "anamnesis_enfermedad": false, "anamnesis_embarazo": false, "anamnesis_otros": "Curaci\u00f3n de dientes", "antecedentes_diabetes": false, "antecedentes_tuberculosis": false, "antecedentes_enf_renal": false, "antecedentes_anemia": false, "antecedentes_fiebre_reumatica": false, "antecedentes_hemorragias": false, "antecedentes_infecciones": false, "antecedentes_enf_cardio": false, "antecedentes_alerg_penicilina": false, "antecedentes_enf_hepaticas": false, "examen_atm": "SAE", "examen_atm_ganglios": "SAE", "examen_labios": "SAE", "examen_vestibulo": "SAE", "examen_lengua": "SAE", "examen_paladar": "paladar", "examen_piso_boca": "SAE", "examen_periodonto": "SAE", "examen_otros": "Otros", "estado": true}}, {"model": "atencion.historia", "pk": 2, "fields": {"persona": 21, "numero": 30708, "fecha_apertura": "2017-11-23T10:41:23.797Z", "motivo_consulta": "sss", "riesgo": "ss", "anamnesis_atencion_medica": true, "anamnesis_alergia": true, "anamnesis_enfermedad": true, "anamnesis_embarazo": false, "anamnesis_otros": "", "antecedentes_diabetes": true, "antecedentes_tuberculosis": true, "antecedentes_enf_renal": false, "antecedentes_anemia": false, "antecedentes_fiebre_reumatica": true, "antecedentes_hemorragias": false, "antecedentes_infecciones": true, "antecedentes_enf_cardio": true, "antecedentes_alerg_penicilina": false, "antecedentes_enf_hepaticas": false, "examen_atm": "SAE", "examen_atm_ganglios": "asdas", "examen_labios": "asdasd", "examen_vestibulo": "fffff", "examen_lengua": "asdads", "examen_paladar": "asdasda", "examen_piso_boca": "fffff", "examen_periodonto": "1212312", "examen_otros": "", "estado": true}}, {"model": "atencion.historia", "pk": 4, "fields": {"persona": 23, "numero": 2, "fecha_apertura": "2017-11-23T23:53:47.323Z", "motivo_consulta": "No especifica", "riesgo": "Ninguno", "anamnesis_atencion_medica": false, "anamnesis_alergia": false, "anamnesis_enfermedad": false, "anamnesis_embarazo": false, "anamnesis_otros": "", "antecedentes_diabetes": false, "antecedentes_tuberculosis": false, "antecedentes_enf_renal": false, "antecedentes_anemia": false, "antecedentes_fiebre_reumatica": false, "antecedentes_hemorragias": false, "antecedentes_infecciones": false, "antecedentes_enf_cardio": false, "antecedentes_alerg_penicilina": false, "antecedentes_enf_hepaticas": false, "examen_atm": "SAE", "examen_atm_ganglios": "SAE", "examen_labios": "SAE", "examen_vestibulo": "SAE", "examen_lengua": "SAE", "examen_paladar": "SAE", "examen_piso_boca": "SAE", "examen_periodonto": "SAE", "examen_otros": "", "estado": true}}, {"model": "atencion.historia", "pk": 5, "fields": {"persona": 24, "numero": 3, "fecha_apertura": "2017-11-24T00:11:16.306Z", "motivo_consulta": "Desea hacerse una protesis total abajo", "riesgo": "Hipotiroidismo", "anamnesis_atencion_medica": false, "anamnesis_alergia": false, "anamnesis_enfermedad": false, "anamnesis_embarazo": false, "anamnesis_otros": "Hipotiroidismo", "antecedentes_diabetes": false, "antecedentes_tuberculosis": false, "antecedentes_enf_renal": false, "antecedentes_anemia": false, "antecedentes_fiebre_reumatica": false, "antecedentes_hemorragias": false, "antecedentes_infecciones": false, "antecedentes_enf_cardio": false, "antecedentes_alerg_penicilina": false, "antecedentes_enf_hepaticas": false, "examen_atm": "SAE", "examen_atm_ganglios": "SAE", "examen_labios": "SAE", "examen_vestibulo": "SAE", "examen_lengua": "SAE", "examen_paladar": "SAE", "examen_piso_boca": "SAE", "examen_periodonto": "SAE", "examen_otros": "", "estado": true}}, {"model": "atencion.historia", "pk": 6, "fields": {"persona": 25, "numero": 4, "fecha_apertura": "2017-11-24T00:18:07.732Z", "motivo_consulta": "Limpieza", "riesgo": "Ninguno", "anamnesis_atencion_medica": false, "anamnesis_alergia": false, "anamnesis_enfermedad": false, "anamnesis_embarazo": false, "anamnesis_otros": "", "antecedentes_diabetes": false, "antecedentes_tuberculosis": false, "antecedentes_enf_renal": false, "antecedentes_anemia": false, "antecedentes_fiebre_reumatica": false, "antecedentes_hemorragias": false, "antecedentes_infecciones": false, "antecedentes_enf_cardio": false, "antecedentes_alerg_penicilina": false, "antecedentes_enf_hepaticas": false, "examen_atm": "SAE", "examen_atm_ganglios": "SAE", "examen_labios": "SAE", "examen_vestibulo": "SAE", "examen_lengua": "SAE", "examen_paladar": "SAE", "examen_piso_boca": "SAE", "examen_periodonto": "SAE", "examen_otros": "", "estado": true}}, {"model": "atencion.historia", "pk": 7, "fields": {"persona": 26, "numero": 5, "fecha_apertura": "2017-11-24T00:22:19.762Z", "motivo_consulta": "Tx. Integral", "riesgo": "Ninguno", "anamnesis_atencion_medica": false, "anamnesis_alergia": false, "anamnesis_enfermedad": false, "anamnesis_embarazo": false, "anamnesis_otros": "", "antecedentes_diabetes": false, "antecedentes_tuberculosis": false, "antecedentes_enf_renal": false, "antecedentes_anemia": false, "antecedentes_fiebre_reumatica": false, "antecedentes_hemorragias": false, "antecedentes_infecciones": false, "antecedentes_enf_cardio": false, "antecedentes_alerg_penicilina": false, "antecedentes_enf_hepaticas": false, "examen_atm": "SAE", "examen_atm_ganglios": "SAE", "examen_labios": "SAE", "examen_vestibulo": "SAE", "examen_lengua": "SAE", "examen_paladar": "SAE", "examen_piso_boca": "SAE", "examen_periodonto": "SAE", "examen_otros": "", "estado": true}}, {"model": "atencion.historia", "pk": 8, "fields": {"persona": 27, "numero": 6, "fecha_apertura": "2017-11-24T00:28:09.795Z", "motivo_consulta": "Dolor de un diente desde hace un mes", "riesgo": "Alergia a los aines", "anamnesis_atencion_medica": false, "anamnesis_alergia": false, "anamnesis_enfermedad": false, "anamnesis_embarazo": false, "anamnesis_otros": "", "antecedentes_diabetes": false, "antecedentes_tuberculosis": false, "antecedentes_enf_renal": false, "antecedentes_anemia": false, "antecedentes_fiebre_reumatica": false, "antecedentes_hemorragias": false, "antecedentes_infecciones": false, "antecedentes_enf_cardio": false, "antecedentes_alerg_penicilina": false, "antecedentes_enf_hepaticas": false, "examen_atm": "SAE", "examen_atm_ganglios": "SAE", "examen_labios": "SAE", "examen_vestibulo": "SAE", "examen_lengua": "SAE", "examen_paladar": "SAE", "examen_piso_boca": "SAE", "examen_periodonto": "SAE", "examen_otros": "", "estado": true}}, {"model": "atencion.historia", "pk": 9, "fields": {"persona": 28, "numero": 7, "fecha_apertura": "2017-11-24T00:35:40.499Z", "motivo_consulta": "Odontolog\u00eda", "riesgo": "Ninguno", "anamnesis_atencion_medica": false, "anamnesis_alergia": false, "anamnesis_enfermedad": false, "anamnesis_embarazo": false, "anamnesis_otros": "", "antecedentes_diabetes": false, "antecedentes_tuberculosis": false, "antecedentes_enf_renal": false, "antecedentes_anemia": false, "antecedentes_fiebre_reumatica": false, "antecedentes_hemorragias": false, "antecedentes_infecciones": false, "antecedentes_enf_cardio": false, "antecedentes_alerg_penicilina": false, "antecedentes_enf_hepaticas": false, "examen_atm": "SAE", "examen_atm_ganglios": "SAE", "examen_labios": "SAE", "examen_vestibulo": "SAE", "examen_lengua": "SAE", "examen_paladar": "SAE", "examen_piso_boca": "SAE", "examen_periodonto": "SAE", "examen_otros": "", "estado": true}}, {"model": "atencion.historia", "pk": 10, "fields": {"persona": 29, "numero": 8, "fecha_apertura": "2017-11-24T00:41:22.373Z", "motivo_consulta": "Dolor de diente", "riesgo": "Ninguno por el momento", "anamnesis_atencion_medica": false, "anamnesis_alergia": false, "anamnesis_enfermedad": false, "anamnesis_embarazo": false, "anamnesis_otros": "", "antecedentes_diabetes": false, "antecedentes_tuberculosis": false, "antecedentes_enf_renal": false, "antecedentes_anemia": false, "antecedentes_fiebre_reumatica": false, "antecedentes_hemorragias": false, "antecedentes_infecciones": false, "antecedentes_enf_cardio": false, "antecedentes_alerg_penicilina": false, "antecedentes_enf_hepaticas": false, "examen_atm": "SAE", "examen_atm_ganglios": "SAE", "examen_labios": "SAE", "examen_vestibulo": "SAE", "examen_lengua": "SAE", "examen_paladar": "SAE", "examen_piso_boca": "SAE", "examen_periodonto": "SAE", "examen_otros": "", "estado": true}}, {"model": "atencion.trabajador", "pk": 3, "fields": {"persona": 20, "nro_colegio": "33671", "estado": true}}, {"model": "atencion.trabajador", "pk": 4, "fields": {"persona": 21, "nro_colegio": "30708", "estado": true}}, {"model": "atencion.historiadetalle", "pk": 1, "fields": {"historia": 1, "precio": "80.00", "doctor": 3, "fecha": "2017-11-16", "tratamiento": "Tratamiento"}}, {"model": "atencion.historiadetalle", "pk": 2, "fields": {"historia": 1, "precio": "30.00", "doctor": 4, "fecha": "2017-11-16", "tratamiento": "Dientes rotos. Es bastante frecuente observar en nuestra consulta pacientes que han sufrido alg\u00fan tipo de traumatismo, normalmente en los incisivos superiores."}}, {"model": "atencion.historiadetalle", "pk": 3, "fields": {"historia": 4, "precio": "60.00", "doctor": 3, "fecha": "2017-11-23", "tratamiento": "Examen Bucal. Apertura Bucal, limpieza pieza 7.4. \r\nResta: 20"}}, {"model": "atencion.historiadetalle", "pk": 4, "fields": {"historia": 5, "precio": "300.00", "doctor": 3, "fecha": "2017-11-23", "tratamiento": "Examen bucal toma de impresi\u00f3n para modelos"}}, {"model": "atencion.historiadetalle", "pk": 5, "fields": {"historia": 5, "precio": "0.00", "doctor": 3, "fecha": "2017-11-23", "tratamiento": "Toma de impresi\u00f3n definitiva con cubeta individual y la pasta ziquen\u00f3fica"}}, {"model": "atencion.historiadetalle", "pk": 6, "fields": {"historia": 5, "precio": "0.00", "doctor": 3, "fecha": "2017-11-23", "tratamiento": "Prueba de placa base con rodete"}}, {"model": "atencion.historiadetalle", "pk": 7, "fields": {"historia": 5, "precio": "50.00", "doctor": 3, "fecha": "2017-11-23", "tratamiento": "Prueba de enfilado para pr\u00f3tesis inferior"}}, {"model": "atencion.historiadetalle", "pk": 8, "fields": {"historia": 6, "precio": "25.00", "doctor": 3, "fecha": "2017-11-23", "tratamiento": "Examen Bucal\r\nLimpieza Bucal"}}, {"model": "atencion.historiadetalle", "pk": 9, "fields": {"historia": 7, "precio": "70.00", "doctor": 3, "fecha": "2017-11-23", "tratamiento": "Examen bucal. Profilaxis + curaci\u00f3n provisional preparaci\u00f3n para curaci\u00f3n indirecta 4.6"}}, {"model": "atencion.historiadetalle", "pk": 10, "fields": {"historia": 8, "precio": "50.00", "doctor": 3, "fecha": "2017-11-23", "tratamiento": "Examen Bucal eudodoncia: Apertura 4.6"}}, {"model": "atencion.historiadetalle", "pk": 11, "fields": {"historia": 8, "precio": "100.00", "doctor": 3, "fecha": "2017-11-23", "tratamiento": "Eudodoncia final"}}, {"model": "atencion.historiadetalle", "pk": 12, "fields": {"historia": 9, "precio": "45.00", "doctor": 3, "fecha": "2017-11-23", "tratamiento": "Examen Bucal. Apertura de Pieza 4.8\r\nLimpieza y colocaci\u00f3n de cemento prosional"}}, {"model": "atencion.historiadetalle", "pk": 13, "fields": {"historia": 9, "precio": "0.00", "doctor": 3, "fecha": "2017-11-23", "tratamiento": "Restauraci\u00f3n definitiva de pieza 4.8 (No dolor)"}}, {"model": "atencion.caradental", "pk": 1, "fields": {"nombre": "Vestibular", "abrev": "V", "css_class": ""}}, {"model": "atencion.caradental", "pk": 2, "fields": {"nombre": "Mesial", "abrev": "M", "css_class": ""}}, {"model": "atencion.caradental", "pk": 3, "fields": {"nombre": "Distal", "abrev": "D", "css_class": ""}}, {"model": "atencion.caradental", "pk": 4, "fields": {"nombre": "Palatino", "abrev": "P", "css_class": ""}}, {"model": "atencion.caradental", "pk": 5, "fields": {"nombre": "Incisal", "abrev": "I", "css_class": ""}}, {"model": "atencion.caradental", "pk": 6, "fields": {"nombre": "Oclusal", "abrev": "O", "css_class": ""}}, {"model": "atencion.caradental", "pk": 7, "fields": {"nombre": "Ling\u00fcal", "abrev": "L", "css_class": "lingual"}}, {"model": "atencion.tratamientodental", "pk": 1, "fields": {"nombre": "Sano", "css_class": "sano btn-default", "orden": 1}}, {"model": "atencion.tratamientodental", "pk": 2, "fields": {"nombre": "Caries", "css_class": "btn-danger caries", "orden": 2}}, {"model": "atencion.tratamientodental", "pk": 3, "fields": {"nombre": "Sellante", "css_class": "btn-success sellante", "orden": 3}}, {"model": "atencion.tratamientodental", "pk": 4, "fields": {"nombre": "Composite", "css_class": "btn-primary composite", "orden": 4}}, {"model": "atencion.tratamientodental", "pk": 5, "fields": {"nombre": "Pieza Ausente", "css_class": "btn-default pieza_ausente", "orden": 5}}, {"model": "atencion.piezadental", "pk": 1, "fields": {"nombre": "Incisivo lateral Superior Derecho", "abrev": "1.2", "orden": 7, "imagen": "piezas/d12.png", "tipo": "Permanente", "cuadrante": 1, "cara_1": 1, "cara_2": 3, "cara_3": 5, "cara_4": 2, "cara_5": 4}}, {"model": "atencion.piezadental", "pk": 2, "fields": {"nombre": "Incisivo Central Superior Derecho", "abrev": "1.1", "orden": 8, "imagen": "piezas/d11.png", "tipo": "Permanente", "cuadrante": 1, "cara_1": 1, "cara_2": 3, "cara_3": 5, "cara_4": 2, "cara_5": 4}}, {"model": "atencion.piezadental", "pk": 3, "fields": {"nombre": "Pieza 2.1", "abrev": "2.1", "orden": 1, "imagen": "piezas/d21.png", "tipo": "Permanente", "cuadrante": 2, "cara_1": 1, "cara_2": 2, "cara_3": 5, "cara_4": 3, "cara_5": 4}}, {"model": "atencion.piezadental", "pk": 4, "fields": {"nombre": "Pieza 2.2", "abrev": "2.2", "orden": 2, "imagen": "piezas/d22.png", "tipo": "Permanente", "cuadrante": 2, "cara_1": 1, "cara_2": 2, "cara_3": 5, "cara_4": 3, "cara_5": 4}}, {"model": "atencion.piezadental", "pk": 5, "fields": {"nombre": "Pieza 5.1", "abrev": "5.1", "orden": 5, "imagen": "piezas/d51.png", "tipo": "Temporal", "cuadrante": 1, "cara_1": 1, "cara_2": 3, "cara_3": 5, "cara_4": 2, "cara_5": 4}}, {"model": "atencion.piezadental", "pk": 6, "fields": {"nombre": "Pieza 5.2", "abrev": "5.2", "orden": 4, "imagen": "piezas/d52.png", "tipo": "Temporal", "cuadrante": 1, "cara_1": 1, "cara_2": 3, "cara_3": 5, "cara_4": 2, "cara_5": 4}}, {"model": "atencion.piezadental", "pk": 7, "fields": {"nombre": "Pieza 6.1", "abrev": "6.1", "orden": 1, "imagen": "piezas/d61.png", "tipo": "Temporal", "cuadrante": 2, "cara_1": 1, "cara_2": 2, "cara_3": 5, "cara_4": 3, "cara_5": 4}}, {"model": "atencion.piezadental", "pk": 8, "fields": {"nombre": "Pieza 6.2", "abrev": "6.2", "orden": 2, "imagen": "piezas/d62.png", "tipo": "Temporal", "cuadrante": 2, "cara_1": 1, "cara_2": 2, "cara_3": 5, "cara_4": 3, "cara_5": 4}}, {"model": "atencion.piezadental", "pk": 9, "fields": {"nombre": "Pieza 8.1", "abrev": "8.1", "orden": 5, "imagen": "piezas/d81.png", "tipo": "Temporal", "cuadrante": 4, "cara_1": 7, "cara_2": 3, "cara_3": 5, "cara_4": 2, "cara_5": 1}}, {"model": "atencion.piezadental", "pk": 10, "fields": {"nombre": "Pieza 8.2", "abrev": "8.2", "orden": 4, "imagen": "piezas/d82.png", "tipo": "Temporal", "cuadrante": 4, "cara_1": 7, "cara_2": 3, "cara_3": 5, "cara_4": 2, "cara_5": 1}}, {"model": "atencion.piezadental", "pk": 11, "fields": {"nombre": "Pieza 7.1", "abrev": "7.1", "orden": 1, "imagen": "piezas/d71.png", "tipo": "Temporal", "cuadrante": 3, "cara_1": 7, "cara_2": 2, "cara_3": 5, "cara_4": 3, "cara_5": 1}}, {"model": "atencion.piezadental", "pk": 12, "fields": {"nombre": "Pieza 7.2", "abrev": "7.2", "orden": 2, "imagen": "piezas/d72.png", "tipo": "Temporal", "cuadrante": 3, "cara_1": 7, "cara_2": 2, "cara_3": 5, "cara_4": 3, "cara_5": 1}}, {"model": "atencion.piezadental", "pk": 13, "fields": {"nombre": "Pieza 4.2", "abrev": "4.2", "orden": 7, "imagen": "piezas/d42.png", "tipo": "Permanente", "cuadrante": 4, "cara_1": 7, "cara_2": 3, "cara_3": 5, "cara_4": 2, "cara_5": 1}}, {"model": "atencion.piezadental", "pk": 14, "fields": {"nombre": "Pieza 4.1", "abrev": "4.1", "orden": 8, "imagen": "piezas/d41.png", "tipo": "Permanente", "cuadrante": 4, "cara_1": 7, "cara_2": 3, "cara_3": 5, "cara_4": 2, "cara_5": 1}}, {"model": "atencion.piezadental", "pk": 15, "fields": {"nombre": "Pieza 3.1", "abrev": "3.1", "orden": 1, "imagen": "piezas/d31.png", "tipo": "Permanente", "cuadrante": 3, "cara_1": 7, "cara_2": 2, "cara_3": 5, "cara_4": 3, "cara_5": 1}}, {"model": "atencion.piezadental", "pk": 16, "fields": {"nombre": "Pieza 3.2", "abrev": "3.2", "orden": 2, "imagen": "piezas/d32.png", "tipo": "Permanente", "cuadrante": 3, "cara_1": 7, "cara_2": 2, "cara_3": 5, "cara_4": 3, "cara_5": 1}}, {"model": "atencion.piezadental", "pk": 17, "fields": {"nombre": "Pieza 1.3", "abrev": "1.3", "orden": 6, "imagen": "piezas/d13.png", "tipo": "Permanente", "cuadrante": 1, "cara_1": 1, "cara_2": 3, "cara_3": 5, "cara_4": 2, "cara_5": 4}}, {"model": "atencion.piezadental", "pk": 18, "fields": {"nombre": "Pieza 1.4", "abrev": "1.4", "orden": 5, "imagen": "piezas/d14.png", "tipo": "Permanente", "cuadrante": 1, "cara_1": 1, "cara_2": 3, "cara_3": 6, "cara_4": 2, "cara_5": 4}}, {"model": "atencion.piezadental", "pk": 19, "fields": {"nombre": "Pieza 1.5", "abrev": "1.5", "orden": 4, "imagen": "piezas/d15.png", "tipo": "Permanente", "cuadrante": 1, "cara_1": 1, "cara_2": 3, "cara_3": 6, "cara_4": 2, "cara_5": 4}}, {"model": "atencion.piezadental", "pk": 20, "fields": {"nombre": "Pieza 1.6", "abrev": "1.6", "orden": 3, "imagen": "piezas/d16.png", "tipo": "Permanente", "cuadrante": 1, "cara_1": 1, "cara_2": 3, "cara_3": 6, "cara_4": 2, "cara_5": 4}}, {"model": "atencion.piezadental", "pk": 21, "fields": {"nombre": "Pieza 1.7", "abrev": "1.7", "orden": 2, "imagen": "piezas/d17.png", "tipo": "Permanente", "cuadrante": 1, "cara_1": 1, "cara_2": 3, "cara_3": 6, "cara_4": 2, "cara_5": 4}}, {"model": "atencion.piezadental", "pk": 22, "fields": {"nombre": "Pieza 1.8", "abrev": "1.8", "orden": 1, "imagen": "piezas/d18.png", "tipo": "Permanente", "cuadrante": 1, "cara_1": 1, "cara_2": 3, "cara_3": 6, "cara_4": 2, "cara_5": 4}}, {"model": "atencion.piezadental", "pk": 23, "fields": {"nombre": "Pieza 2.3", "abrev": "2.3", "orden": 3, "imagen": "piezas/d23.png", "tipo": "Permanente", "cuadrante": 2, "cara_1": 1, "cara_2": 2, "cara_3": 5, "cara_4": 3, "cara_5": 4}}, {"model": "atencion.piezadental", "pk": 24, "fields": {"nombre": "Pieza 2.4", "abrev": "2.4", "orden": 4, "imagen": "piezas/d24.png", "tipo": "Permanente", "cuadrante": 2, "cara_1": 1, "cara_2": 2, "cara_3": 6, "cara_4": 3, "cara_5": 4}}, {"model": "atencion.piezadental", "pk": 25, "fields": {"nombre": "Pieza 2.5", "abrev": "2.5", "orden": 5, "imagen": "piezas/d25.png", "tipo": "Permanente", "cuadrante": 2, "cara_1": 1, "cara_2": 2, "cara_3": 6, "cara_4": 3, "cara_5": 4}}, {"model": "atencion.piezadental", "pk": 26, "fields": {"nombre": "Pieza 2.6", "abrev": "2.6", "orden": 6, "imagen": "piezas/d26.png", "tipo": "Permanente", "cuadrante": 2, "cara_1": 1, "cara_2": 2, "cara_3": 6, "cara_4": 3, "cara_5": 4}}, {"model": "atencion.piezadental", "pk": 27, "fields": {"nombre": "Pieza 2.7", "abrev": "2.7", "orden": 7, "imagen": "piezas/d27.png", "tipo": "Permanente", "cuadrante": 2, "cara_1": 1, "cara_2": 2, "cara_3": 6, "cara_4": 3, "cara_5": 4}}, {"model": "atencion.piezadental", "pk": 28, "fields": {"nombre": "Pieza 2.8", "abrev": "2.8", "orden": 8, "imagen": "piezas/d28.png", "tipo": "Permanente", "cuadrante": 2, "cara_1": 1, "cara_2": 2, "cara_3": 6, "cara_4": 3, "cara_5": 4}}, {"model": "atencion.piezadental", "pk": 29, "fields": {"nombre": "Pieza 5.3", "abrev": "5.3", "orden": 3, "imagen": "piezas/d53.png", "tipo": "Temporal", "cuadrante": 1, "cara_1": 1, "cara_2": 3, "cara_3": 5, "cara_4": 2, "cara_5": 4}}, {"model": "atencion.piezadental", "pk": 30, "fields": {"nombre": "Pieza 5.4", "abrev": "5.4", "orden": 2, "imagen": "piezas/d54.png", "tipo": "Temporal", "cuadrante": 1, "cara_1": 1, "cara_2": 3, "cara_3": 6, "cara_4": 2, "cara_5": 4}}, {"model": "atencion.piezadental", "pk": 31, "fields": {"nombre": "Pieza 5.5", "abrev": "5.5", "orden": 1, "imagen": "piezas/d55.png", "tipo": "Temporal", "cuadrante": 1, "cara_1": 1, "cara_2": 3, "cara_3": 6, "cara_4": 2, "cara_5": 4}}, {"model": "atencion.piezadental", "pk": 32, "fields": {"nombre": "Pieza 6.3", "abrev": "6.3", "orden": 3, "imagen": "piezas/d63.png", "tipo": "Temporal", "cuadrante": 2, "cara_1": 1, "cara_2": 2, "cara_3": 5, "cara_4": 3, "cara_5": 4}}, {"model": "atencion.piezadental", "pk": 33, "fields": {"nombre": "Pieza 6.4", "abrev": "6.4", "orden": 4, "imagen": "piezas/d64.png", "tipo": "Temporal", "cuadrante": 2, "cara_1": 1, "cara_2": 2, "cara_3": 6, "cara_4": 3, "cara_5": 4}}, {"model": "atencion.piezadental", "pk": 34, "fields": {"nombre": "Pieza 6.5", "abrev": "6.5", "orden": 5, "imagen": "piezas/d65.png", "tipo": "Temporal", "cuadrante": 2, "cara_1": 1, "cara_2": 2, "cara_3": 6, "cara_4": 3, "cara_5": 4}}, {"model": "atencion.piezadental", "pk": 35, "fields": {"nombre": "Pieza 8.3", "abrev": "8.3", "orden": 3, "imagen": "piezas/d83.png", "tipo": "Temporal", "cuadrante": 4, "cara_1": 7, "cara_2": 3, "cara_3": 5, "cara_4": 2, "cara_5": 1}}, {"model": "atencion.piezadental", "pk": 36, "fields": {"nombre": "Pieza 8.4", "abrev": "8.4", "orden": 2, "imagen": "piezas/d84.png", "tipo": "Temporal", "cuadrante": 4, "cara_1": 7, "cara_2": 3, "cara_3": 6, "cara_4": 2, "cara_5": 1}}, {"model": "atencion.piezadental", "pk": 37, "fields": {"nombre": "Pieza 8.5", "abrev": "8.5", "orden": 1, "imagen": "piezas/d85.png", "tipo": "Temporal", "cuadrante": 4, "cara_1": 7, "cara_2": 3, "cara_3": 6, "cara_4": 2, "cara_5": 1}}, {"model": "atencion.piezadental", "pk": 38, "fields": {"nombre": "Pieza 7.3", "abrev": "7.3", "orden": 3, "imagen": "piezas/d73.png", "tipo": "Temporal", "cuadrante": 3, "cara_1": 7, "cara_2": 2, "cara_3": 5, "cara_4": 3, "cara_5": 1}}, {"model": "atencion.piezadental", "pk": 39, "fields": {"nombre": "Pieza 7.4", "abrev": "7.4", "orden": 4, "imagen": "piezas/d74.png", "tipo": "Temporal", "cuadrante": 3, "cara_1": 7, "cara_2": 2, "cara_3": 6, "cara_4": 3, "cara_5": 1}}, {"model": "atencion.piezadental", "pk": 40, "fields": {"nombre": "Pieza 7.5", "abrev": "7.5", "orden": 5, "imagen": "piezas/d75.png", "tipo": "Temporal", "cuadrante": 3, "cara_1": 7, "cara_2": 2, "cara_3": 6, "cara_4": 3, "cara_5": 1}}, {"model": "atencion.piezadental", "pk": 41, "fields": {"nombre": "Pieza 4.3", "abrev": "4.3", "orden": 6, "imagen": "piezas/d43.png", "tipo": "Permanente", "cuadrante": 4, "cara_1": 7, "cara_2": 3, "cara_3": 5, "cara_4": 2, "cara_5": 1}}, {"model": "atencion.piezadental", "pk": 42, "fields": {"nombre": "Pieza 4.4", "abrev": "4.4", "orden": 5, "imagen": "piezas/d44.png", "tipo": "Permanente", "cuadrante": 4, "cara_1": 7, "cara_2": 3, "cara_3": 6, "cara_4": 2, "cara_5": 1}}, {"model": "atencion.piezadental", "pk": 43, "fields": {"nombre": "Pieza 4.5", "abrev": "4.5", "orden": 4, "imagen": "piezas/d45.png", "tipo": "Permanente", "cuadrante": 4, "cara_1": 7, "cara_2": 3, "cara_3": 6, "cara_4": 2, "cara_5": 1}}, {"model": "atencion.piezadental", "pk": 44, "fields": {"nombre": "Pieza 4.6", "abrev": "4.6", "orden": 3, "imagen": "piezas/d46.png", "tipo": "Permanente", "cuadrante": 4, "cara_1": 7, "cara_2": 3, "cara_3": 6, "cara_4": 2, "cara_5": 1}}, {"model": "atencion.piezadental", "pk": 45, "fields": {"nombre": "Pieza 4.7", "abrev": "4.7", "orden": 2, "imagen": "piezas/d47.png", "tipo": "Permanente", "cuadrante": 4, "cara_1": 7, "cara_2": 3, "cara_3": 6, "cara_4": 2, "cara_5": 1}}, {"model": "atencion.piezadental", "pk": 46, "fields": {"nombre": "Pieza 4.8", "abrev": "4.8", "orden": 1, "imagen": "piezas/d48.png", "tipo": "Permanente", "cuadrante": 4, "cara_1": 7, "cara_2": 3, "cara_3": 6, "cara_4": 2, "cara_5": 1}}, {"model": "atencion.piezadental", "pk": 47, "fields": {"nombre": "Pieza 3.3", "abrev": "3.3", "orden": 3, "imagen": "piezas/d33.png", "tipo": "Permanente", "cuadrante": 3, "cara_1": 7, "cara_2": 2, "cara_3": 5, "cara_4": 3, "cara_5": 1}}, {"model": "atencion.piezadental", "pk": 48, "fields": {"nombre": "Pieza 3.4", "abrev": "3.4", "orden": 4, "imagen": "piezas/d34.png", "tipo": "Permanente", "cuadrante": 3, "cara_1": 7, "cara_2": 2, "cara_3": 6, "cara_4": 3, "cara_5": 1}}, {"model": "atencion.piezadental", "pk": 49, "fields": {"nombre": "Pieza 3.5", "abrev": "3.5", "orden": 5, "imagen": "piezas/d35.png", "tipo": "Permanente", "cuadrante": 3, "cara_1": 7, "cara_2": 2, "cara_3": 6, "cara_4": 3, "cara_5": 1}}, {"model": "atencion.piezadental", "pk": 50, "fields": {"nombre": "Pieza 3.6", "abrev": "3.6", "orden": 6, "imagen": "piezas/d36.png", "tipo": "Permanente", "cuadrante": 3, "cara_1": 7, "cara_2": 2, "cara_3": 6, "cara_4": 3, "cara_5": 1}}, {"model": "atencion.piezadental", "pk": 51, "fields": {"nombre": "Pieza 3.7", "abrev": "3.7", "orden": 7, "imagen": "piezas/d37.png", "tipo": "Permanente", "cuadrante": 3, "cara_1": 7, "cara_2": 2, "cara_3": 6, "cara_4": 3, "cara_5": 1}}, {"model": "atencion.piezadental", "pk": 52, "fields": {"nombre": "Pieza 3.8", "abrev": "3.8", "orden": 8, "imagen": "piezas/d38.png", "tipo": "Permanente", "cuadrante": 3, "cara_1": 7, "cara_2": 2, "cara_3": 6, "cara_4": 3, "cara_5": 1}}, {"model": "atencion.odontograma", "pk": 1, "fields": {"historia": 1, "estado": false, "informe": "Curaciones", "plan_tratamiento": "Curaciones", "fecha": "2017-11-15"}}, {"model": "atencion.odontograma", "pk": 2, "fields": {"historia": 1, "estado": false, "informe": null, "plan_tratamiento": null, "fecha": "2017-11-15"}}, {"model": "atencion.odontograma", "pk": 3, "fields": {"historia": 1, "estado": false, "informe": "Cuidado", "plan_tratamiento": "C.", "fecha": "2017-11-16"}}, {"model": "atencion.odontograma", "pk": 4, "fields": {"historia": 1, "estado": true, "informe": "asd", "plan_tratamiento": "dasd", "fecha": "2017-11-18"}}, {"model": "atencion.odontograma", "pk": 5, "fields": {"historia": 2, "estado": true, "informe": null, "plan_tratamiento": null, "fecha": "2017-11-23"}}, {"model": "atencion.odontograma", "pk": 7, "fields": {"historia": 4, "estado": true, "informe": "", "plan_tratamiento": "", "fecha": "2017-11-23"}}, {"model": "atencion.odontograma", "pk": 8, "fields": {"historia": 5, "estado": true, "informe": null, "plan_tratamiento": null, "fecha": "2017-11-23"}}, {"model": "atencion.odontograma", "pk": 9, "fields": {"historia": 6, "estado": true, "informe": null, "plan_tratamiento": null, "fecha": "2017-11-23"}}, {"model": "atencion.odontograma", "pk": 10, "fields": {"historia": 7, "estado": true, "informe": "Placa Bacteriana y dura", "plan_tratamiento": "", "fecha": "2017-11-23"}}, {"model": "atencion.odontograma", "pk": 11, "fields": {"historia": 8, "estado": true, "informe": "", "plan_tratamiento": "Endondoncia", "fecha": "2017-11-23"}}, {"model": "atencion.odontograma", "pk": 12, "fields": {"historia": 9, "estado": true, "informe": "", "plan_tratamiento": "", "fecha": "2017-11-23"}}, {"model": "atencion.odontograma", "pk": 13, "fields": {"historia": 10, "estado": true, "informe": "Presenta placa dura en regi\u00f3n anterior inferior.\r\nPulpitis 3.5", "plan_tratamiento": "", "fecha": "2017-11-23"}}, {"model": "atencion.odontogramapieza", "pk": 1, "fields": {"odontograma": 1, "pieza": 1, "cuadrante": 1, "tratamiento": null, "orden": 7, "cara_1_tratamiento": null, "cara_2_tratamiento": null, "cara_3_tratamiento": null, "cara_4_tratamiento": null, "cara_5_tratamiento": null}}, {"model": "atencion.odontogramapieza", "pk": 2, "fields": {"odontograma": 1, "pieza": 2, "cuadrante": 1, "tratamiento": null, "orden": 8, "cara_1_tratamiento": null, "cara_2_tratamiento": null, "cara_3_tratamiento": null, "cara_4_tratamiento": null, "cara_5_tratamiento": null}}, {"model": "atencion.odontogramapieza", "pk": 3, "fields": {"odontograma": 1, "pieza": 3, "cuadrante": 2, "tratamiento": null, "orden": 1, "cara_1_tratamiento": null, "cara_2_tratamiento": null, "cara_3_tratamiento": null, "cara_4_tratamiento": null, "cara_5_tratamiento": null}}, {"model": "atencion.odontogramapieza", "pk": 4, "fields": {"odontograma": 1, "pieza": 4, "cuadrante": 2, "tratamiento": null, "orden": 2, "cara_1_tratamiento": null, "cara_2_tratamiento": null, "cara_3_tratamiento": null, "cara_4_tratamiento": null, "cara_5_tratamiento": null}}, {"model": "atencion.odontogramapieza", "pk": 5, "fields": {"odontograma": 1, "pieza": 5, "cuadrante": 1, "tratamiento": null, "orden": 5, "cara_1_tratamiento": null, "cara_2_tratamiento": null, "cara_3_tratamiento": null, "cara_4_tratamiento": null, "cara_5_tratamiento": null}}, {"model": "atencion.odontogramapieza", "pk": 6, "fields": {"odontograma": 1, "pieza": 6, "cuadrante": 1, "tratamiento": null, "orden": 4, "cara_1_tratamiento": null, "cara_2_tratamiento": null, "cara_3_tratamiento": null, "cara_4_tratamiento": null, "cara_5_tratamiento": null}}, {"model": "atencion.odontogramapieza", "pk": 7, "fields": {"odontograma": 1, "pieza": 7, "cuadrante": 2, "tratamiento": null, "orden": 1, "cara_1_tratamiento": null, "cara_2_tratamiento": null, "cara_3_tratamiento": null, "cara_4_tratamiento": null, "cara_5_tratamiento": null}}, {"model": "atencion.odontogramapieza", "pk": 8, "fields": {"odontograma": 1, "pieza": 8, "cuadrante": 2, "tratamiento": null, "orden": 2, "cara_1_tratamiento": null, "cara_2_tratamiento": null, "cara_3_tratamiento": null, "cara_4_tratamiento": null, "cara_5_tratamiento": null}}, {"model": "atencion.odontogramapieza", "pk": 9, "fields": {"odontograma": 1, "pieza": 9, "cuadrante": 4, "tratamiento": null, "orden": 5, "cara_1_tratamiento": null, "cara_2_tratamiento": null, "cara_3_tratamiento": null, "cara_4_tratamiento": null, "cara_5_tratamiento": null}}, {"model": "atencion.odontogramapieza", "pk": 10, "fields": {"odontograma": 1, "pieza": 10, "cuadrante": 4, "tratamiento": null, "orden": 4, "cara_1_tratamiento": null, "cara_2_tratamiento": null, "cara_3_tratamiento": null, "cara_4_tratamiento": null, "cara_5_tratamiento": null}}, {"model": "atencion.odontogramapieza", "pk": 11, "fields": {"odontograma": 1, "pieza": 11, "cuadrante": 3, "tratamiento": null, "orden": 1, "cara_1_tratamiento": null, "cara_2_tratamiento": null, "cara_3_tratamiento": null, "cara_4_tratamiento": null, "cara_5_tratamiento": null}}, {"model": "atencion.odontogramapieza", "pk": 12, "fields": {"odontograma": 1, "pieza": 12, "cuadrante": 3, "tratamiento": null, "orden": 2, "cara_1_tratamiento": null, "cara_2_tratamiento": null, "cara_3_tratamiento": null, "cara_4_tratamiento": null, "cara_5_tratamiento": null}}, {"model": "atencion.odontogramapieza", "pk": 13, "fields": {"odontograma": 1, "pieza": 13, "cuadrante": 4, "tratamiento": null, "orden": 7, "cara_1_tratamiento": null, "cara_2_tratamiento": null, "cara_3_tratamiento": null, "cara_4_tratamiento": null, "cara_5_tratamiento": null}}, {"model": "atencion.odontogramapieza", "pk": 14, "fields": {"odontograma": 1, "pieza": 14, "cuadrante": 4, "tratamiento": null, "orden": 8, "cara_1_tratamiento": null, "cara_2_tratamiento": null, "cara_3_tratamiento": null, "cara_4_tratamiento": null, "cara_5_tratamiento": null}}, {"model": "atencion.odontogramapieza", "pk": 15, "fields": {"odontograma": 1, "pieza": 15, "cuadrante": 3, "tratamiento": null, "orden": 1, "cara_1_tratamiento": null, "cara_2_tratamiento": null, "cara_3_tratamiento": null, "cara_4_tratamiento": null, "cara_5_tratamiento": null}}, {"model": "atencion.odontogramapieza", "pk": 16, "fields": {"odontograma": 1, "pieza": 16, "cuadrante": 3, "tratamiento": null, "orden": 2, "cara_1_tratamiento": null, "cara_2_tratamiento": null, "cara_3_tratamiento": null, "cara_4_tratamiento": null, "cara_5_tratamiento": null}}, {"model": "atencion.odontogramapieza", "pk": 17, "fields": {"odontograma": 1, "pieza": 17, "cuadrante": 1, "tratamiento": null, "orden": 6, "cara_1_tratamiento": null, "cara_2_tratamiento": null, "cara_3_tratamiento": 4, "cara_4_tratamiento": null, "cara_5_tratamiento": null}}, {"model": "atencion.odontogramapieza", "pk": 18, "fields": {"odontograma": 1, "pieza": 18, "cuadrante": 1, "tratamiento": null, "orden": 5, "cara_1_tratamiento": null, "cara_2_tratamiento": null, "cara_3_tratamiento": null, "cara_4_tratamiento": null, "cara_5_tratamiento": null}}, {"model": "atencion.odontogramapieza", "pk": 19, "fields": {"odontograma": 1, "pieza": 19, "cuadrante": 1, "tratamiento": null, "orden": 4, "cara_1_tratamiento": null, "cara_2_tratamiento": null, "cara_3_tratamiento": null, "cara_4_tratamiento": null, "cara_5_tratamiento": null}}, {"model": "atencion.odontogramapieza", "pk": 20, "fields": {"odontograma": 1, "pieza": 20, "cuadrante": 1, "tratamiento": null, "orden": 3, "cara_1_tratamiento": null, "cara_2_tratamiento": null, "cara_3_tratamiento": null, "cara_4_tratamiento": null, "cara_5_tratamiento": null}}, {"model": "atencion.odontogramapieza", "pk": 21, "fields": {"odontograma": 1, "pieza": 21, "cuadrante": 1, "tratamiento": null, "orden": 2, "cara_1_tratamiento": null, "cara_2_tratamiento": null, "cara_3_tratamiento": null, "cara_4_tratamiento": null, "cara_5_tratamiento": null}}, {"model": "atencion.odontogramapieza", "pk": 22, "fields": {"odontograma": 1, "pieza": 22, "cuadrante": 1, "tratamiento": null, "orden": 1, "cara_1_tratamiento": null, "cara_2_tratamiento": null, "cara_3_tratamiento": null, "cara_4_tratamiento": null, "cara_5_tratamiento": null}}, {"model": "atencion.odontogramapieza", "pk": 23, "fields": {"odontograma": 1, "pieza": 23, "cuadrante": 2, "tratamiento": null, "orden": 3, "cara_1_tratamiento": null, "cara_2_tratamiento": null, "cara_3_tratamiento": null, "cara_4_tratamiento": null, "cara_5_tratamiento": null}}, {"model": "atencion.odontogramapieza", "pk": 24, "fields": {"odontograma": 1, "pieza": 24, "cuadrante": 2, "tratamiento": null, "orden": 4, "cara_1_tratamiento": null, "cara_2_tratamiento": null, "cara_3_tratamiento": 4, "cara_4_tratamiento": null, "cara_5_tratamiento": null}}, {"model": "atencion.odontogramapieza", "pk": 25, "fields": {"odontograma": 1, "pieza": 25, "cuadrante": 2, "tratamiento": null, "orden": 5, "cara_1_tratamiento": 2, "cara_2_tratamiento": null, "cara_3_tratamiento": 2, "cara_4_tratamiento": null, "cara_5_tratamiento": null}}, {"model": "atencion.odontogramapieza", "pk": 26, "fields": {"odontograma": 1, "pieza": 26, "cuadrante": 2, "tratamiento": null, "orden": 6, "cara_1_tratamiento": null, "cara_2_tratamiento": null, "cara_3_tratamiento": null, "cara_4_tratamiento": null, "cara_5_tratamiento": null}}, {"model": "atencion.odontogramapieza", "pk": 27, "fields": {"odontograma": 1, "pieza": 27, "cuadrante": 2, "tratamiento": null, "orden": 7, "cara_1_tratamiento": null, "cara_2_tratamiento": null, "cara_3_tratamiento": null, "cara_4_tratamiento": null, "cara_5_tratamiento": null}}, {"model": "atencion.odontogramapieza", "pk": 28, "fields": {"odontograma": 1, "pieza": 28, "cuadrante": 2, "tratamiento": null, "orden": 8, "cara_1_tratamiento": null, "cara_2_tratamiento": null, "cara_3_tratamiento": null, "cara_4_tratamiento": null, "cara_5_tratamiento": null}}, {"model": "atencion.odontogramapieza", "pk": 29, "fields": {"odontograma": 1, "pieza": 29, "cuadrante": 1, "tratamiento": null, "orden": 3, "cara_1_tratamiento": null, "cara_2_tratamiento": null, "cara_3_tratamiento": null, "cara_4_tratamiento": null, "cara_5_tratamiento": null}}, {"model": "atencion.odontogramapieza", "pk": 30, "fields": {"odontograma": 1, "pieza": 30, "cuadrante": 1, "tratamiento": null, "orden": 2, "cara_1_tratamiento": null, "cara_2_tratamiento": null, "cara_3_tratamiento": null, "cara_4_tratamiento": null, "cara_5_tratamiento": null}}, {"model": "atencion.odontogramapieza", "pk": 31, "fields": {"odontograma": 1, "pieza": 31, "cuadrante": 1, "tratamiento": null, "orden": 1, "cara_1_tratamiento": null, "cara_2_tratamiento": null, "cara_3_tratamiento": null, "cara_4_tratamiento": null, "cara_5_tratamiento": null}}, {"model": "atencion.odontogramapieza", "pk": 32, "fields": {"odontograma": 1, "pieza": 32, "cuadrante": 2, "tratamiento": null, "orden": 3, "cara_1_tratamiento": 1, "cara_2_tratamiento": null, "cara_3_tratamiento": 1, "cara_4_tratamiento": null, "cara_5_tratamiento": null}}, {"model": "atencion.odontogramapieza", "pk": 33, "fields": {"odontograma": 1, "pieza": 33, "cuadrante": 2, "tratamiento": null, "orden": 4, "cara_1_tratamiento": null, "cara_2_tratamiento": null, "cara_3_tratamiento": null, "cara_4_tratamiento": null, "cara_5_tratamiento": null}}, {"model": "atencion.odontogramapieza", "pk": 34, "fields": {"odontograma": 1, "pieza": 34, "cuadrante": 2, "tratamiento": null, "orden": 5, "cara_1_tratamiento": null, "cara_2_tratamiento": null, "cara_3_tratamiento": null, "cara_4_tratamiento": null, "cara_5_tratamiento": null}}, {"model": "atencion.odontogramapieza", "pk": 35, "fields": {"odontograma": 1, "pieza": 35, "cuadrante": 4, "tratamiento": null, "orden": 3, "cara_1_tratamiento": null, "cara_2_tratamiento": null, "cara_3_tratamiento": null, "cara_4_tratamiento": null, "cara_5_tratamiento": null}}, {"model": "atencion.odontogramapieza", "pk": 36, "fields": {"odontograma": 1, "pieza": 36, "cuadrante": 4, "tratamiento": null, "orden": 2, "cara_1_tratamiento": null, "cara_2_tratamiento": null, "cara_3_tratamiento": null, "cara_4_tratamiento": null, "cara_5_tratamiento": null}}, {"model": "atencion.odontogramapieza", "pk": 37, "fields": {"odontograma": 1, "pieza": 37, "cuadrante": 4, "tratamiento": null, "orden": 1, "cara_1_tratamiento": null, "cara_2_tratamiento": null, "cara_3_tratamiento": null, "cara_4_tratamiento": null, "cara_5_tratamiento": null}}, {"model": "atencion.odontogramapieza", "pk": 38, "fields": {"odontograma": 1, "pieza": 38, "cuadrante": 3, "tratamiento": null, "orden": 3, "cara_1_tratamiento": null, "cara_2_tratamiento": null, "cara_3_tratamiento": null, "cara_4_tratamiento": null, "cara_5_tratamiento": null}}, {"model": "atencion.odontogramapieza", "pk": 39, "fields": {"odontograma": 1, "pieza": 39, "cuadrante": 3, "tratamiento": null, "orden": 4, "cara_1_tratamiento": null, "cara_2_tratamiento": null, "cara_3_tratamiento": null, "cara_4_tratamiento": null, "cara_5_tratamiento": null}}, {"model": "atencion.odontogramapieza", "pk": 40, "fields": {"odontograma": 1, "pieza": 40, "cuadrante": 3, "tratamiento": null, "orden": 5, "cara_1_tratamiento": null, "cara_2_tratamiento": null, "cara_3_tratamiento": null, "cara_4_tratamiento": null, "cara_5_tratamiento": null}}, {"model": "atencion.odontogramapieza", "pk": 41, "fields": {"odontograma": 1, "pieza": 41, "cuadrante": 4, "tratamiento": null, "orden": 6, "cara_1_tratamiento": null, "cara_2_tratamiento": null, "cara_3_tratamiento": null, "cara_4_tratamiento": null, "cara_5_tratamiento": null}}, {"model": "atencion.odontogramapieza", "pk": 42, "fields": {"odontograma": 1, "pieza": 42, "cuadrante": 4, "tratamiento": null, "orden": 5, "cara_1_tratamiento": null, "cara_2_tratamiento": null, "cara_3_tratamiento": null, "cara_4_tratamiento": null, "cara_5_tratamiento": null}}, {"model": "atencion.odontogramapieza", "pk": 43, "fields": {"odontograma": 1, "pieza": 43, "cuadrante": 4, "tratamiento": null, "orden": 4, "cara_1_tratamiento": null, "cara_2_tratamiento": null, "cara_3_tratamiento": null, "cara_4_tratamiento": null, "cara_5_tratamiento": null}}, {"model": "atencion.odontogramapieza", "pk": 44, "fields": {"odontograma": 1, "pieza": 44, "cuadrante": 4, "tratamiento": null, "orden": 3, "cara_1_tratamiento": 4, "cara_2_tratamiento": null, "cara_3_tratamiento": 4, "cara_4_tratamiento": null, "cara_5_tratamiento": null}}, {"model": "atencion.odontogramapieza", "pk": 45, "fields": {"odontograma": 1, "pieza": 45, "cuadrante": 4, "tratamiento": null, "orden": 2, "cara_1_tratamiento": null, "cara_2_tratamiento": null, "cara_3_tratamiento": null, "cara_4_tratamiento": null, "cara_5_tratamiento": null}}, {"model": "atencion.odontogramapieza", "pk": 46, "fields": {"odontograma": 1, "pieza": 46, "cuadrante": 4, "tratamiento": null, "orden": 1, "cara_1_tratamiento": null, "cara_2_tratamiento": null, "cara_3_tratamiento": null, "cara_4_tratamiento": null, "cara_5_tratamiento": null}}, {"model": "atencion.odontogramapieza", "pk": 47, "fields": {"odontograma": 1, "pieza": 47, "cuadrante": 3, "tratamiento": null, "orden": 3, "cara_1_tratamiento": null, "cara_2_tratamiento": null, "cara_3_tratamiento": null, "cara_4_tratamiento": null, "cara_5_tratamiento": null}}, {"model": "atencion.odontogramapieza", "pk": 48, "fields": {"odontograma": 1, "pieza": 48, "cuadrante": 3, "tratamiento": null, "orden": 4, "cara_1_tratamiento": null, "cara_2_tratamiento": null, "cara_3_tratamiento": null, "cara_4_tratamiento": null, "cara_5_tratamiento": null}}, {"model": "atencion.odontogramapieza", "pk": 49, "fields": {"odontograma": 1, "pieza": 49, "cuadrante": 3, "tratamiento": null, "orden": 5, "cara_1_tratamiento": null, "cara_2_tratamiento": null, "cara_3_tratamiento": null, "cara_4_tratamiento": null, "cara_5_tratamiento": null}}, {"model": "atencion.odontogramapieza", "pk": 50, "fields": {"odontograma": 1, "pieza": 50, "cuadrante": 3, "tratamiento": null, "orden": 6, "cara_1_tratamiento": null, "cara_2_tratamiento": null, "cara_3_tratamiento": null, "cara_4_tratamiento": null, "cara_5_tratamiento": null}}, {"model": "atencion.odontogramapieza", "pk": 51, "fields": {"odontograma": 1, "pieza": 51, "cuadrante": 3, "tratamiento": null, "orden": 7, "cara_1_tratamiento": null, "cara_2_tratamiento": null, "cara_3_tratamiento": null, "cara_4_tratamiento": null, "cara_5_tratamiento": null}}, {"model": "atencion.odontogramapieza", "pk": 52, "fields": {"odontograma": 1, "pieza": 52, "cuadrante": 3, "tratamiento": null, "orden": 8, "cara_1_tratamiento": null, "cara_2_tratamiento": null, "cara_3_tratamiento": null, "cara_4_tratamiento": null, "cara_5_tratamiento": null}}, {"model": "atencion.odontogramapieza", "pk": 53, "fields": {"odontograma": 2, "pieza": 1, "cuadrante": 1, "tratamiento": null, "orden": 7, "cara_1_tratamiento": null, "cara_2_tratamiento": null, "cara_3_tratamiento": null, "cara_4_tratamiento": null, "cara_5_tratamiento": null}}, {"model": "atencion.odontogramapieza", "pk": 54, "fields": {"odontograma": 2, "pieza": 2, "cuadrante": 1, "tratamiento": null, "orden": 8, "cara_1_tratamiento": null, "cara_2_tratamiento": null, "cara_3_tratamiento": null, "cara_4_tratamiento": null, "cara_5_tratamiento": null}}, {"model": "atencion.odontogramapieza", "pk": 55, "fields": {"odontograma": 2, "pieza": 3, "cuadrante": 2, "tratamiento": null, "orden": 1, "cara_1_tratamiento": null, "cara_2_tratamiento": null, "cara_3_tratamiento": null, "cara_4_tratamiento": null, "cara_5_tratamiento": null}}, {"model": "atencion.odontogramapieza", "pk": 56, "fields": {"odontograma": 2, "pieza": 4, "cuadrante": 2, "tratamiento": null, "orden": 2, "cara_1_tratamiento": null, "cara_2_tratamiento": null, "cara_3_tratamiento": null, "cara_4_tratamiento": null, "cara_5_tratamiento": null}}, {"model": "atencion.odontogramapieza", "pk": 57, "fields": {"odontograma": 2, "pieza": 5, "cuadrante": 1, "tratamiento": null, "orden": 5, "cara_1_tratamiento": null, "cara_2_tratamiento": null, "cara_3_tratamiento": null, "cara_4_tratamiento": null, "cara_5_tratamiento": null}}, {"model": "atencion.odontogramapieza", "pk": 58, "fields": {"odontograma": 2, "pieza": 6, "cuadrante": 1, "tratamiento": null, "orden": 4, "cara_1_tratamiento": null, "cara_2_tratamiento": null, "cara_3_tratamiento": null, "cara_4_tratamiento": null, "cara_5_tratamiento": null}}, {"model": "atencion.odontogramapieza", "pk": 59, "fields": {"odontograma": 2, "pieza": 7, "cuadrante": 2, "tratamiento": null, "orden": 1, "cara_1_tratamiento": null, "cara_2_tratamiento": null, "cara_3_tratamiento": null, "cara_4_tratamiento": null, "cara_5_tratamiento": null}}, {"model": "atencion.odontogramapieza", "pk": 60, "fields": {"odontograma": 2, "pieza": 8, "cuadrante": 2, "tratamiento": null, "orden": 2, "cara_1_tratamiento": null, "cara_2_tratamiento": null, "cara_3_tratamiento": null, "cara_4_tratamiento": null, "cara_5_tratamiento": null}}, {"model": "atencion.odontogramapieza", "pk": 61, "fields": {"odontograma": 2, "pieza": 9, "cuadrante": 4, "tratamiento": null, "orden": 5, "cara_1_tratamiento": null, "cara_2_tratamiento": null, "cara_3_tratamiento": null, "cara_4_tratamiento": null, "cara_5_tratamiento": null}}, {"model": "atencion.odontogramapieza", "pk": 62, "fields": {"odontograma": 2, "pieza": 10, "cuadrante": 4, "tratamiento": null, "orden": 4, "cara_1_tratamiento": null, "cara_2_tratamiento": null, "cara_3_tratamiento": null, "cara_4_tratamiento": null, "cara_5_tratamiento": null}}, {"model": "atencion.odontogramapieza", "pk": 63, "fields": {"odontograma": 2, "pieza": 11, "cuadrante": 3, "tratamiento": null, "orden": 1, "cara_1_tratamiento": null, "cara_2_tratamiento": null, "cara_3_tratamiento": null, "cara_4_tratamiento": null, "cara_5_tratamiento": null}}, {"model": "atencion.odontogramapieza", "pk": 64, "fields": {"odontograma": 2, "pieza": 12, "cuadrante": 3, "tratamiento": null, "orden": 2, "cara_1_tratamiento": null, "cara_2_tratamiento": null, "cara_3_tratamiento": null, "cara_4_tratamiento": null, "cara_5_tratamiento": null}}, {"model": "atencion.odontogramapieza", "pk": 65, "fields": {"odontograma": 2, "pieza": 13, "cuadrante": 4, "tratamiento": null, "orden": 7, "cara_1_tratamiento": null, "cara_2_tratamiento": null, "cara_3_tratamiento": null, "cara_4_tratamiento": null, "cara_5_tratamiento": null}}, {"model": "atencion.odontogramapieza", "pk": 66, "fields": {"odontograma": 2, "pieza": 14, "cuadrante": 4, "tratamiento": null, "orden": 8, "cara_1_tratamiento": null, "cara_2_tratamiento": null, "cara_3_tratamiento": null, "cara_4_tratamiento": null, "cara_5_tratamiento": null}}, {"model": "atencion.odontogramapieza", "pk": 67, "fields": {"odontograma": 2, "pieza": 15, "cuadrante": 3, "tratamiento": null, "orden": 1, "cara_1_tratamiento": null, "cara_2_tratamiento": null, "cara_3_tratamiento": null, "cara_4_tratamiento": null, "cara_5_tratamiento": null}}, {"model": "atencion.odontogramapieza", "pk": 68, "fields": {"odontograma": 2, "pieza": 16, "cuadrante": 3, "tratamiento": null, "orden": 2, "cara_1_tratamiento": null, "cara_2_tratamiento": null, "cara_3_tratamiento": null, "cara_4_tratamiento": null, "cara_5_tratamiento": null}}, {"model": "atencion.odontogramapieza", "pk": 69, "fields": {"odontograma": 2, "pieza": 17, "cuadrante": 1, "tratamiento": null, "orden": 6, "cara_1_tratamiento": null, "cara_2_tratamiento": null, "cara_3_tratamiento": null, "cara_4_tratamiento": null, "cara_5_tratamiento": null}}, {"model": "atencion.odontogramapieza", "pk": 70, "fields": {"odontograma": 2, "pieza": 18, "cuadrante": 1, "tratamiento": null, "orden": 5, "cara_1_tratamiento": null, "cara_2_tratamiento": null, "cara_3_tratamiento": null, "cara_4_tratamiento": null, "cara_5_tratamiento": null}}, {"model": "atencion.odontogramapieza", "pk": 71, "fields": {"odontograma": 2, "pieza": 19, "cuadrante": 1, "tratamiento": null, "orden": 4, "cara_1_tratamiento": null, "cara_2_tratamiento": null, "cara_3_tratamiento": null, "cara_4_tratamiento": null, "cara_5_tratamiento": null}}, {"model": "atencion.odontogramapieza", "pk": 72, "fields": {"odontograma": 2, "pieza": 20, "cuadrante": 1, "tratamiento": null, "orden": 3, "cara_1_tratamiento": null, "cara_2_tratamiento": null, "cara_3_tratamiento": null, "cara_4_tratamiento": null, "cara_5_tratamiento": null}}, {"model": "atencion.odontogramapieza", "pk": 73, "fields": {"odontograma": 2, "pieza": 21, "cuadrante": 1, "tratamiento": null, "orden": 2, "cara_1_tratamiento": null, "cara_2_tratamiento": null, "cara_3_tratamiento": null, "cara_4_tratamiento": null, "cara_5_tratamiento": null}}, {"model": "atencion.odontogramapieza", "pk": 74, "fields": {"odontograma": 2, "pieza": 22, "cuadrante": 1, "tratamiento": null, "orden": 1, "cara_1_tratamiento": null, "cara_2_tratamiento": null, "cara_3_tratamiento": null, "cara_4_tratamiento": null, "cara_5_tratamiento": null}}, {"model": "atencion.odontogramapieza", "pk": 75, "fields": {"odontograma": 2, "pieza": 23, "cuadrante": 2, "tratamiento": null, "orden": 3, "cara_1_tratamiento": null, "cara_2_tratamiento": null, "cara_3_tratamiento": null, "cara_4_tratamiento": null, "cara_5_tratamiento": null}}, {"model": "atencion.odontogramapieza", "pk": 76, "fields": {"odontograma": 2, "pieza": 24, "cuadrante": 2, "tratamiento": null, "orden": 4, "cara_1_tratamiento": null, "cara_2_tratamiento": null, "cara_3_tratamiento": null, "cara_4_tratamiento": null, "cara_5_tratamiento": null}}, {"model": "atencion.odontogramapieza", "pk": 77, "fields": {"odontograma": 2, "pieza": 25, "cuadrante": 2, "tratamiento": null, "orden": 5, "cara_1_tratamiento": null, "cara_2_tratamiento": null, "cara_3_tratamiento": null, "cara_4_tratamiento": null, "cara_5_tratamiento": null}}, {"model": "atencion.odontogramapieza", "pk": 78, "fields": {"odontograma": 2, "pieza": 26, "cuadrante": 2, "tratamiento": null, "orden": 6, "cara_1_tratamiento": null, "cara_2_tratamiento": null, "cara_3_tratamiento": null, "cara_4_tratamiento": null, "cara_5_tratamiento": null}}, {"model": "atencion.odontogramapieza", "pk": 79, "fields": {"odontograma": 2, "pieza": 27, "cuadrante": 2, "tratamiento": null, "orden": 7, "cara_1_tratamiento": null, "cara_2_tratamiento": null, "cara_3_tratamiento": null, "cara_4_tratamiento": null, "cara_5_tratamiento": null}}, {"model": "atencion.odontogramapieza", "pk": 80, "fields": {"odontograma": 2, "pieza": 28, "cuadrante": 2, "tratamiento": null, "orden": 8, "cara_1_tratamiento": null, "cara_2_tratamiento": null, "cara_3_tratamiento": null, "cara_4_tratamiento": null, "cara_5_tratamiento": null}}, {"model": "atencion.odontogramapieza", "pk": 81, "fields": {"odontograma": 2, "pieza": 29, "cuadrante": 1, "tratamiento": null, "orden": 3, "cara_1_tratamiento": null, "cara_2_tratamiento": null, "cara_3_tratamiento": null, "cara_4_tratamiento": null, "cara_5_tratamiento": null}}, {"model": "atencion.odontogramapieza", "pk": 82, "fields": {"odontograma": 2, "pieza": 30, "cuadrante": 1, "tratamiento": null, "orden": 2, "cara_1_tratamiento": null, "cara_2_tratamiento": null, "cara_3_tratamiento": null, "cara_4_tratamiento": null, "cara_5_tratamiento": null}}, {"model": "atencion.odontogramapieza", "pk": 83, "fields": {"odontograma": 2, "pieza": 31, "cuadrante": 1, "tratamiento": null, "orden": 1, "cara_1_tratamiento": null, "cara_2_tratamiento": null, "cara_3_tratamiento": null, "cara_4_tratamiento": null, "cara_5_tratamiento": null}}, {"model": "atencion.odontogramapieza", "pk": 84, "fields": {"odontograma": 2, "pieza": 32, "cuadrante": 2, "tratamiento": null, "orden": 3, "cara_1_tratamiento": null, "cara_2_tratamiento": null, "cara_3_tratamiento": null, "cara_4_tratamiento": null, "cara_5_tratamiento": null}}, {"model": "atencion.odontogramapieza", "pk": 85, "fields": {"odontograma": 2, "pieza": 33, "cuadrante": 2, "tratamiento": null, "orden": 4, "cara_1_tratamiento": null, "cara_2_tratamiento": null, "cara_3_tratamiento": null, "cara_4_tratamiento": null, "cara_5_tratamiento": null}}, {"model": "atencion.odontogramapieza", "pk": 86, "fields": {"odontograma": 2, "pieza": 34, "cuadrante": 2, "tratamiento": null, "orden": 5, "cara_1_tratamiento": null, "cara_2_tratamiento": null, "cara_3_tratamiento": null, "cara_4_tratamiento": null, "cara_5_tratamiento": null}}, {"model": "atencion.odontogramapieza", "pk": 87, "fields": {"odontograma": 2, "pieza": 35, "cuadrante": 4, "tratamiento": null, "orden": 3, "cara_1_tratamiento": null, "cara_2_tratamiento": null, "cara_3_tratamiento": null, "cara_4_tratamiento": null, "cara_5_tratamiento": null}}, {"model": "atencion.odontogramapieza", "pk": 88, "fields": {"odontograma": 2, "pieza": 36, "cuadrante": 4, "tratamiento": null, "orden": 2, "cara_1_tratamiento": null, "cara_2_tratamiento": null, "cara_3_tratamiento": null, "cara_4_tratamiento": null, "cara_5_tratamiento": null}}, {"model": "atencion.odontogramapieza", "pk": 89, "fields": {"odontograma": 2, "pieza": 37, "cuadrante": 4, "tratamiento": null, "orden": 1, "cara_1_tratamiento": null, "cara_2_tratamiento": null, "cara_3_tratamiento": null, "cara_4_tratamiento": null, "cara_5_tratamiento": null}}, {"model": "atencion.odontogramapieza", "pk": 90, "fields": {"odontograma": 2, "pieza": 38, "cuadrante": 3, "tratamiento": null, "orden": 3, "cara_1_tratamiento": null, "cara_2_tratamiento": null, "cara_3_tratamiento": null, "cara_4_tratamiento": null, "cara_5_tratamiento": null}}, {"model": "atencion.odontogramapieza", "pk": 91, "fields": {"odontograma": 2, "pieza": 39, "cuadrante": 3, "tratamiento": null, "orden": 4, "cara_1_tratamiento": null, "cara_2_tratamiento": null, "cara_3_tratamiento": null, "cara_4_tratamiento": null, "cara_5_tratamiento": null}}, {"model": "atencion.odontogramapieza", "pk": 92, "fields": {"odontograma": 2, "pieza": 40, "cuadrante": 3, "tratamiento": null, "orden": 5, "cara_1_tratamiento": null, "cara_2_tratamiento": null, "cara_3_tratamiento": null, "cara_4_tratamiento": null, "cara_5_tratamiento": null}}, {"model": "atencion.odontogramapieza", "pk": 93, "fields": {"odontograma": 2, "pieza": 41, "cuadrante": 4, "tratamiento": null, "orden": 6, "cara_1_tratamiento": null, "cara_2_tratamiento": null, "cara_3_tratamiento": null, "cara_4_tratamiento": null, "cara_5_tratamiento": null}}, {"model": "atencion.odontogramapieza", "pk": 94, "fields": {"odontograma": 2, "pieza": 42, "cuadrante": 4, "tratamiento": null, "orden": 5, "cara_1_tratamiento": null, "cara_2_tratamiento": null, "cara_3_tratamiento": null, "cara_4_tratamiento": null, "cara_5_tratamiento": null}}, {"model": "atencion.odontogramapieza", "pk": 95, "fields": {"odontograma": 2, "pieza": 43, "cuadrante": 4, "tratamiento": null, "orden": 4, "cara_1_tratamiento": null, "cara_2_tratamiento": null, "cara_3_tratamiento": null, "cara_4_tratamiento": null, "cara_5_tratamiento": null}}, {"model": "atencion.odontogramapieza", "pk": 96, "fields": {"odontograma": 2, "pieza": 44, "cuadrante": 4, "tratamiento": null, "orden": 3, "cara_1_tratamiento": null, "cara_2_tratamiento": null, "cara_3_tratamiento": null, "cara_4_tratamiento": null, "cara_5_tratamiento": null}}, {"model": "atencion.odontogramapieza", "pk": 97, "fields": {"odontograma": 2, "pieza": 45, "cuadrante": 4, "tratamiento": null, "orden": 2, "cara_1_tratamiento": null, "cara_2_tratamiento": null, "cara_3_tratamiento": null, "cara_4_tratamiento": null, "cara_5_tratamiento": null}}, {"model": "atencion.odontogramapieza", "pk": 98, "fields": {"odontograma": 2, "pieza": 46, "cuadrante": 4, "tratamiento": null, "orden": 1, "cara_1_tratamiento": null, "cara_2_tratamiento": null, "cara_3_tratamiento": null, "cara_4_tratamiento": null, "cara_5_tratamiento": null}}, {"model": "atencion.odontogramapieza", "pk": 99, "fields": {"odontograma": 2, "pieza": 47, "cuadrante": 3, "tratamiento": null, "orden": 3, "cara_1_tratamiento": null, "cara_2_tratamiento": null, "cara_3_tratamiento": null, "cara_4_tratamiento": null, "cara_5_tratamiento": null}}, {"model": "atencion.odontogramapieza", "pk": 100, "fields": {"odontograma": 2, "pieza": 48, "cuadrante": 3, "tratamiento": null, "orden": 4, "cara_1_tratamiento": null, "cara_2_tratamiento": null, "cara_3_tratamiento": null, "cara_4_tratamiento": null, "cara_5_tratamiento": null}}, {"model": "atencion.odontogramapieza", "pk": 101, "fields": {"odontograma": 2, "pieza": 49, "cuadrante": 3, "tratamiento": null, "orden": 5, "cara_1_tratamiento": null, "cara_2_tratamiento": null, "cara_3_tratamiento": null, "cara_4_tratamiento": null, "cara_5_tratamiento": null}}, {"model": "atencion.odontogramapieza", "pk": 102, "fields": {"odontograma": 2, "pieza": 50, "cuadrante": 3, "tratamiento": null, "orden": 6, "cara_1_tratamiento": null, "cara_2_tratamiento": null, "cara_3_tratamiento": null, "cara_4_tratamiento": null, "cara_5_tratamiento": null}}, {"model": "atencion.odontogramapieza", "pk": 103, "fields": {"odontograma": 2, "pieza": 51, "cuadrante": 3, "tratamiento": null, "orden": 7, "cara_1_tratamiento": null, "cara_2_tratamiento": null, "cara_3_tratamiento": null, "cara_4_tratamiento": null, "cara_5_tratamiento": null}}, {"model": "atencion.odontogramapieza", "pk": 104, "fields": {"odontograma": 2, "pieza": 52, "cuadrante": 3, "tratamiento": null, "orden": 8, "cara_1_tratamiento": null, "cara_2_tratamiento": null, "cara_3_tratamiento": null, "cara_4_tratamiento": null, "cara_5_tratamiento": null}}, {"model": "atencion.odontogramapieza", "pk": 105, "fields": {"odontograma": 3, "pieza": 1, "cuadrante": 1, "tratamiento": null, "orden": 7, "cara_1_tratamiento": null, "cara_2_tratamiento": null, "cara_3_tratamiento": null, "cara_4_tratamiento": null, "cara_5_tratamiento": null}}, {"model": "atencion.odontogramapieza", "pk": 106, "fields": {"odontograma": 3, "pieza": 2, "cuadrante": 1, "tratamiento": null, "orden": 8, "cara_1_tratamiento": null, "cara_2_tratamiento": null, "cara_3_tratamiento": null, "cara_4_tratamiento": null, "cara_5_tratamiento": null}}, {"model": "atencion.odontogramapieza", "pk": 107, "fields": {"odontograma": 3, "pieza": 3, "cuadrante": 2, "tratamiento": null, "orden": 1, "cara_1_tratamiento": null, "cara_2_tratamiento": null, "cara_3_tratamiento": null, "cara_4_tratamiento": null, "cara_5_tratamiento": null}}, {"model": "atencion.odontogramapieza", "pk": 108, "fields": {"odontograma": 3, "pieza": 4, "cuadrante": 2, "tratamiento": null, "orden": 2, "cara_1_tratamiento": null, "cara_2_tratamiento": null, "cara_3_tratamiento": null, "cara_4_tratamiento": null, "cara_5_tratamiento": null}}, {"model": "atencion.odontogramapieza", "pk": 109, "fields": {"odontograma": 3, "pieza": 5, "cuadrante": 1, "tratamiento": null, "orden": 5, "cara_1_tratamiento": null, "cara_2_tratamiento": null, "cara_3_tratamiento": null, "cara_4_tratamiento": null, "cara_5_tratamiento": null}}, {"model": "atencion.odontogramapieza", "pk": 110, "fields": {"odontograma": 3, "pieza": 6, "cuadrante": 1, "tratamiento": null, "orden": 4, "cara_1_tratamiento": null, "cara_2_tratamiento": null, "cara_3_tratamiento": null, "cara_4_tratamiento": null, "cara_5_tratamiento": null}}, {"model": "atencion.odontogramapieza", "pk": 111, "fields": {"odontograma": 3, "pieza": 7, "cuadrante": 2, "tratamiento": null, "orden": 1, "cara_1_tratamiento": null, "cara_2_tratamiento": null, "cara_3_tratamiento": null, "cara_4_tratamiento": null, "cara_5_tratamiento": null}}, {"model": "atencion.odontogramapieza", "pk": 112, "fields": {"odontograma": 3, "pieza": 8, "cuadrante": 2, "tratamiento": null, "orden": 2, "cara_1_tratamiento": null, "cara_2_tratamiento": null, "cara_3_tratamiento": null, "cara_4_tratamiento": null, "cara_5_tratamiento": null}}, {"model": "atencion.odontogramapieza", "pk": 113, "fields": {"odontograma": 3, "pieza": 9, "cuadrante": 4, "tratamiento": null, "orden": 5, "cara_1_tratamiento": null, "cara_2_tratamiento": null, "cara_3_tratamiento": null, "cara_4_tratamiento": null, "cara_5_tratamiento": null}}, {"model": "atencion.odontogramapieza", "pk": 114, "fields": {"odontograma": 3, "pieza": 10, "cuadrante": 4, "tratamiento": null, "orden": 4, "cara_1_tratamiento": null, "cara_2_tratamiento": null, "cara_3_tratamiento": null, "cara_4_tratamiento": null, "cara_5_tratamiento": null}}, {"model": "atencion.odontogramapieza", "pk": 115, "fields": {"odontograma": 3, "pieza": 11, "cuadrante": 3, "tratamiento": null, "orden": 1, "cara_1_tratamiento": null, "cara_2_tratamiento": null, "cara_3_tratamiento": null, "cara_4_tratamiento": null, "cara_5_tratamiento": null}}, {"model": "atencion.odontogramapieza", "pk": 116, "fields": {"odontograma": 3, "pieza": 12, "cuadrante": 3, "tratamiento": null, "orden": 2, "cara_1_tratamiento": null, "cara_2_tratamiento": null, "cara_3_tratamiento": null, "cara_4_tratamiento": null, "cara_5_tratamiento": null}}, {"model": "atencion.odontogramapieza", "pk": 117, "fields": {"odontograma": 3, "pieza": 13, "cuadrante": 4, "tratamiento": null, "orden": 7, "cara_1_tratamiento": null, "cara_2_tratamiento": null, "cara_3_tratamiento": null, "cara_4_tratamiento": null, "cara_5_tratamiento": null}}, {"model": "atencion.odontogramapieza", "pk": 118, "fields": {"odontograma": 3, "pieza": 14, "cuadrante": 4, "tratamiento": null, "orden": 8, "cara_1_tratamiento": null, "cara_2_tratamiento": null, "cara_3_tratamiento": null, "cara_4_tratamiento": null, "cara_5_tratamiento": null}}, {"model": "atencion.odontogramapieza", "pk": 119, "fields": {"odontograma": 3, "pieza": 15, "cuadrante": 3, "tratamiento": null, "orden": 1, "cara_1_tratamiento": null, "cara_2_tratamiento": null, "cara_3_tratamiento": null, "cara_4_tratamiento": null, "cara_5_tratamiento": null}}, {"model": "atencion.odontogramapieza", "pk": 120, "fields": {"odontograma": 3, "pieza": 16, "cuadrante": 3, "tratamiento": null, "orden": 2, "cara_1_tratamiento": null, "cara_2_tratamiento": null, "cara_3_tratamiento": null, "cara_4_tratamiento": null, "cara_5_tratamiento": null}}, {"model": "atencion.odontogramapieza", "pk": 121, "fields": {"odontograma": 3, "pieza": 17, "cuadrante": 1, "tratamiento": null, "orden": 6, "cara_1_tratamiento": null, "cara_2_tratamiento": null, "cara_3_tratamiento": null, "cara_4_tratamiento": null, "cara_5_tratamiento": null}}, {"model": "atencion.odontogramapieza", "pk": 122, "fields": {"odontograma": 3, "pieza": 18, "cuadrante": 1, "tratamiento": null, "orden": 5, "cara_1_tratamiento": null, "cara_2_tratamiento": null, "cara_3_tratamiento": null, "cara_4_tratamiento": null, "cara_5_tratamiento": null}}, {"model": "atencion.odontogramapieza", "pk": 123, "fields": {"odontograma": 3, "pieza": 19, "cuadrante": 1, "tratamiento": null, "orden": 4, "cara_1_tratamiento": null, "cara_2_tratamiento": null, "cara_3_tratamiento": null, "cara_4_tratamiento": null, "cara_5_tratamiento": null}}, {"model": "atencion.odontogramapieza", "pk": 124, "fields": {"odontograma": 3, "pieza": 20, "cuadrante": 1, "tratamiento": null, "orden": 3, "cara_1_tratamiento": null, "cara_2_tratamiento": null, "cara_3_tratamiento": null, "cara_4_tratamiento": null, "cara_5_tratamiento": null}}, {"model": "atencion.odontogramapieza", "pk": 125, "fields": {"odontograma": 3, "pieza": 21, "cuadrante": 1, "tratamiento": null, "orden": 2, "cara_1_tratamiento": null, "cara_2_tratamiento": null, "cara_3_tratamiento": null, "cara_4_tratamiento": null, "cara_5_tratamiento": null}}, {"model": "atencion.odontogramapieza", "pk": 126, "fields": {"odontograma": 3, "pieza": 22, "cuadrante": 1, "tratamiento": null, "orden": 1, "cara_1_tratamiento": null, "cara_2_tratamiento": null, "cara_3_tratamiento": null, "cara_4_tratamiento": null, "cara_5_tratamiento": null}}, {"model": "atencion.odontogramapieza", "pk": 127, "fields": {"odontograma": 3, "pieza": 23, "cuadrante": 2, "tratamiento": null, "orden": 3, "cara_1_tratamiento": null, "cara_2_tratamiento": null, "cara_3_tratamiento": null, "cara_4_tratamiento": null, "cara_5_tratamiento": null}}, {"model": "atencion.odontogramapieza", "pk": 128, "fields": {"odontograma": 3, "pieza": 24, "cuadrante": 2, "tratamiento": null, "orden": 4, "cara_1_tratamiento": null, "cara_2_tratamiento": null, "cara_3_tratamiento": null, "cara_4_tratamiento": null, "cara_5_tratamiento": null}}, {"model": "atencion.odontogramapieza", "pk": 129, "fields": {"odontograma": 3, "pieza": 25, "cuadrante": 2, "tratamiento": null, "orden": 5, "cara_1_tratamiento": null, "cara_2_tratamiento": null, "cara_3_tratamiento": null, "cara_4_tratamiento": null, "cara_5_tratamiento": null}}, {"model": "atencion.odontogramapieza", "pk": 130, "fields": {"odontograma": 3, "pieza": 26, "cuadrante": 2, "tratamiento": null, "orden": 6, "cara_1_tratamiento": null, "cara_2_tratamiento": null, "cara_3_tratamiento": null, "cara_4_tratamiento": null, "cara_5_tratamiento": null}}, {"model": "atencion.odontogramapieza", "pk": 131, "fields": {"odontograma": 3, "pieza": 27, "cuadrante": 2, "tratamiento": null, "orden": 7, "cara_1_tratamiento": null, "cara_2_tratamiento": null, "cara_3_tratamiento": null, "cara_4_tratamiento": null, "cara_5_tratamiento": null}}, {"model": "atencion.odontogramapieza", "pk": 132, "fields": {"odontograma": 3, "pieza": 28, "cuadrante": 2, "tratamiento": null, "orden": 8, "cara_1_tratamiento": null, "cara_2_tratamiento": null, "cara_3_tratamiento": null, "cara_4_tratamiento": null, "cara_5_tratamiento": null}}, {"model": "atencion.odontogramapieza", "pk": 133, "fields": {"odontograma": 3, "pieza": 29, "cuadrante": 1, "tratamiento": null, "orden": 3, "cara_1_tratamiento": null, "cara_2_tratamiento": null, "cara_3_tratamiento": null, "cara_4_tratamiento": null, "cara_5_tratamiento": null}}, {"model": "atencion.odontogramapieza", "pk": 134, "fields": {"odontograma": 3, "pieza": 30, "cuadrante": 1, "tratamiento": null, "orden": 2, "cara_1_tratamiento": null, "cara_2_tratamiento": null, "cara_3_tratamiento": null, "cara_4_tratamiento": null, "cara_5_tratamiento": null}}, {"model": "atencion.odontogramapieza", "pk": 135, "fields": {"odontograma": 3, "pieza": 31, "cuadrante": 1, "tratamiento": null, "orden": 1, "cara_1_tratamiento": null, "cara_2_tratamiento": null, "cara_3_tratamiento": null, "cara_4_tratamiento": null, "cara_5_tratamiento": null}}, {"model": "atencion.odontogramapieza", "pk": 136, "fields": {"odontograma": 3, "pieza": 32, "cuadrante": 2, "tratamiento": null, "orden": 3, "cara_1_tratamiento": null, "cara_2_tratamiento": null, "cara_3_tratamiento": null, "cara_4_tratamiento": null, "cara_5_tratamiento": null}}, {"model": "atencion.odontogramapieza", "pk": 137, "fields": {"odontograma": 3, "pieza": 33, "cuadrante": 2, "tratamiento": null, "orden": 4, "cara_1_tratamiento": null, "cara_2_tratamiento": null, "cara_3_tratamiento": null, "cara_4_tratamiento": null, "cara_5_tratamiento": null}}, {"model": "atencion.odontogramapieza", "pk": 138, "fields": {"odontograma": 3, "pieza": 34, "cuadrante": 2, "tratamiento": null, "orden": 5, "cara_1_tratamiento": null, "cara_2_tratamiento": null, "cara_3_tratamiento": null, "cara_4_tratamiento": null, "cara_5_tratamiento": null}}, {"model": "atencion.odontogramapieza", "pk": 139, "fields": {"odontograma": 3, "pieza": 35, "cuadrante": 4, "tratamiento": null, "orden": 3, "cara_1_tratamiento": null, "cara_2_tratamiento": null, "cara_3_tratamiento": null, "cara_4_tratamiento": null, "cara_5_tratamiento": null}}, {"model": "atencion.odontogramapieza", "pk": 140, "fields": {"odontograma": 3, "pieza": 36, "cuadrante": 4, "tratamiento": null, "orden": 2, "cara_1_tratamiento": null, "cara_2_tratamiento": null, "cara_3_tratamiento": null, "cara_4_tratamiento": null, "cara_5_tratamiento": null}}, {"model": "atencion.odontogramapieza", "pk": 141, "fields": {"odontograma": 3, "pieza": 37, "cuadrante": 4, "tratamiento": null, "orden": 1, "cara_1_tratamiento": null, "cara_2_tratamiento": null, "cara_3_tratamiento": null, "cara_4_tratamiento": null, "cara_5_tratamiento": null}}, {"model": "atencion.odontogramapieza", "pk": 142, "fields": {"odontograma": 3, "pieza": 38, "cuadrante": 3, "tratamiento": null, "orden": 3, "cara_1_tratamiento": null, "cara_2_tratamiento": null, "cara_3_tratamiento": null, "cara_4_tratamiento": null, "cara_5_tratamiento": null}}, {"model": "atencion.odontogramapieza", "pk": 143, "fields": {"odontograma": 3, "pieza": 39, "cuadrante": 3, "tratamiento": null, "orden": 4, "cara_1_tratamiento": null, "cara_2_tratamiento": null, "cara_3_tratamiento": null, "cara_4_tratamiento": null, "cara_5_tratamiento": null}}, {"model": "atencion.odontogramapieza", "pk": 144, "fields": {"odontograma": 3, "pieza": 40, "cuadrante": 3, "tratamiento": null, "orden": 5, "cara_1_tratamiento": null, "cara_2_tratamiento": null, "cara_3_tratamiento": null, "cara_4_tratamiento": null, "cara_5_tratamiento": null}}, {"model": "atencion.odontogramapieza", "pk": 145, "fields": {"odontograma": 3, "pieza": 41, "cuadrante": 4, "tratamiento": null, "orden": 6, "cara_1_tratamiento": null, "cara_2_tratamiento": null, "cara_3_tratamiento": null, "cara_4_tratamiento": null, "cara_5_tratamiento": null}}, {"model": "atencion.odontogramapieza", "pk": 146, "fields": {"odontograma": 3, "pieza": 42, "cuadrante": 4, "tratamiento": null, "orden": 5, "cara_1_tratamiento": null, "cara_2_tratamiento": null, "cara_3_tratamiento": null, "cara_4_tratamiento": null, "cara_5_tratamiento": null}}, {"model": "atencion.odontogramapieza", "pk": 147, "fields": {"odontograma": 3, "pieza": 43, "cuadrante": 4, "tratamiento": null, "orden": 4, "cara_1_tratamiento": null, "cara_2_tratamiento": null, "cara_3_tratamiento": null, "cara_4_tratamiento": null, "cara_5_tratamiento": null}}, {"model": "atencion.odontogramapieza", "pk": 148, "fields": {"odontograma": 3, "pieza": 44, "cuadrante": 4, "tratamiento": null, "orden": 3, "cara_1_tratamiento": null, "cara_2_tratamiento": null, "cara_3_tratamiento": null, "cara_4_tratamiento": null, "cara_5_tratamiento": null}}, {"model": "atencion.odontogramapieza", "pk": 149, "fields": {"odontograma": 3, "pieza": 45, "cuadrante": 4, "tratamiento": null, "orden": 2, "cara_1_tratamiento": null, "cara_2_tratamiento": null, "cara_3_tratamiento": null, "cara_4_tratamiento": null, "cara_5_tratamiento": null}}, {"model": "atencion.odontogramapieza", "pk": 150, "fields": {"odontograma": 3, "pieza": 46, "cuadrante": 4, "tratamiento": null, "orden": 1, "cara_1_tratamiento": null, "cara_2_tratamiento": null, "cara_3_tratamiento": null, "cara_4_tratamiento": null, "cara_5_tratamiento": null}}, {"model": "atencion.odontogramapieza", "pk": 151, "fields": {"odontograma": 3, "pieza": 47, "cuadrante": 3, "tratamiento": null, "orden": 3, "cara_1_tratamiento": null, "cara_2_tratamiento": null, "cara_3_tratamiento": null, "cara_4_tratamiento": null, "cara_5_tratamiento": null}}, {"model": "atencion.odontogramapieza", "pk": 152, "fields": {"odontograma": 3, "pieza": 48, "cuadrante": 3, "tratamiento": null, "orden": 4, "cara_1_tratamiento": null, "cara_2_tratamiento": null, "cara_3_tratamiento": null, "cara_4_tratamiento": null, "cara_5_tratamiento": null}}, {"model": "atencion.odontogramapieza", "pk": 153, "fields": {"odontograma": 3, "pieza": 49, "cuadrante": 3, "tratamiento": null, "orden": 5, "cara_1_tratamiento": null, "cara_2_tratamiento": null, "cara_3_tratamiento": null, "cara_4_tratamiento": null, "cara_5_tratamiento": null}}, {"model": "atencion.odontogramapieza", "pk": 154, "fields": {"odontograma": 3, "pieza": 50, "cuadrante": 3, "tratamiento": null, "orden": 6, "cara_1_tratamiento": null, "cara_2_tratamiento": null, "cara_3_tratamiento": null, "cara_4_tratamiento": null, "cara_5_tratamiento": null}}, {"model": "atencion.odontogramapieza", "pk": 155, "fields": {"odontograma": 3, "pieza": 51, "cuadrante": 3, "tratamiento": null, "orden": 7, "cara_1_tratamiento": null, "cara_2_tratamiento": null, "cara_3_tratamiento": null, "cara_4_tratamiento": null, "cara_5_tratamiento": null}}, {"model": "atencion.odontogramapieza", "pk": 156, "fields": {"odontograma": 3, "pieza": 52, "cuadrante": 3, "tratamiento": null, "orden": 8, "cara_1_tratamiento": null, "cara_2_tratamiento": null, "cara_3_tratamiento": null, "cara_4_tratamiento": null, "cara_5_tratamiento": null}}, {"model": "atencion.odontogramapieza", "pk": 157, "fields": {"odontograma": 4, "pieza": 1, "cuadrante": 1, "tratamiento": null, "orden": 7, "cara_1_tratamiento": null, "cara_2_tratamiento": null, "cara_3_tratamiento": null, "cara_4_tratamiento": null, "cara_5_tratamiento": null}}, {"model": "atencion.odontogramapieza", "pk": 158, "fields": {"odontograma": 4, "pieza": 2, "cuadrante": 1, "tratamiento": null, "orden": 8, "cara_1_tratamiento": null, "cara_2_tratamiento": null, "cara_3_tratamiento": null, "cara_4_tratamiento": null, "cara_5_tratamiento": null}}, {"model": "atencion.odontogramapieza", "pk": 159, "fields": {"odontograma": 4, "pieza": 3, "cuadrante": 2, "tratamiento": null, "orden": 1, "cara_1_tratamiento": null, "cara_2_tratamiento": null, "cara_3_tratamiento": null, "cara_4_tratamiento": null, "cara_5_tratamiento": null}}, {"model": "atencion.odontogramapieza", "pk": 160, "fields": {"odontograma": 4, "pieza": 4, "cuadrante": 2, "tratamiento": null, "orden": 2, "cara_1_tratamiento": null, "cara_2_tratamiento": null, "cara_3_tratamiento": null, "cara_4_tratamiento": null, "cara_5_tratamiento": null}}, {"model": "atencion.odontogramapieza", "pk": 161, "fields": {"odontograma": 4, "pieza": 5, "cuadrante": 1, "tratamiento": null, "orden": 5, "cara_1_tratamiento": null, "cara_2_tratamiento": null, "cara_3_tratamiento": null, "cara_4_tratamiento": null, "cara_5_tratamiento": null}}, {"model": "atencion.odontogramapieza", "pk": 162, "fields": {"odontograma": 4, "pieza": 6, "cuadrante": 1, "tratamiento": null, "orden": 4, "cara_1_tratamiento": null, "cara_2_tratamiento": null, "cara_3_tratamiento": null, "cara_4_tratamiento": null, "cara_5_tratamiento": null}}, {"model": "atencion.odontogramapieza", "pk": 163, "fields": {"odontograma": 4, "pieza": 7, "cuadrante": 2, "tratamiento": null, "orden": 1, "cara_1_tratamiento": null, "cara_2_tratamiento": null, "cara_3_tratamiento": null, "cara_4_tratamiento": null, "cara_5_tratamiento": null}}, {"model": "atencion.odontogramapieza", "pk": 164, "fields": {"odontograma": 4, "pieza": 8, "cuadrante": 2, "tratamiento": null, "orden": 2, "cara_1_tratamiento": null, "cara_2_tratamiento": null, "cara_3_tratamiento": null, "cara_4_tratamiento": null, "cara_5_tratamiento": null}}, {"model": "atencion.odontogramapieza", "pk": 165, "fields": {"odontograma": 4, "pieza": 9, "cuadrante": 4, "tratamiento": null, "orden": 5, "cara_1_tratamiento": null, "cara_2_tratamiento": null, "cara_3_tratamiento": null, "cara_4_tratamiento": null, "cara_5_tratamiento": null}}, {"model": "atencion.odontogramapieza", "pk": 166, "fields": {"odontograma": 4, "pieza": 10, "cuadrante": 4, "tratamiento": null, "orden": 4, "cara_1_tratamiento": null, "cara_2_tratamiento": null, "cara_3_tratamiento": null, "cara_4_tratamiento": null, "cara_5_tratamiento": null}}, {"model": "atencion.odontogramapieza", "pk": 167, "fields": {"odontograma": 4, "pieza": 11, "cuadrante": 3, "tratamiento": null, "orden": 1, "cara_1_tratamiento": null, "cara_2_tratamiento": null, "cara_3_tratamiento": null, "cara_4_tratamiento": null, "cara_5_tratamiento": null}}, {"model": "atencion.odontogramapieza", "pk": 168, "fields": {"odontograma": 4, "pieza": 12, "cuadrante": 3, "tratamiento": null, "orden": 2, "cara_1_tratamiento": null, "cara_2_tratamiento": null, "cara_3_tratamiento": null, "cara_4_tratamiento": null, "cara_5_tratamiento": null}}, {"model": "atencion.odontogramapieza", "pk": 169, "fields": {"odontograma": 4, "pieza": 13, "cuadrante": 4, "tratamiento": null, "orden": 7, "cara_1_tratamiento": null, "cara_2_tratamiento": null, "cara_3_tratamiento": null, "cara_4_tratamiento": null, "cara_5_tratamiento": null}}, {"model": "atencion.odontogramapieza", "pk": 170, "fields": {"odontograma": 4, "pieza": 14, "cuadrante": 4, "tratamiento": null, "orden": 8, "cara_1_tratamiento": null, "cara_2_tratamiento": null, "cara_3_tratamiento": null, "cara_4_tratamiento": null, "cara_5_tratamiento": null}}, {"model": "atencion.odontogramapieza", "pk": 171, "fields": {"odontograma": 4, "pieza": 15, "cuadrante": 3, "tratamiento": null, "orden": 1, "cara_1_tratamiento": null, "cara_2_tratamiento": null, "cara_3_tratamiento": null, "cara_4_tratamiento": null, "cara_5_tratamiento": null}}, {"model": "atencion.odontogramapieza", "pk": 172, "fields": {"odontograma": 4, "pieza": 16, "cuadrante": 3, "tratamiento": null, "orden": 2, "cara_1_tratamiento": null, "cara_2_tratamiento": null, "cara_3_tratamiento": null, "cara_4_tratamiento": null, "cara_5_tratamiento": null}}, {"model": "atencion.odontogramapieza", "pk": 173, "fields": {"odontograma": 4, "pieza": 17, "cuadrante": 1, "tratamiento": null, "orden": 6, "cara_1_tratamiento": null, "cara_2_tratamiento": null, "cara_3_tratamiento": null, "cara_4_tratamiento": null, "cara_5_tratamiento": null}}, {"model": "atencion.odontogramapieza", "pk": 174, "fields": {"odontograma": 4, "pieza": 18, "cuadrante": 1, "tratamiento": null, "orden": 5, "cara_1_tratamiento": null, "cara_2_tratamiento": null, "cara_3_tratamiento": null, "cara_4_tratamiento": null, "cara_5_tratamiento": null}}, {"model": "atencion.odontogramapieza", "pk": 175, "fields": {"odontograma": 4, "pieza": 19, "cuadrante": 1, "tratamiento": null, "orden": 4, "cara_1_tratamiento": null, "cara_2_tratamiento": null, "cara_3_tratamiento": null, "cara_4_tratamiento": null, "cara_5_tratamiento": null}}, {"model": "atencion.odontogramapieza", "pk": 176, "fields": {"odontograma": 4, "pieza": 20, "cuadrante": 1, "tratamiento": null, "orden": 3, "cara_1_tratamiento": null, "cara_2_tratamiento": null, "cara_3_tratamiento": null, "cara_4_tratamiento": null, "cara_5_tratamiento": null}}, {"model": "atencion.odontogramapieza", "pk": 177, "fields": {"odontograma": 4, "pieza": 21, "cuadrante": 1, "tratamiento": null, "orden": 2, "cara_1_tratamiento": null, "cara_2_tratamiento": null, "cara_3_tratamiento": null, "cara_4_tratamiento": null, "cara_5_tratamiento": null}}, {"model": "atencion.odontogramapieza", "pk": 178, "fields": {"odontograma": 4, "pieza": 22, "cuadrante": 1, "tratamiento": null, "orden": 1, "cara_1_tratamiento": null, "cara_2_tratamiento": null, "cara_3_tratamiento": null, "cara_4_tratamiento": null, "cara_5_tratamiento": null}}, {"model": "atencion.odontogramapieza", "pk": 179, "fields": {"odontograma": 4, "pieza": 23, "cuadrante": 2, "tratamiento": null, "orden": 3, "cara_1_tratamiento": null, "cara_2_tratamiento": null, "cara_3_tratamiento": null, "cara_4_tratamiento": null, "cara_5_tratamiento": null}}, {"model": "atencion.odontogramapieza", "pk": 180, "fields": {"odontograma": 4, "pieza": 24, "cuadrante": 2, "tratamiento": null, "orden": 4, "cara_1_tratamiento": null, "cara_2_tratamiento": null, "cara_3_tratamiento": null, "cara_4_tratamiento": null, "cara_5_tratamiento": null}}, {"model": "atencion.odontogramapieza", "pk": 181, "fields": {"odontograma": 4, "pieza": 25, "cuadrante": 2, "tratamiento": null, "orden": 5, "cara_1_tratamiento": null, "cara_2_tratamiento": null, "cara_3_tratamiento": null, "cara_4_tratamiento": null, "cara_5_tratamiento": null}}, {"model": "atencion.odontogramapieza", "pk": 182, "fields": {"odontograma": 4, "pieza": 26, "cuadrante": 2, "tratamiento": null, "orden": 6, "cara_1_tratamiento": null, "cara_2_tratamiento": null, "cara_3_tratamiento": null, "cara_4_tratamiento": null, "cara_5_tratamiento": null}}, {"model": "atencion.odontogramapieza", "pk": 183, "fields": {"odontograma": 4, "pieza": 27, "cuadrante": 2, "tratamiento": null, "orden": 7, "cara_1_tratamiento": 2, "cara_2_tratamiento": 2, "cara_3_tratamiento": 2, "cara_4_tratamiento": 2, "cara_5_tratamiento": 2}}, {"model": "atencion.odontogramapieza", "pk": 184, "fields": {"odontograma": 4, "pieza": 28, "cuadrante": 2, "tratamiento": null, "orden": 8, "cara_1_tratamiento": null, "cara_2_tratamiento": null, "cara_3_tratamiento": 3, "cara_4_tratamiento": null, "cara_5_tratamiento": null}}, {"model": "atencion.odontogramapieza", "pk": 185, "fields": {"odontograma": 4, "pieza": 29, "cuadrante": 1, "tratamiento": null, "orden": 3, "cara_1_tratamiento": null, "cara_2_tratamiento": null, "cara_3_tratamiento": null, "cara_4_tratamiento": null, "cara_5_tratamiento": null}}, {"model": "atencion.odontogramapieza", "pk": 186, "fields": {"odontograma": 4, "pieza": 30, "cuadrante": 1, "tratamiento": null, "orden": 2, "cara_1_tratamiento": null, "cara_2_tratamiento": null, "cara_3_tratamiento": null, "cara_4_tratamiento": null, "cara_5_tratamiento": null}}, {"model": "atencion.odontogramapieza", "pk": 187, "fields": {"odontograma": 4, "pieza": 31, "cuadrante": 1, "tratamiento": null, "orden": 1, "cara_1_tratamiento": null, "cara_2_tratamiento": null, "cara_3_tratamiento": null, "cara_4_tratamiento": null, "cara_5_tratamiento": null}}, {"model": "atencion.odontogramapieza", "pk": 188, "fields": {"odontograma": 4, "pieza": 32, "cuadrante": 2, "tratamiento": null, "orden": 3, "cara_1_tratamiento": null, "cara_2_tratamiento": null, "cara_3_tratamiento": null, "cara_4_tratamiento": null, "cara_5_tratamiento": null}}, {"model": "atencion.odontogramapieza", "pk": 189, "fields": {"odontograma": 4, "pieza": 33, "cuadrante": 2, "tratamiento": null, "orden": 4, "cara_1_tratamiento": null, "cara_2_tratamiento": null, "cara_3_tratamiento": null, "cara_4_tratamiento": null, "cara_5_tratamiento": null}}, {"model": "atencion.odontogramapieza", "pk": 190, "fields": {"odontograma": 4, "pieza": 34, "cuadrante": 2, "tratamiento": null, "orden": 5, "cara_1_tratamiento": null, "cara_2_tratamiento": null, "cara_3_tratamiento": null, "cara_4_tratamiento": null, "cara_5_tratamiento": null}}, {"model": "atencion.odontogramapieza", "pk": 191, "fields": {"odontograma": 4, "pieza": 35, "cuadrante": 4, "tratamiento": null, "orden": 3, "cara_1_tratamiento": null, "cara_2_tratamiento": null, "cara_3_tratamiento": null, "cara_4_tratamiento": null, "cara_5_tratamiento": null}}, {"model": "atencion.odontogramapieza", "pk": 192, "fields": {"odontograma": 4, "pieza": 36, "cuadrante": 4, "tratamiento": null, "orden": 2, "cara_1_tratamiento": null, "cara_2_tratamiento": null, "cara_3_tratamiento": null, "cara_4_tratamiento": null, "cara_5_tratamiento": null}}, {"model": "atencion.odontogramapieza", "pk": 193, "fields": {"odontograma": 4, "pieza": 37, "cuadrante": 4, "tratamiento": null, "orden": 1, "cara_1_tratamiento": null, "cara_2_tratamiento": null, "cara_3_tratamiento": null, "cara_4_tratamiento": null, "cara_5_tratamiento": null}}, {"model": "atencion.odontogramapieza", "pk": 194, "fields": {"odontograma": 4, "pieza": 38, "cuadrante": 3, "tratamiento": null, "orden": 3, "cara_1_tratamiento": null, "cara_2_tratamiento": null, "cara_3_tratamiento": null, "cara_4_tratamiento": null, "cara_5_tratamiento": null}}, {"model": "atencion.odontogramapieza", "pk": 195, "fields": {"odontograma": 4, "pieza": 39, "cuadrante": 3, "tratamiento": null, "orden": 4, "cara_1_tratamiento": null, "cara_2_tratamiento": null, "cara_3_tratamiento": null, "cara_4_tratamiento": null, "cara_5_tratamiento": null}}, {"model": "atencion.odontogramapieza", "pk": 196, "fields": {"odontograma": 4, "pieza": 40, "cuadrante": 3, "tratamiento": null, "orden": 5, "cara_1_tratamiento": null, "cara_2_tratamiento": null, "cara_3_tratamiento": null, "cara_4_tratamiento": null, "cara_5_tratamiento": null}}, {"model": "atencion.odontogramapieza", "pk": 197, "fields": {"odontograma": 4, "pieza": 41, "cuadrante": 4, "tratamiento": null, "orden": 6, "cara_1_tratamiento": null, "cara_2_tratamiento": null, "cara_3_tratamiento": null, "cara_4_tratamiento": null, "cara_5_tratamiento": null}}, {"model": "atencion.odontogramapieza", "pk": 198, "fields": {"odontograma": 4, "pieza": 42, "cuadrante": 4, "tratamiento": null, "orden": 5, "cara_1_tratamiento": null, "cara_2_tratamiento": null, "cara_3_tratamiento": null, "cara_4_tratamiento": null, "cara_5_tratamiento": null}}, {"model": "atencion.odontogramapieza", "pk": 199, "fields": {"odontograma": 4, "pieza": 43, "cuadrante": 4, "tratamiento": null, "orden": 4, "cara_1_tratamiento": null, "cara_2_tratamiento": null, "cara_3_tratamiento": null, "cara_4_tratamiento": null, "cara_5_tratamiento": null}}, {"model": "atencion.odontogramapieza", "pk": 200, "fields": {"odontograma": 4, "pieza": 44, "cuadrante": 4, "tratamiento": null, "orden": 3, "cara_1_tratamiento": null, "cara_2_tratamiento": null, "cara_3_tratamiento": null, "cara_4_tratamiento": null, "cara_5_tratamiento": null}}, {"model": "atencion.odontogramapieza", "pk": 201, "fields": {"odontograma": 4, "pieza": 45, "cuadrante": 4, "tratamiento": null, "orden": 2, "cara_1_tratamiento": null, "cara_2_tratamiento": null, "cara_3_tratamiento": null, "cara_4_tratamiento": null, "cara_5_tratamiento": null}}, {"model": "atencion.odontogramapieza", "pk": 202, "fields": {"odontograma": 4, "pieza": 46, "cuadrante": 4, "tratamiento": null, "orden": 1, "cara_1_tratamiento": null, "cara_2_tratamiento": null, "cara_3_tratamiento": null, "cara_4_tratamiento": null, "cara_5_tratamiento": null}}, {"model": "atencion.odontogramapieza", "pk": 203, "fields": {"odontograma": 4, "pieza": 47, "cuadrante": 3, "tratamiento": null, "orden": 3, "cara_1_tratamiento": null, "cara_2_tratamiento": null, "cara_3_tratamiento": null, "cara_4_tratamiento": null, "cara_5_tratamiento": null}}, {"model": "atencion.odontogramapieza", "pk": 204, "fields": {"odontograma": 4, "pieza": 48, "cuadrante": 3, "tratamiento": null, "orden": 4, "cara_1_tratamiento": null, "cara_2_tratamiento": null, "cara_3_tratamiento": null, "cara_4_tratamiento": null, "cara_5_tratamiento": null}}, {"model": "atencion.odontogramapieza", "pk": 205, "fields": {"odontograma": 4, "pieza": 49, "cuadrante": 3, "tratamiento": null, "orden": 5, "cara_1_tratamiento": null, "cara_2_tratamiento": null, "cara_3_tratamiento": null, "cara_4_tratamiento": null, "cara_5_tratamiento": null}}, {"model": "atencion.odontogramapieza", "pk": 206, "fields": {"odontograma": 4, "pieza": 50, "cuadrante": 3, "tratamiento": null, "orden": 6, "cara_1_tratamiento": null, "cara_2_tratamiento": null, "cara_3_tratamiento": null, "cara_4_tratamiento": null, "cara_5_tratamiento": null}}, {"model": "atencion.odontogramapieza", "pk": 207, "fields": {"odontograma": 4, "pieza": 51, "cuadrante": 3, "tratamiento": null, "orden": 7, "cara_1_tratamiento": null, "cara_2_tratamiento": null, "cara_3_tratamiento": null, "cara_4_tratamiento": null, "cara_5_tratamiento": null}}, {"model": "atencion.odontogramapieza", "pk": 208, "fields": {"odontograma": 4, "pieza": 52, "cuadrante": 3, "tratamiento": null, "orden": 8, "cara_1_tratamiento": null, "cara_2_tratamiento": null, "cara_3_tratamiento": null, "cara_4_tratamiento": null, "cara_5_tratamiento": null}}, {"model": "atencion.odontogramapieza", "pk": 209, "fields": {"odontograma": 5, "pieza": 1, "cuadrante": 1, "tratamiento": null, "orden": 7, "cara_1_tratamiento": null, "cara_2_tratamiento": null, "cara_3_tratamiento": null, "cara_4_tratamiento": null, "cara_5_tratamiento": null}}, {"model": "atencion.odontogramapieza", "pk": 210, "fields": {"odontograma": 5, "pieza": 2, "cuadrante": 1, "tratamiento": null, "orden": 8, "cara_1_tratamiento": null, "cara_2_tratamiento": null, "cara_3_tratamiento": null, "cara_4_tratamiento": null, "cara_5_tratamiento": null}}, {"model": "atencion.odontogramapieza", "pk": 211, "fields": {"odontograma": 5, "pieza": 3, "cuadrante": 2, "tratamiento": null, "orden": 1, "cara_1_tratamiento": null, "cara_2_tratamiento": null, "cara_3_tratamiento": null, "cara_4_tratamiento": null, "cara_5_tratamiento": null}}, {"model": "atencion.odontogramapieza", "pk": 212, "fields": {"odontograma": 5, "pieza": 4, "cuadrante": 2, "tratamiento": null, "orden": 2, "cara_1_tratamiento": null, "cara_2_tratamiento": null, "cara_3_tratamiento": null, "cara_4_tratamiento": null, "cara_5_tratamiento": null}}, {"model": "atencion.odontogramapieza", "pk": 213, "fields": {"odontograma": 5, "pieza": 5, "cuadrante": 1, "tratamiento": null, "orden": 5, "cara_1_tratamiento": null, "cara_2_tratamiento": null, "cara_3_tratamiento": null, "cara_4_tratamiento": null, "cara_5_tratamiento": null}}, {"model": "atencion.odontogramapieza", "pk": 214, "fields": {"odontograma": 5, "pieza": 6, "cuadrante": 1, "tratamiento": null, "orden": 4, "cara_1_tratamiento": null, "cara_2_tratamiento": null, "cara_3_tratamiento": null, "cara_4_tratamiento": null, "cara_5_tratamiento": null}}, {"model": "atencion.odontogramapieza", "pk": 215, "fields": {"odontograma": 5, "pieza": 7, "cuadrante": 2, "tratamiento": null, "orden": 1, "cara_1_tratamiento": null, "cara_2_tratamiento": null, "cara_3_tratamiento": null, "cara_4_tratamiento": null, "cara_5_tratamiento": null}}, {"model": "atencion.odontogramapieza", "pk": 216, "fields": {"odontograma": 5, "pieza": 8, "cuadrante": 2, "tratamiento": null, "orden": 2, "cara_1_tratamiento": null, "cara_2_tratamiento": null, "cara_3_tratamiento": null, "cara_4_tratamiento": null, "cara_5_tratamiento": null}}, {"model": "atencion.odontogramapieza", "pk": 217, "fields": {"odontograma": 5, "pieza": 9, "cuadrante": 4, "tratamiento": null, "orden": 5, "cara_1_tratamiento": null, "cara_2_tratamiento": null, "cara_3_tratamiento": null, "cara_4_tratamiento": null, "cara_5_tratamiento": null}}, {"model": "atencion.odontogramapieza", "pk": 218, "fields": {"odontograma": 5, "pieza": 10, "cuadrante": 4, "tratamiento": null, "orden": 4, "cara_1_tratamiento": null, "cara_2_tratamiento": null, "cara_3_tratamiento": null, "cara_4_tratamiento": null, "cara_5_tratamiento": null}}, {"model": "atencion.odontogramapieza", "pk": 219, "fields": {"odontograma": 5, "pieza": 11, "cuadrante": 3, "tratamiento": null, "orden": 1, "cara_1_tratamiento": null, "cara_2_tratamiento": null, "cara_3_tratamiento": null, "cara_4_tratamiento": null, "cara_5_tratamiento": null}}, {"model": "atencion.odontogramapieza", "pk": 220, "fields": {"odontograma": 5, "pieza": 12, "cuadrante": 3, "tratamiento": null, "orden": 2, "cara_1_tratamiento": null, "cara_2_tratamiento": null, "cara_3_tratamiento": null, "cara_4_tratamiento": null, "cara_5_tratamiento": null}}, {"model": "atencion.odontogramapieza", "pk": 221, "fields": {"odontograma": 5, "pieza": 13, "cuadrante": 4, "tratamiento": null, "orden": 7, "cara_1_tratamiento": null, "cara_2_tratamiento": null, "cara_3_tratamiento": null, "cara_4_tratamiento": null, "cara_5_tratamiento": null}}, {"model": "atencion.odontogramapieza", "pk": 222, "fields": {"odontograma": 5, "pieza": 14, "cuadrante": 4, "tratamiento": null, "orden": 8, "cara_1_tratamiento": null, "cara_2_tratamiento": null, "cara_3_tratamiento": null, "cara_4_tratamiento": null, "cara_5_tratamiento": null}}, {"model": "atencion.odontogramapieza", "pk": 223, "fields": {"odontograma": 5, "pieza": 15, "cuadrante": 3, "tratamiento": null, "orden": 1, "cara_1_tratamiento": null, "cara_2_tratamiento": null, "cara_3_tratamiento": null, "cara_4_tratamiento": null, "cara_5_tratamiento": null}}, {"model": "atencion.odontogramapieza", "pk": 224, "fields": {"odontograma": 5, "pieza": 16, "cuadrante": 3, "tratamiento": null, "orden": 2, "cara_1_tratamiento": null, "cara_2_tratamiento": null, "cara_3_tratamiento": null, "cara_4_tratamiento": null, "cara_5_tratamiento": null}}, {"model": "atencion.odontogramapieza", "pk": 225, "fields": {"odontograma": 5, "pieza": 17, "cuadrante": 1, "tratamiento": null, "orden": 6, "cara_1_tratamiento": null, "cara_2_tratamiento": null, "cara_3_tratamiento": null, "cara_4_tratamiento": null, "cara_5_tratamiento": null}}, {"model": "atencion.odontogramapieza", "pk": 226, "fields": {"odontograma": 5, "pieza": 18, "cuadrante": 1, "tratamiento": null, "orden": 5, "cara_1_tratamiento": null, "cara_2_tratamiento": null, "cara_3_tratamiento": null, "cara_4_tratamiento": null, "cara_5_tratamiento": null}}, {"model": "atencion.odontogramapieza", "pk": 227, "fields": {"odontograma": 5, "pieza": 19, "cuadrante": 1, "tratamiento": null, "orden": 4, "cara_1_tratamiento": null, "cara_2_tratamiento": null, "cara_3_tratamiento": null, "cara_4_tratamiento": null, "cara_5_tratamiento": null}}, {"model": "atencion.odontogramapieza", "pk": 228, "fields": {"odontograma": 5, "pieza": 20, "cuadrante": 1, "tratamiento": null, "orden": 3, "cara_1_tratamiento": null, "cara_2_tratamiento": null, "cara_3_tratamiento": null, "cara_4_tratamiento": null, "cara_5_tratamiento": null}}, {"model": "atencion.odontogramapieza", "pk": 229, "fields": {"odontograma": 5, "pieza": 21, "cuadrante": 1, "tratamiento": null, "orden": 2, "cara_1_tratamiento": null, "cara_2_tratamiento": null, "cara_3_tratamiento": null, "cara_4_tratamiento": null, "cara_5_tratamiento": null}}, {"model": "atencion.odontogramapieza", "pk": 230, "fields": {"odontograma": 5, "pieza": 22, "cuadrante": 1, "tratamiento": null, "orden": 1, "cara_1_tratamiento": null, "cara_2_tratamiento": null, "cara_3_tratamiento": null, "cara_4_tratamiento": null, "cara_5_tratamiento": null}}, {"model": "atencion.odontogramapieza", "pk": 231, "fields": {"odontograma": 5, "pieza": 23, "cuadrante": 2, "tratamiento": null, "orden": 3, "cara_1_tratamiento": null, "cara_2_tratamiento": null, "cara_3_tratamiento": null, "cara_4_tratamiento": null, "cara_5_tratamiento": null}}, {"model": "atencion.odontogramapieza", "pk": 232, "fields": {"odontograma": 5, "pieza": 24, "cuadrante": 2, "tratamiento": null, "orden": 4, "cara_1_tratamiento": null, "cara_2_tratamiento": null, "cara_3_tratamiento": null, "cara_4_tratamiento": null, "cara_5_tratamiento": null}}, {"model": "atencion.odontogramapieza", "pk": 233, "fields": {"odontograma": 5, "pieza": 25, "cuadrante": 2, "tratamiento": null, "orden": 5, "cara_1_tratamiento": null, "cara_2_tratamiento": null, "cara_3_tratamiento": null, "cara_4_tratamiento": null, "cara_5_tratamiento": null}}, {"model": "atencion.odontogramapieza", "pk": 234, "fields": {"odontograma": 5, "pieza": 26, "cuadrante": 2, "tratamiento": null, "orden": 6, "cara_1_tratamiento": null, "cara_2_tratamiento": null, "cara_3_tratamiento": null, "cara_4_tratamiento": null, "cara_5_tratamiento": null}}, {"model": "atencion.odontogramapieza", "pk": 235, "fields": {"odontograma": 5, "pieza": 27, "cuadrante": 2, "tratamiento": null, "orden": 7, "cara_1_tratamiento": null, "cara_2_tratamiento": null, "cara_3_tratamiento": null, "cara_4_tratamiento": null, "cara_5_tratamiento": null}}, {"model": "atencion.odontogramapieza", "pk": 236, "fields": {"odontograma": 5, "pieza": 28, "cuadrante": 2, "tratamiento": null, "orden": 8, "cara_1_tratamiento": null, "cara_2_tratamiento": null, "cara_3_tratamiento": null, "cara_4_tratamiento": null, "cara_5_tratamiento": null}}, {"model": "atencion.odontogramapieza", "pk": 237, "fields": {"odontograma": 5, "pieza": 29, "cuadrante": 1, "tratamiento": null, "orden": 3, "cara_1_tratamiento": null, "cara_2_tratamiento": null, "cara_3_tratamiento": null, "cara_4_tratamiento": null, "cara_5_tratamiento": null}}, {"model": "atencion.odontogramapieza", "pk": 238, "fields": {"odontograma": 5, "pieza": 30, "cuadrante": 1, "tratamiento": null, "orden": 2, "cara_1_tratamiento": null, "cara_2_tratamiento": null, "cara_3_tratamiento": null, "cara_4_tratamiento": null, "cara_5_tratamiento": null}}, {"model": "atencion.odontogramapieza", "pk": 239, "fields": {"odontograma": 5, "pieza": 31, "cuadrante": 1, "tratamiento": null, "orden": 1, "cara_1_tratamiento": null, "cara_2_tratamiento": null, "cara_3_tratamiento": null, "cara_4_tratamiento": null, "cara_5_tratamiento": null}}, {"model": "atencion.odontogramapieza", "pk": 240, "fields": {"odontograma": 5, "pieza": 32, "cuadrante": 2, "tratamiento": null, "orden": 3, "cara_1_tratamiento": null, "cara_2_tratamiento": null, "cara_3_tratamiento": null, "cara_4_tratamiento": null, "cara_5_tratamiento": null}}, {"model": "atencion.odontogramapieza", "pk": 241, "fields": {"odontograma": 5, "pieza": 33, "cuadrante": 2, "tratamiento": null, "orden": 4, "cara_1_tratamiento": null, "cara_2_tratamiento": null, "cara_3_tratamiento": null, "cara_4_tratamiento": null, "cara_5_tratamiento": null}}, {"model": "atencion.odontogramapieza", "pk": 242, "fields": {"odontograma": 5, "pieza": 34, "cuadrante": 2, "tratamiento": null, "orden": 5, "cara_1_tratamiento": null, "cara_2_tratamiento": null, "cara_3_tratamiento": null, "cara_4_tratamiento": null, "cara_5_tratamiento": null}}, {"model": "atencion.odontogramapieza", "pk": 243, "fields": {"odontograma": 5, "pieza": 35, "cuadrante": 4, "tratamiento": null, "orden": 3, "cara_1_tratamiento": null, "cara_2_tratamiento": null, "cara_3_tratamiento": null, "cara_4_tratamiento": null, "cara_5_tratamiento": null}}, {"model": "atencion.odontogramapieza", "pk": 244, "fields": {"odontograma": 5, "pieza": 36, "cuadrante": 4, "tratamiento": null, "orden": 2, "cara_1_tratamiento": null, "cara_2_tratamiento": null, "cara_3_tratamiento": null, "cara_4_tratamiento": null, "cara_5_tratamiento": null}}, {"model": "atencion.odontogramapieza", "pk": 245, "fields": {"odontograma": 5, "pieza": 37, "cuadrante": 4, "tratamiento": null, "orden": 1, "cara_1_tratamiento": null, "cara_2_tratamiento": null, "cara_3_tratamiento": null, "cara_4_tratamiento": null, "cara_5_tratamiento": null}}, {"model": "atencion.odontogramapieza", "pk": 246, "fields": {"odontograma": 5, "pieza": 38, "cuadrante": 3, "tratamiento": null, "orden": 3, "cara_1_tratamiento": null, "cara_2_tratamiento": null, "cara_3_tratamiento": null, "cara_4_tratamiento": null, "cara_5_tratamiento": null}}, {"model": "atencion.odontogramapieza", "pk": 247, "fields": {"odontograma": 5, "pieza": 39, "cuadrante": 3, "tratamiento": null, "orden": 4, "cara_1_tratamiento": null, "cara_2_tratamiento": null, "cara_3_tratamiento": null, "cara_4_tratamiento": null, "cara_5_tratamiento": null}}, {"model": "atencion.odontogramapieza", "pk": 248, "fields": {"odontograma": 5, "pieza": 40, "cuadrante": 3, "tratamiento": null, "orden": 5, "cara_1_tratamiento": null, "cara_2_tratamiento": null, "cara_3_tratamiento": null, "cara_4_tratamiento": null, "cara_5_tratamiento": null}}, {"model": "atencion.odontogramapieza", "pk": 249, "fields": {"odontograma": 5, "pieza": 41, "cuadrante": 4, "tratamiento": null, "orden": 6, "cara_1_tratamiento": null, "cara_2_tratamiento": null, "cara_3_tratamiento": null, "cara_4_tratamiento": null, "cara_5_tratamiento": null}}, {"model": "atencion.odontogramapieza", "pk": 250, "fields": {"odontograma": 5, "pieza": 42, "cuadrante": 4, "tratamiento": null, "orden": 5, "cara_1_tratamiento": null, "cara_2_tratamiento": null, "cara_3_tratamiento": null, "cara_4_tratamiento": null, "cara_5_tratamiento": null}}, {"model": "atencion.odontogramapieza", "pk": 251, "fields": {"odontograma": 5, "pieza": 43, "cuadrante": 4, "tratamiento": null, "orden": 4, "cara_1_tratamiento": null, "cara_2_tratamiento": null, "cara_3_tratamiento": null, "cara_4_tratamiento": null, "cara_5_tratamiento": null}}, {"model": "atencion.odontogramapieza", "pk": 252, "fields": {"odontograma": 5, "pieza": 44, "cuadrante": 4, "tratamiento": null, "orden": 3, "cara_1_tratamiento": null, "cara_2_tratamiento": null, "cara_3_tratamiento": null, "cara_4_tratamiento": null, "cara_5_tratamiento": null}}, {"model": "atencion.odontogramapieza", "pk": 253, "fields": {"odontograma": 5, "pieza": 45, "cuadrante": 4, "tratamiento": null, "orden": 2, "cara_1_tratamiento": null, "cara_2_tratamiento": null, "cara_3_tratamiento": null, "cara_4_tratamiento": null, "cara_5_tratamiento": null}}, {"model": "atencion.odontogramapieza", "pk": 254, "fields": {"odontograma": 5, "pieza": 46, "cuadrante": 4, "tratamiento": null, "orden": 1, "cara_1_tratamiento": null, "cara_2_tratamiento": null, "cara_3_tratamiento": null, "cara_4_tratamiento": null, "cara_5_tratamiento": null}}, {"model": "atencion.odontogramapieza", "pk": 255, "fields": {"odontograma": 5, "pieza": 47, "cuadrante": 3, "tratamiento": null, "orden": 3, "cara_1_tratamiento": null, "cara_2_tratamiento": null, "cara_3_tratamiento": null, "cara_4_tratamiento": null, "cara_5_tratamiento": null}}, {"model": "atencion.odontogramapieza", "pk": 256, "fields": {"odontograma": 5, "pieza": 48, "cuadrante": 3, "tratamiento": null, "orden": 4, "cara_1_tratamiento": null, "cara_2_tratamiento": null, "cara_3_tratamiento": null, "cara_4_tratamiento": null, "cara_5_tratamiento": null}}, {"model": "atencion.odontogramapieza", "pk": 257, "fields": {"odontograma": 5, "pieza": 49, "cuadrante": 3, "tratamiento": null, "orden": 5, "cara_1_tratamiento": null, "cara_2_tratamiento": null, "cara_3_tratamiento": null, "cara_4_tratamiento": null, "cara_5_tratamiento": null}}, {"model": "atencion.odontogramapieza", "pk": 258, "fields": {"odontograma": 5, "pieza": 50, "cuadrante": 3, "tratamiento": null, "orden": 6, "cara_1_tratamiento": null, "cara_2_tratamiento": null, "cara_3_tratamiento": null, "cara_4_tratamiento": null, "cara_5_tratamiento": null}}, {"model": "atencion.odontogramapieza", "pk": 259, "fields": {"odontograma": 5, "pieza": 51, "cuadrante": 3, "tratamiento": null, "orden": 7, "cara_1_tratamiento": null, "cara_2_tratamiento": null, "cara_3_tratamiento": null, "cara_4_tratamiento": null, "cara_5_tratamiento": null}}, {"model": "atencion.odontogramapieza", "pk": 260, "fields": {"odontograma": 5, "pieza": 52, "cuadrante": 3, "tratamiento": null, "orden": 8, "cara_1_tratamiento": null, "cara_2_tratamiento": null, "cara_3_tratamiento": null, "cara_4_tratamiento": null, "cara_5_tratamiento": null}}, {"model": "atencion.odontogramapieza", "pk": 313, "fields": {"odontograma": 7, "pieza": 1, "cuadrante": 1, "tratamiento": null, "orden": 7, "cara_1_tratamiento": null, "cara_2_tratamiento": null, "cara_3_tratamiento": null, "cara_4_tratamiento": null, "cara_5_tratamiento": null}}, {"model": "atencion.odontogramapieza", "pk": 314, "fields": {"odontograma": 7, "pieza": 2, "cuadrante": 1, "tratamiento": null, "orden": 8, "cara_1_tratamiento": null, "cara_2_tratamiento": null, "cara_3_tratamiento": null, "cara_4_tratamiento": null, "cara_5_tratamiento": null}}, {"model": "atencion.odontogramapieza", "pk": 315, "fields": {"odontograma": 7, "pieza": 3, "cuadrante": 2, "tratamiento": null, "orden": 1, "cara_1_tratamiento": null, "cara_2_tratamiento": null, "cara_3_tratamiento": null, "cara_4_tratamiento": null, "cara_5_tratamiento": null}}, {"model": "atencion.odontogramapieza", "pk": 316, "fields": {"odontograma": 7, "pieza": 4, "cuadrante": 2, "tratamiento": null, "orden": 2, "cara_1_tratamiento": null, "cara_2_tratamiento": null, "cara_3_tratamiento": null, "cara_4_tratamiento": null, "cara_5_tratamiento": null}}, {"model": "atencion.odontogramapieza", "pk": 317, "fields": {"odontograma": 7, "pieza": 5, "cuadrante": 1, "tratamiento": null, "orden": 5, "cara_1_tratamiento": null, "cara_2_tratamiento": null, "cara_3_tratamiento": null, "cara_4_tratamiento": null, "cara_5_tratamiento": null}}, {"model": "atencion.odontogramapieza", "pk": 318, "fields": {"odontograma": 7, "pieza": 6, "cuadrante": 1, "tratamiento": null, "orden": 4, "cara_1_tratamiento": null, "cara_2_tratamiento": null, "cara_3_tratamiento": null, "cara_4_tratamiento": null, "cara_5_tratamiento": null}}, {"model": "atencion.odontogramapieza", "pk": 319, "fields": {"odontograma": 7, "pieza": 7, "cuadrante": 2, "tratamiento": null, "orden": 1, "cara_1_tratamiento": null, "cara_2_tratamiento": null, "cara_3_tratamiento": null, "cara_4_tratamiento": null, "cara_5_tratamiento": null}}, {"model": "atencion.odontogramapieza", "pk": 320, "fields": {"odontograma": 7, "pieza": 8, "cuadrante": 2, "tratamiento": null, "orden": 2, "cara_1_tratamiento": null, "cara_2_tratamiento": null, "cara_3_tratamiento": null, "cara_4_tratamiento": null, "cara_5_tratamiento": null}}, {"model": "atencion.odontogramapieza", "pk": 321, "fields": {"odontograma": 7, "pieza": 9, "cuadrante": 4, "tratamiento": null, "orden": 5, "cara_1_tratamiento": null, "cara_2_tratamiento": null, "cara_3_tratamiento": null, "cara_4_tratamiento": null, "cara_5_tratamiento": null}}, {"model": "atencion.odontogramapieza", "pk": 322, "fields": {"odontograma": 7, "pieza": 10, "cuadrante": 4, "tratamiento": null, "orden": 4, "cara_1_tratamiento": null, "cara_2_tratamiento": null, "cara_3_tratamiento": null, "cara_4_tratamiento": null, "cara_5_tratamiento": null}}, {"model": "atencion.odontogramapieza", "pk": 323, "fields": {"odontograma": 7, "pieza": 11, "cuadrante": 3, "tratamiento": null, "orden": 1, "cara_1_tratamiento": null, "cara_2_tratamiento": null, "cara_3_tratamiento": null, "cara_4_tratamiento": null, "cara_5_tratamiento": null}}, {"model": "atencion.odontogramapieza", "pk": 324, "fields": {"odontograma": 7, "pieza": 12, "cuadrante": 3, "tratamiento": null, "orden": 2, "cara_1_tratamiento": null, "cara_2_tratamiento": null, "cara_3_tratamiento": null, "cara_4_tratamiento": null, "cara_5_tratamiento": null}}, {"model": "atencion.odontogramapieza", "pk": 325, "fields": {"odontograma": 7, "pieza": 13, "cuadrante": 4, "tratamiento": null, "orden": 7, "cara_1_tratamiento": null, "cara_2_tratamiento": null, "cara_3_tratamiento": null, "cara_4_tratamiento": null, "cara_5_tratamiento": null}}, {"model": "atencion.odontogramapieza", "pk": 326, "fields": {"odontograma": 7, "pieza": 14, "cuadrante": 4, "tratamiento": null, "orden": 8, "cara_1_tratamiento": null, "cara_2_tratamiento": null, "cara_3_tratamiento": null, "cara_4_tratamiento": null, "cara_5_tratamiento": null}}, {"model": "atencion.odontogramapieza", "pk": 327, "fields": {"odontograma": 7, "pieza": 15, "cuadrante": 3, "tratamiento": null, "orden": 1, "cara_1_tratamiento": null, "cara_2_tratamiento": null, "cara_3_tratamiento": null, "cara_4_tratamiento": null, "cara_5_tratamiento": null}}, {"model": "atencion.odontogramapieza", "pk": 328, "fields": {"odontograma": 7, "pieza": 16, "cuadrante": 3, "tratamiento": null, "orden": 2, "cara_1_tratamiento": null, "cara_2_tratamiento": null, "cara_3_tratamiento": null, "cara_4_tratamiento": null, "cara_5_tratamiento": null}}, {"model": "atencion.odontogramapieza", "pk": 329, "fields": {"odontograma": 7, "pieza": 17, "cuadrante": 1, "tratamiento": null, "orden": 6, "cara_1_tratamiento": null, "cara_2_tratamiento": null, "cara_3_tratamiento": null, "cara_4_tratamiento": null, "cara_5_tratamiento": null}}, {"model": "atencion.odontogramapieza", "pk": 330, "fields": {"odontograma": 7, "pieza": 18, "cuadrante": 1, "tratamiento": null, "orden": 5, "cara_1_tratamiento": null, "cara_2_tratamiento": null, "cara_3_tratamiento": null, "cara_4_tratamiento": null, "cara_5_tratamiento": null}}, {"model": "atencion.odontogramapieza", "pk": 331, "fields": {"odontograma": 7, "pieza": 19, "cuadrante": 1, "tratamiento": null, "orden": 4, "cara_1_tratamiento": null, "cara_2_tratamiento": null, "cara_3_tratamiento": null, "cara_4_tratamiento": null, "cara_5_tratamiento": null}}, {"model": "atencion.odontogramapieza", "pk": 332, "fields": {"odontograma": 7, "pieza": 20, "cuadrante": 1, "tratamiento": null, "orden": 3, "cara_1_tratamiento": null, "cara_2_tratamiento": null, "cara_3_tratamiento": null, "cara_4_tratamiento": null, "cara_5_tratamiento": null}}, {"model": "atencion.odontogramapieza", "pk": 333, "fields": {"odontograma": 7, "pieza": 21, "cuadrante": 1, "tratamiento": null, "orden": 2, "cara_1_tratamiento": null, "cara_2_tratamiento": null, "cara_3_tratamiento": null, "cara_4_tratamiento": null, "cara_5_tratamiento": null}}, {"model": "atencion.odontogramapieza", "pk": 334, "fields": {"odontograma": 7, "pieza": 22, "cuadrante": 1, "tratamiento": null, "orden": 1, "cara_1_tratamiento": null, "cara_2_tratamiento": null, "cara_3_tratamiento": null, "cara_4_tratamiento": null, "cara_5_tratamiento": null}}, {"model": "atencion.odontogramapieza", "pk": 335, "fields": {"odontograma": 7, "pieza": 23, "cuadrante": 2, "tratamiento": null, "orden": 3, "cara_1_tratamiento": null, "cara_2_tratamiento": null, "cara_3_tratamiento": null, "cara_4_tratamiento": null, "cara_5_tratamiento": null}}, {"model": "atencion.odontogramapieza", "pk": 336, "fields": {"odontograma": 7, "pieza": 24, "cuadrante": 2, "tratamiento": null, "orden": 4, "cara_1_tratamiento": null, "cara_2_tratamiento": null, "cara_3_tratamiento": null, "cara_4_tratamiento": null, "cara_5_tratamiento": null}}, {"model": "atencion.odontogramapieza", "pk": 337, "fields": {"odontograma": 7, "pieza": 25, "cuadrante": 2, "tratamiento": null, "orden": 5, "cara_1_tratamiento": null, "cara_2_tratamiento": null, "cara_3_tratamiento": null, "cara_4_tratamiento": null, "cara_5_tratamiento": null}}, {"model": "atencion.odontogramapieza", "pk": 338, "fields": {"odontograma": 7, "pieza": 26, "cuadrante": 2, "tratamiento": null, "orden": 6, "cara_1_tratamiento": null, "cara_2_tratamiento": null, "cara_3_tratamiento": null, "cara_4_tratamiento": null, "cara_5_tratamiento": null}}, {"model": "atencion.odontogramapieza", "pk": 339, "fields": {"odontograma": 7, "pieza": 27, "cuadrante": 2, "tratamiento": null, "orden": 7, "cara_1_tratamiento": null, "cara_2_tratamiento": null, "cara_3_tratamiento": null, "cara_4_tratamiento": null, "cara_5_tratamiento": null}}, {"model": "atencion.odontogramapieza", "pk": 340, "fields": {"odontograma": 7, "pieza": 28, "cuadrante": 2, "tratamiento": null, "orden": 8, "cara_1_tratamiento": null, "cara_2_tratamiento": null, "cara_3_tratamiento": null, "cara_4_tratamiento": null, "cara_5_tratamiento": null}}, {"model": "atencion.odontogramapieza", "pk": 341, "fields": {"odontograma": 7, "pieza": 29, "cuadrante": 1, "tratamiento": null, "orden": 3, "cara_1_tratamiento": null, "cara_2_tratamiento": null, "cara_3_tratamiento": null, "cara_4_tratamiento": null, "cara_5_tratamiento": null}}, {"model": "atencion.odontogramapieza", "pk": 342, "fields": {"odontograma": 7, "pieza": 30, "cuadrante": 1, "tratamiento": null, "orden": 2, "cara_1_tratamiento": null, "cara_2_tratamiento": null, "cara_3_tratamiento": null, "cara_4_tratamiento": null, "cara_5_tratamiento": null}}, {"model": "atencion.odontogramapieza", "pk": 343, "fields": {"odontograma": 7, "pieza": 31, "cuadrante": 1, "tratamiento": null, "orden": 1, "cara_1_tratamiento": null, "cara_2_tratamiento": null, "cara_3_tratamiento": null, "cara_4_tratamiento": null, "cara_5_tratamiento": null}}, {"model": "atencion.odontogramapieza", "pk": 344, "fields": {"odontograma": 7, "pieza": 32, "cuadrante": 2, "tratamiento": null, "orden": 3, "cara_1_tratamiento": null, "cara_2_tratamiento": null, "cara_3_tratamiento": null, "cara_4_tratamiento": null, "cara_5_tratamiento": null}}, {"model": "atencion.odontogramapieza", "pk": 345, "fields": {"odontograma": 7, "pieza": 33, "cuadrante": 2, "tratamiento": null, "orden": 4, "cara_1_tratamiento": null, "cara_2_tratamiento": null, "cara_3_tratamiento": null, "cara_4_tratamiento": null, "cara_5_tratamiento": null}}, {"model": "atencion.odontogramapieza", "pk": 346, "fields": {"odontograma": 7, "pieza": 34, "cuadrante": 2, "tratamiento": null, "orden": 5, "cara_1_tratamiento": null, "cara_2_tratamiento": null, "cara_3_tratamiento": null, "cara_4_tratamiento": null, "cara_5_tratamiento": null}}, {"model": "atencion.odontogramapieza", "pk": 347, "fields": {"odontograma": 7, "pieza": 35, "cuadrante": 4, "tratamiento": null, "orden": 3, "cara_1_tratamiento": null, "cara_2_tratamiento": null, "cara_3_tratamiento": null, "cara_4_tratamiento": null, "cara_5_tratamiento": null}}, {"model": "atencion.odontogramapieza", "pk": 348, "fields": {"odontograma": 7, "pieza": 36, "cuadrante": 4, "tratamiento": null, "orden": 2, "cara_1_tratamiento": 2, "cara_2_tratamiento": 2, "cara_3_tratamiento": 2, "cara_4_tratamiento": null, "cara_5_tratamiento": null}}, {"model": "atencion.odontogramapieza", "pk": 349, "fields": {"odontograma": 7, "pieza": 37, "cuadrante": 4, "tratamiento": null, "orden": 1, "cara_1_tratamiento": 2, "cara_2_tratamiento": 2, "cara_3_tratamiento": 2, "cara_4_tratamiento": null, "cara_5_tratamiento": null}}, {"model": "atencion.odontogramapieza", "pk": 350, "fields": {"odontograma": 7, "pieza": 38, "cuadrante": 3, "tratamiento": null, "orden": 3, "cara_1_tratamiento": null, "cara_2_tratamiento": null, "cara_3_tratamiento": null, "cara_4_tratamiento": null, "cara_5_tratamiento": null}}, {"model": "atencion.odontogramapieza", "pk": 351, "fields": {"odontograma": 7, "pieza": 39, "cuadrante": 3, "tratamiento": null, "orden": 4, "cara_1_tratamiento": 2, "cara_2_tratamiento": null, "cara_3_tratamiento": 2, "cara_4_tratamiento": null, "cara_5_tratamiento": null}}, {"model": "atencion.odontogramapieza", "pk": 352, "fields": {"odontograma": 7, "pieza": 40, "cuadrante": 3, "tratamiento": null, "orden": 5, "cara_1_tratamiento": null, "cara_2_tratamiento": null, "cara_3_tratamiento": 2, "cara_4_tratamiento": null, "cara_5_tratamiento": null}}, {"model": "atencion.odontogramapieza", "pk": 353, "fields": {"odontograma": 7, "pieza": 41, "cuadrante": 4, "tratamiento": null, "orden": 6, "cara_1_tratamiento": null, "cara_2_tratamiento": null, "cara_3_tratamiento": null, "cara_4_tratamiento": null, "cara_5_tratamiento": null}}, {"model": "atencion.odontogramapieza", "pk": 354, "fields": {"odontograma": 7, "pieza": 42, "cuadrante": 4, "tratamiento": null, "orden": 5, "cara_1_tratamiento": null, "cara_2_tratamiento": null, "cara_3_tratamiento": null, "cara_4_tratamiento": null, "cara_5_tratamiento": null}}, {"model": "atencion.odontogramapieza", "pk": 355, "fields": {"odontograma": 7, "pieza": 43, "cuadrante": 4, "tratamiento": null, "orden": 4, "cara_1_tratamiento": null, "cara_2_tratamiento": null, "cara_3_tratamiento": null, "cara_4_tratamiento": null, "cara_5_tratamiento": null}}, {"model": "atencion.odontogramapieza", "pk": 356, "fields": {"odontograma": 7, "pieza": 44, "cuadrante": 4, "tratamiento": null, "orden": 3, "cara_1_tratamiento": null, "cara_2_tratamiento": null, "cara_3_tratamiento": null, "cara_4_tratamiento": null, "cara_5_tratamiento": null}}, {"model": "atencion.odontogramapieza", "pk": 357, "fields": {"odontograma": 7, "pieza": 45, "cuadrante": 4, "tratamiento": null, "orden": 2, "cara_1_tratamiento": null, "cara_2_tratamiento": null, "cara_3_tratamiento": null, "cara_4_tratamiento": null, "cara_5_tratamiento": null}}, {"model": "atencion.odontogramapieza", "pk": 358, "fields": {"odontograma": 7, "pieza": 46, "cuadrante": 4, "tratamiento": null, "orden": 1, "cara_1_tratamiento": null, "cara_2_tratamiento": null, "cara_3_tratamiento": null, "cara_4_tratamiento": null, "cara_5_tratamiento": null}}, {"model": "atencion.odontogramapieza", "pk": 359, "fields": {"odontograma": 7, "pieza": 47, "cuadrante": 3, "tratamiento": null, "orden": 3, "cara_1_tratamiento": null, "cara_2_tratamiento": null, "cara_3_tratamiento": null, "cara_4_tratamiento": null, "cara_5_tratamiento": null}}, {"model": "atencion.odontogramapieza", "pk": 360, "fields": {"odontograma": 7, "pieza": 48, "cuadrante": 3, "tratamiento": null, "orden": 4, "cara_1_tratamiento": null, "cara_2_tratamiento": null, "cara_3_tratamiento": null, "cara_4_tratamiento": null, "cara_5_tratamiento": null}}, {"model": "atencion.odontogramapieza", "pk": 361, "fields": {"odontograma": 7, "pieza": 49, "cuadrante": 3, "tratamiento": null, "orden": 5, "cara_1_tratamiento": null, "cara_2_tratamiento": null, "cara_3_tratamiento": null, "cara_4_tratamiento": null, "cara_5_tratamiento": null}}, {"model": "atencion.odontogramapieza", "pk": 362, "fields": {"odontograma": 7, "pieza": 50, "cuadrante": 3, "tratamiento": null, "orden": 6, "cara_1_tratamiento": null, "cara_2_tratamiento": null, "cara_3_tratamiento": null, "cara_4_tratamiento": null, "cara_5_tratamiento": null}}, {"model": "atencion.odontogramapieza", "pk": 363, "fields": {"odontograma": 7, "pieza": 51, "cuadrante": 3, "tratamiento": null, "orden": 7, "cara_1_tratamiento": null, "cara_2_tratamiento": null, "cara_3_tratamiento": null, "cara_4_tratamiento": null, "cara_5_tratamiento": null}}, {"model": "atencion.odontogramapieza", "pk": 364, "fields": {"odontograma": 7, "pieza": 52, "cuadrante": 3, "tratamiento": null, "orden": 8, "cara_1_tratamiento": null, "cara_2_tratamiento": null, "cara_3_tratamiento": null, "cara_4_tratamiento": null, "cara_5_tratamiento": null}}, {"model": "atencion.odontogramapieza", "pk": 365, "fields": {"odontograma": 8, "pieza": 1, "cuadrante": 1, "tratamiento": null, "orden": 7, "cara_1_tratamiento": null, "cara_2_tratamiento": null, "cara_3_tratamiento": null, "cara_4_tratamiento": null, "cara_5_tratamiento": null}}, {"model": "atencion.odontogramapieza", "pk": 366, "fields": {"odontograma": 8, "pieza": 2, "cuadrante": 1, "tratamiento": null, "orden": 8, "cara_1_tratamiento": null, "cara_2_tratamiento": null, "cara_3_tratamiento": null, "cara_4_tratamiento": null, "cara_5_tratamiento": null}}, {"model": "atencion.odontogramapieza", "pk": 367, "fields": {"odontograma": 8, "pieza": 3, "cuadrante": 2, "tratamiento": null, "orden": 1, "cara_1_tratamiento": null, "cara_2_tratamiento": null, "cara_3_tratamiento": null, "cara_4_tratamiento": null, "cara_5_tratamiento": null}}, {"model": "atencion.odontogramapieza", "pk": 368, "fields": {"odontograma": 8, "pieza": 4, "cuadrante": 2, "tratamiento": null, "orden": 2, "cara_1_tratamiento": null, "cara_2_tratamiento": null, "cara_3_tratamiento": null, "cara_4_tratamiento": null, "cara_5_tratamiento": null}}, {"model": "atencion.odontogramapieza", "pk": 369, "fields": {"odontograma": 8, "pieza": 5, "cuadrante": 1, "tratamiento": null, "orden": 5, "cara_1_tratamiento": null, "cara_2_tratamiento": null, "cara_3_tratamiento": null, "cara_4_tratamiento": null, "cara_5_tratamiento": null}}, {"model": "atencion.odontogramapieza", "pk": 370, "fields": {"odontograma": 8, "pieza": 6, "cuadrante": 1, "tratamiento": null, "orden": 4, "cara_1_tratamiento": null, "cara_2_tratamiento": null, "cara_3_tratamiento": null, "cara_4_tratamiento": null, "cara_5_tratamiento": null}}, {"model": "atencion.odontogramapieza", "pk": 371, "fields": {"odontograma": 8, "pieza": 7, "cuadrante": 2, "tratamiento": null, "orden": 1, "cara_1_tratamiento": null, "cara_2_tratamiento": null, "cara_3_tratamiento": null, "cara_4_tratamiento": null, "cara_5_tratamiento": null}}, {"model": "atencion.odontogramapieza", "pk": 372, "fields": {"odontograma": 8, "pieza": 8, "cuadrante": 2, "tratamiento": null, "orden": 2, "cara_1_tratamiento": null, "cara_2_tratamiento": null, "cara_3_tratamiento": null, "cara_4_tratamiento": null, "cara_5_tratamiento": null}}, {"model": "atencion.odontogramapieza", "pk": 373, "fields": {"odontograma": 8, "pieza": 9, "cuadrante": 4, "tratamiento": null, "orden": 5, "cara_1_tratamiento": null, "cara_2_tratamiento": null, "cara_3_tratamiento": null, "cara_4_tratamiento": null, "cara_5_tratamiento": null}}, {"model": "atencion.odontogramapieza", "pk": 374, "fields": {"odontograma": 8, "pieza": 10, "cuadrante": 4, "tratamiento": null, "orden": 4, "cara_1_tratamiento": null, "cara_2_tratamiento": null, "cara_3_tratamiento": null, "cara_4_tratamiento": null, "cara_5_tratamiento": null}}, {"model": "atencion.odontogramapieza", "pk": 375, "fields": {"odontograma": 8, "pieza": 11, "cuadrante": 3, "tratamiento": null, "orden": 1, "cara_1_tratamiento": null, "cara_2_tratamiento": null, "cara_3_tratamiento": null, "cara_4_tratamiento": null, "cara_5_tratamiento": null}}, {"model": "atencion.odontogramapieza", "pk": 376, "fields": {"odontograma": 8, "pieza": 12, "cuadrante": 3, "tratamiento": null, "orden": 2, "cara_1_tratamiento": null, "cara_2_tratamiento": null, "cara_3_tratamiento": null, "cara_4_tratamiento": null, "cara_5_tratamiento": null}}, {"model": "atencion.odontogramapieza", "pk": 377, "fields": {"odontograma": 8, "pieza": 13, "cuadrante": 4, "tratamiento": null, "orden": 7, "cara_1_tratamiento": null, "cara_2_tratamiento": null, "cara_3_tratamiento": null, "cara_4_tratamiento": null, "cara_5_tratamiento": null}}, {"model": "atencion.odontogramapieza", "pk": 378, "fields": {"odontograma": 8, "pieza": 14, "cuadrante": 4, "tratamiento": null, "orden": 8, "cara_1_tratamiento": null, "cara_2_tratamiento": null, "cara_3_tratamiento": null, "cara_4_tratamiento": null, "cara_5_tratamiento": null}}, {"model": "atencion.odontogramapieza", "pk": 379, "fields": {"odontograma": 8, "pieza": 15, "cuadrante": 3, "tratamiento": null, "orden": 1, "cara_1_tratamiento": null, "cara_2_tratamiento": null, "cara_3_tratamiento": null, "cara_4_tratamiento": null, "cara_5_tratamiento": null}}, {"model": "atencion.odontogramapieza", "pk": 380, "fields": {"odontograma": 8, "pieza": 16, "cuadrante": 3, "tratamiento": null, "orden": 2, "cara_1_tratamiento": null, "cara_2_tratamiento": null, "cara_3_tratamiento": null, "cara_4_tratamiento": null, "cara_5_tratamiento": null}}, {"model": "atencion.odontogramapieza", "pk": 381, "fields": {"odontograma": 8, "pieza": 17, "cuadrante": 1, "tratamiento": null, "orden": 6, "cara_1_tratamiento": null, "cara_2_tratamiento": null, "cara_3_tratamiento": null, "cara_4_tratamiento": null, "cara_5_tratamiento": null}}, {"model": "atencion.odontogramapieza", "pk": 382, "fields": {"odontograma": 8, "pieza": 18, "cuadrante": 1, "tratamiento": null, "orden": 5, "cara_1_tratamiento": null, "cara_2_tratamiento": null, "cara_3_tratamiento": null, "cara_4_tratamiento": null, "cara_5_tratamiento": null}}, {"model": "atencion.odontogramapieza", "pk": 383, "fields": {"odontograma": 8, "pieza": 19, "cuadrante": 1, "tratamiento": null, "orden": 4, "cara_1_tratamiento": null, "cara_2_tratamiento": null, "cara_3_tratamiento": null, "cara_4_tratamiento": null, "cara_5_tratamiento": null}}, {"model": "atencion.odontogramapieza", "pk": 384, "fields": {"odontograma": 8, "pieza": 20, "cuadrante": 1, "tratamiento": null, "orden": 3, "cara_1_tratamiento": null, "cara_2_tratamiento": null, "cara_3_tratamiento": null, "cara_4_tratamiento": null, "cara_5_tratamiento": null}}, {"model": "atencion.odontogramapieza", "pk": 385, "fields": {"odontograma": 8, "pieza": 21, "cuadrante": 1, "tratamiento": null, "orden": 2, "cara_1_tratamiento": null, "cara_2_tratamiento": null, "cara_3_tratamiento": null, "cara_4_tratamiento": null, "cara_5_tratamiento": null}}, {"model": "atencion.odontogramapieza", "pk": 386, "fields": {"odontograma": 8, "pieza": 22, "cuadrante": 1, "tratamiento": null, "orden": 1, "cara_1_tratamiento": null, "cara_2_tratamiento": null, "cara_3_tratamiento": null, "cara_4_tratamiento": null, "cara_5_tratamiento": null}}, {"model": "atencion.odontogramapieza", "pk": 387, "fields": {"odontograma": 8, "pieza": 23, "cuadrante": 2, "tratamiento": null, "orden": 3, "cara_1_tratamiento": null, "cara_2_tratamiento": null, "cara_3_tratamiento": null, "cara_4_tratamiento": null, "cara_5_tratamiento": null}}, {"model": "atencion.odontogramapieza", "pk": 388, "fields": {"odontograma": 8, "pieza": 24, "cuadrante": 2, "tratamiento": null, "orden": 4, "cara_1_tratamiento": null, "cara_2_tratamiento": null, "cara_3_tratamiento": null, "cara_4_tratamiento": null, "cara_5_tratamiento": null}}, {"model": "atencion.odontogramapieza", "pk": 389, "fields": {"odontograma": 8, "pieza": 25, "cuadrante": 2, "tratamiento": null, "orden": 5, "cara_1_tratamiento": null, "cara_2_tratamiento": null, "cara_3_tratamiento": null, "cara_4_tratamiento": null, "cara_5_tratamiento": null}}, {"model": "atencion.odontogramapieza", "pk": 390, "fields": {"odontograma": 8, "pieza": 26, "cuadrante": 2, "tratamiento": null, "orden": 6, "cara_1_tratamiento": null, "cara_2_tratamiento": null, "cara_3_tratamiento": null, "cara_4_tratamiento": null, "cara_5_tratamiento": null}}, {"model": "atencion.odontogramapieza", "pk": 391, "fields": {"odontograma": 8, "pieza": 27, "cuadrante": 2, "tratamiento": null, "orden": 7, "cara_1_tratamiento": null, "cara_2_tratamiento": null, "cara_3_tratamiento": null, "cara_4_tratamiento": null, "cara_5_tratamiento": null}}, {"model": "atencion.odontogramapieza", "pk": 392, "fields": {"odontograma": 8, "pieza": 28, "cuadrante": 2, "tratamiento": null, "orden": 8, "cara_1_tratamiento": null, "cara_2_tratamiento": null, "cara_3_tratamiento": null, "cara_4_tratamiento": null, "cara_5_tratamiento": null}}, {"model": "atencion.odontogramapieza", "pk": 393, "fields": {"odontograma": 8, "pieza": 29, "cuadrante": 1, "tratamiento": null, "orden": 3, "cara_1_tratamiento": null, "cara_2_tratamiento": null, "cara_3_tratamiento": null, "cara_4_tratamiento": null, "cara_5_tratamiento": null}}, {"model": "atencion.odontogramapieza", "pk": 394, "fields": {"odontograma": 8, "pieza": 30, "cuadrante": 1, "tratamiento": null, "orden": 2, "cara_1_tratamiento": null, "cara_2_tratamiento": null, "cara_3_tratamiento": null, "cara_4_tratamiento": null, "cara_5_tratamiento": null}}, {"model": "atencion.odontogramapieza", "pk": 395, "fields": {"odontograma": 8, "pieza": 31, "cuadrante": 1, "tratamiento": null, "orden": 1, "cara_1_tratamiento": null, "cara_2_tratamiento": null, "cara_3_tratamiento": null, "cara_4_tratamiento": null, "cara_5_tratamiento": null}}, {"model": "atencion.odontogramapieza", "pk": 396, "fields": {"odontograma": 8, "pieza": 32, "cuadrante": 2, "tratamiento": null, "orden": 3, "cara_1_tratamiento": null, "cara_2_tratamiento": null, "cara_3_tratamiento": null, "cara_4_tratamiento": null, "cara_5_tratamiento": null}}, {"model": "atencion.odontogramapieza", "pk": 397, "fields": {"odontograma": 8, "pieza": 33, "cuadrante": 2, "tratamiento": null, "orden": 4, "cara_1_tratamiento": null, "cara_2_tratamiento": null, "cara_3_tratamiento": null, "cara_4_tratamiento": null, "cara_5_tratamiento": null}}, {"model": "atencion.odontogramapieza", "pk": 398, "fields": {"odontograma": 8, "pieza": 34, "cuadrante": 2, "tratamiento": null, "orden": 5, "cara_1_tratamiento": null, "cara_2_tratamiento": null, "cara_3_tratamiento": null, "cara_4_tratamiento": null, "cara_5_tratamiento": null}}, {"model": "atencion.odontogramapieza", "pk": 399, "fields": {"odontograma": 8, "pieza": 35, "cuadrante": 4, "tratamiento": null, "orden": 3, "cara_1_tratamiento": null, "cara_2_tratamiento": null, "cara_3_tratamiento": null, "cara_4_tratamiento": null, "cara_5_tratamiento": null}}, {"model": "atencion.odontogramapieza", "pk": 400, "fields": {"odontograma": 8, "pieza": 36, "cuadrante": 4, "tratamiento": null, "orden": 2, "cara_1_tratamiento": null, "cara_2_tratamiento": null, "cara_3_tratamiento": null, "cara_4_tratamiento": null, "cara_5_tratamiento": null}}, {"model": "atencion.odontogramapieza", "pk": 401, "fields": {"odontograma": 8, "pieza": 37, "cuadrante": 4, "tratamiento": null, "orden": 1, "cara_1_tratamiento": null, "cara_2_tratamiento": null, "cara_3_tratamiento": null, "cara_4_tratamiento": null, "cara_5_tratamiento": null}}, {"model": "atencion.odontogramapieza", "pk": 402, "fields": {"odontograma": 8, "pieza": 38, "cuadrante": 3, "tratamiento": null, "orden": 3, "cara_1_tratamiento": null, "cara_2_tratamiento": null, "cara_3_tratamiento": null, "cara_4_tratamiento": null, "cara_5_tratamiento": null}}, {"model": "atencion.odontogramapieza", "pk": 403, "fields": {"odontograma": 8, "pieza": 39, "cuadrante": 3, "tratamiento": null, "orden": 4, "cara_1_tratamiento": null, "cara_2_tratamiento": null, "cara_3_tratamiento": null, "cara_4_tratamiento": null, "cara_5_tratamiento": null}}, {"model": "atencion.odontogramapieza", "pk": 404, "fields": {"odontograma": 8, "pieza": 40, "cuadrante": 3, "tratamiento": null, "orden": 5, "cara_1_tratamiento": null, "cara_2_tratamiento": null, "cara_3_tratamiento": null, "cara_4_tratamiento": null, "cara_5_tratamiento": null}}, {"model": "atencion.odontogramapieza", "pk": 405, "fields": {"odontograma": 8, "pieza": 41, "cuadrante": 4, "tratamiento": null, "orden": 6, "cara_1_tratamiento": null, "cara_2_tratamiento": null, "cara_3_tratamiento": null, "cara_4_tratamiento": null, "cara_5_tratamiento": null}}, {"model": "atencion.odontogramapieza", "pk": 406, "fields": {"odontograma": 8, "pieza": 42, "cuadrante": 4, "tratamiento": null, "orden": 5, "cara_1_tratamiento": null, "cara_2_tratamiento": null, "cara_3_tratamiento": null, "cara_4_tratamiento": null, "cara_5_tratamiento": null}}, {"model": "atencion.odontogramapieza", "pk": 407, "fields": {"odontograma": 8, "pieza": 43, "cuadrante": 4, "tratamiento": null, "orden": 4, "cara_1_tratamiento": null, "cara_2_tratamiento": null, "cara_3_tratamiento": null, "cara_4_tratamiento": null, "cara_5_tratamiento": null}}, {"model": "atencion.odontogramapieza", "pk": 408, "fields": {"odontograma": 8, "pieza": 44, "cuadrante": 4, "tratamiento": null, "orden": 3, "cara_1_tratamiento": null, "cara_2_tratamiento": null, "cara_3_tratamiento": null, "cara_4_tratamiento": null, "cara_5_tratamiento": null}}, {"model": "atencion.odontogramapieza", "pk": 409, "fields": {"odontograma": 8, "pieza": 45, "cuadrante": 4, "tratamiento": null, "orden": 2, "cara_1_tratamiento": null, "cara_2_tratamiento": null, "cara_3_tratamiento": null, "cara_4_tratamiento": null, "cara_5_tratamiento": null}}, {"model": "atencion.odontogramapieza", "pk": 410, "fields": {"odontograma": 8, "pieza": 46, "cuadrante": 4, "tratamiento": null, "orden": 1, "cara_1_tratamiento": null, "cara_2_tratamiento": null, "cara_3_tratamiento": null, "cara_4_tratamiento": null, "cara_5_tratamiento": null}}, {"model": "atencion.odontogramapieza", "pk": 411, "fields": {"odontograma": 8, "pieza": 47, "cuadrante": 3, "tratamiento": null, "orden": 3, "cara_1_tratamiento": null, "cara_2_tratamiento": null, "cara_3_tratamiento": null, "cara_4_tratamiento": null, "cara_5_tratamiento": null}}, {"model": "atencion.odontogramapieza", "pk": 412, "fields": {"odontograma": 8, "pieza": 48, "cuadrante": 3, "tratamiento": null, "orden": 4, "cara_1_tratamiento": null, "cara_2_tratamiento": null, "cara_3_tratamiento": null, "cara_4_tratamiento": null, "cara_5_tratamiento": null}}, {"model": "atencion.odontogramapieza", "pk": 413, "fields": {"odontograma": 8, "pieza": 49, "cuadrante": 3, "tratamiento": null, "orden": 5, "cara_1_tratamiento": null, "cara_2_tratamiento": null, "cara_3_tratamiento": null, "cara_4_tratamiento": null, "cara_5_tratamiento": null}}, {"model": "atencion.odontogramapieza", "pk": 414, "fields": {"odontograma": 8, "pieza": 50, "cuadrante": 3, "tratamiento": null, "orden": 6, "cara_1_tratamiento": null, "cara_2_tratamiento": null, "cara_3_tratamiento": null, "cara_4_tratamiento": null, "cara_5_tratamiento": null}}, {"model": "atencion.odontogramapieza", "pk": 415, "fields": {"odontograma": 8, "pieza": 51, "cuadrante": 3, "tratamiento": null, "orden": 7, "cara_1_tratamiento": null, "cara_2_tratamiento": null, "cara_3_tratamiento": null, "cara_4_tratamiento": null, "cara_5_tratamiento": null}}, {"model": "atencion.odontogramapieza", "pk": 416, "fields": {"odontograma": 8, "pieza": 52, "cuadrante": 3, "tratamiento": null, "orden": 8, "cara_1_tratamiento": null, "cara_2_tratamiento": null, "cara_3_tratamiento": null, "cara_4_tratamiento": null, "cara_5_tratamiento": null}}, {"model": "atencion.odontogramapieza", "pk": 417, "fields": {"odontograma": 9, "pieza": 1, "cuadrante": 1, "tratamiento": null, "orden": 7, "cara_1_tratamiento": null, "cara_2_tratamiento": null, "cara_3_tratamiento": null, "cara_4_tratamiento": null, "cara_5_tratamiento": null}}, {"model": "atencion.odontogramapieza", "pk": 418, "fields": {"odontograma": 9, "pieza": 2, "cuadrante": 1, "tratamiento": null, "orden": 8, "cara_1_tratamiento": null, "cara_2_tratamiento": null, "cara_3_tratamiento": null, "cara_4_tratamiento": null, "cara_5_tratamiento": null}}, {"model": "atencion.odontogramapieza", "pk": 419, "fields": {"odontograma": 9, "pieza": 3, "cuadrante": 2, "tratamiento": null, "orden": 1, "cara_1_tratamiento": null, "cara_2_tratamiento": null, "cara_3_tratamiento": null, "cara_4_tratamiento": null, "cara_5_tratamiento": null}}, {"model": "atencion.odontogramapieza", "pk": 420, "fields": {"odontograma": 9, "pieza": 4, "cuadrante": 2, "tratamiento": null, "orden": 2, "cara_1_tratamiento": null, "cara_2_tratamiento": null, "cara_3_tratamiento": null, "cara_4_tratamiento": null, "cara_5_tratamiento": null}}, {"model": "atencion.odontogramapieza", "pk": 421, "fields": {"odontograma": 9, "pieza": 5, "cuadrante": 1, "tratamiento": null, "orden": 5, "cara_1_tratamiento": null, "cara_2_tratamiento": null, "cara_3_tratamiento": null, "cara_4_tratamiento": null, "cara_5_tratamiento": null}}, {"model": "atencion.odontogramapieza", "pk": 422, "fields": {"odontograma": 9, "pieza": 6, "cuadrante": 1, "tratamiento": null, "orden": 4, "cara_1_tratamiento": null, "cara_2_tratamiento": null, "cara_3_tratamiento": null, "cara_4_tratamiento": null, "cara_5_tratamiento": null}}, {"model": "atencion.odontogramapieza", "pk": 423, "fields": {"odontograma": 9, "pieza": 7, "cuadrante": 2, "tratamiento": null, "orden": 1, "cara_1_tratamiento": null, "cara_2_tratamiento": null, "cara_3_tratamiento": null, "cara_4_tratamiento": null, "cara_5_tratamiento": null}}, {"model": "atencion.odontogramapieza", "pk": 424, "fields": {"odontograma": 9, "pieza": 8, "cuadrante": 2, "tratamiento": null, "orden": 2, "cara_1_tratamiento": null, "cara_2_tratamiento": null, "cara_3_tratamiento": null, "cara_4_tratamiento": null, "cara_5_tratamiento": null}}, {"model": "atencion.odontogramapieza", "pk": 425, "fields": {"odontograma": 9, "pieza": 9, "cuadrante": 4, "tratamiento": null, "orden": 5, "cara_1_tratamiento": null, "cara_2_tratamiento": null, "cara_3_tratamiento": null, "cara_4_tratamiento": null, "cara_5_tratamiento": null}}, {"model": "atencion.odontogramapieza", "pk": 426, "fields": {"odontograma": 9, "pieza": 10, "cuadrante": 4, "tratamiento": null, "orden": 4, "cara_1_tratamiento": null, "cara_2_tratamiento": null, "cara_3_tratamiento": null, "cara_4_tratamiento": null, "cara_5_tratamiento": null}}, {"model": "atencion.odontogramapieza", "pk": 427, "fields": {"odontograma": 9, "pieza": 11, "cuadrante": 3, "tratamiento": null, "orden": 1, "cara_1_tratamiento": null, "cara_2_tratamiento": null, "cara_3_tratamiento": null, "cara_4_tratamiento": null, "cara_5_tratamiento": null}}, {"model": "atencion.odontogramapieza", "pk": 428, "fields": {"odontograma": 9, "pieza": 12, "cuadrante": 3, "tratamiento": null, "orden": 2, "cara_1_tratamiento": null, "cara_2_tratamiento": null, "cara_3_tratamiento": null, "cara_4_tratamiento": null, "cara_5_tratamiento": null}}, {"model": "atencion.odontogramapieza", "pk": 429, "fields": {"odontograma": 9, "pieza": 13, "cuadrante": 4, "tratamiento": null, "orden": 7, "cara_1_tratamiento": null, "cara_2_tratamiento": null, "cara_3_tratamiento": null, "cara_4_tratamiento": null, "cara_5_tratamiento": null}}, {"model": "atencion.odontogramapieza", "pk": 430, "fields": {"odontograma": 9, "pieza": 14, "cuadrante": 4, "tratamiento": null, "orden": 8, "cara_1_tratamiento": null, "cara_2_tratamiento": null, "cara_3_tratamiento": null, "cara_4_tratamiento": null, "cara_5_tratamiento": null}}, {"model": "atencion.odontogramapieza", "pk": 431, "fields": {"odontograma": 9, "pieza": 15, "cuadrante": 3, "tratamiento": null, "orden": 1, "cara_1_tratamiento": null, "cara_2_tratamiento": null, "cara_3_tratamiento": null, "cara_4_tratamiento": null, "cara_5_tratamiento": null}}, {"model": "atencion.odontogramapieza", "pk": 432, "fields": {"odontograma": 9, "pieza": 16, "cuadrante": 3, "tratamiento": null, "orden": 2, "cara_1_tratamiento": null, "cara_2_tratamiento": null, "cara_3_tratamiento": null, "cara_4_tratamiento": null, "cara_5_tratamiento": null}}, {"model": "atencion.odontogramapieza", "pk": 433, "fields": {"odontograma": 9, "pieza": 17, "cuadrante": 1, "tratamiento": null, "orden": 6, "cara_1_tratamiento": null, "cara_2_tratamiento": null, "cara_3_tratamiento": null, "cara_4_tratamiento": null, "cara_5_tratamiento": null}}, {"model": "atencion.odontogramapieza", "pk": 434, "fields": {"odontograma": 9, "pieza": 18, "cuadrante": 1, "tratamiento": null, "orden": 5, "cara_1_tratamiento": null, "cara_2_tratamiento": null, "cara_3_tratamiento": null, "cara_4_tratamiento": null, "cara_5_tratamiento": null}}, {"model": "atencion.odontogramapieza", "pk": 435, "fields": {"odontograma": 9, "pieza": 19, "cuadrante": 1, "tratamiento": null, "orden": 4, "cara_1_tratamiento": null, "cara_2_tratamiento": null, "cara_3_tratamiento": null, "cara_4_tratamiento": null, "cara_5_tratamiento": null}}, {"model": "atencion.odontogramapieza", "pk": 436, "fields": {"odontograma": 9, "pieza": 20, "cuadrante": 1, "tratamiento": null, "orden": 3, "cara_1_tratamiento": null, "cara_2_tratamiento": null, "cara_3_tratamiento": null, "cara_4_tratamiento": null, "cara_5_tratamiento": null}}, {"model": "atencion.odontogramapieza", "pk": 437, "fields": {"odontograma": 9, "pieza": 21, "cuadrante": 1, "tratamiento": null, "orden": 2, "cara_1_tratamiento": null, "cara_2_tratamiento": null, "cara_3_tratamiento": null, "cara_4_tratamiento": null, "cara_5_tratamiento": null}}, {"model": "atencion.odontogramapieza", "pk": 438, "fields": {"odontograma": 9, "pieza": 22, "cuadrante": 1, "tratamiento": null, "orden": 1, "cara_1_tratamiento": null, "cara_2_tratamiento": null, "cara_3_tratamiento": null, "cara_4_tratamiento": null, "cara_5_tratamiento": null}}, {"model": "atencion.odontogramapieza", "pk": 439, "fields": {"odontograma": 9, "pieza": 23, "cuadrante": 2, "tratamiento": null, "orden": 3, "cara_1_tratamiento": null, "cara_2_tratamiento": null, "cara_3_tratamiento": null, "cara_4_tratamiento": null, "cara_5_tratamiento": null}}, {"model": "atencion.odontogramapieza", "pk": 440, "fields": {"odontograma": 9, "pieza": 24, "cuadrante": 2, "tratamiento": null, "orden": 4, "cara_1_tratamiento": null, "cara_2_tratamiento": null, "cara_3_tratamiento": null, "cara_4_tratamiento": null, "cara_5_tratamiento": null}}, {"model": "atencion.odontogramapieza", "pk": 441, "fields": {"odontograma": 9, "pieza": 25, "cuadrante": 2, "tratamiento": null, "orden": 5, "cara_1_tratamiento": null, "cara_2_tratamiento": null, "cara_3_tratamiento": null, "cara_4_tratamiento": null, "cara_5_tratamiento": null}}, {"model": "atencion.odontogramapieza", "pk": 442, "fields": {"odontograma": 9, "pieza": 26, "cuadrante": 2, "tratamiento": null, "orden": 6, "cara_1_tratamiento": null, "cara_2_tratamiento": null, "cara_3_tratamiento": null, "cara_4_tratamiento": null, "cara_5_tratamiento": null}}, {"model": "atencion.odontogramapieza", "pk": 443, "fields": {"odontograma": 9, "pieza": 27, "cuadrante": 2, "tratamiento": null, "orden": 7, "cara_1_tratamiento": null, "cara_2_tratamiento": null, "cara_3_tratamiento": null, "cara_4_tratamiento": null, "cara_5_tratamiento": null}}, {"model": "atencion.odontogramapieza", "pk": 444, "fields": {"odontograma": 9, "pieza": 28, "cuadrante": 2, "tratamiento": null, "orden": 8, "cara_1_tratamiento": null, "cara_2_tratamiento": null, "cara_3_tratamiento": null, "cara_4_tratamiento": null, "cara_5_tratamiento": null}}, {"model": "atencion.odontogramapieza", "pk": 445, "fields": {"odontograma": 9, "pieza": 29, "cuadrante": 1, "tratamiento": null, "orden": 3, "cara_1_tratamiento": null, "cara_2_tratamiento": null, "cara_3_tratamiento": null, "cara_4_tratamiento": null, "cara_5_tratamiento": null}}, {"model": "atencion.odontogramapieza", "pk": 446, "fields": {"odontograma": 9, "pieza": 30, "cuadrante": 1, "tratamiento": null, "orden": 2, "cara_1_tratamiento": null, "cara_2_tratamiento": null, "cara_3_tratamiento": null, "cara_4_tratamiento": null, "cara_5_tratamiento": null}}, {"model": "atencion.odontogramapieza", "pk": 447, "fields": {"odontograma": 9, "pieza": 31, "cuadrante": 1, "tratamiento": null, "orden": 1, "cara_1_tratamiento": null, "cara_2_tratamiento": null, "cara_3_tratamiento": null, "cara_4_tratamiento": null, "cara_5_tratamiento": null}}, {"model": "atencion.odontogramapieza", "pk": 448, "fields": {"odontograma": 9, "pieza": 32, "cuadrante": 2, "tratamiento": null, "orden": 3, "cara_1_tratamiento": null, "cara_2_tratamiento": null, "cara_3_tratamiento": null, "cara_4_tratamiento": null, "cara_5_tratamiento": null}}, {"model": "atencion.odontogramapieza", "pk": 449, "fields": {"odontograma": 9, "pieza": 33, "cuadrante": 2, "tratamiento": null, "orden": 4, "cara_1_tratamiento": null, "cara_2_tratamiento": null, "cara_3_tratamiento": null, "cara_4_tratamiento": null, "cara_5_tratamiento": null}}, {"model": "atencion.odontogramapieza", "pk": 450, "fields": {"odontograma": 9, "pieza": 34, "cuadrante": 2, "tratamiento": null, "orden": 5, "cara_1_tratamiento": null, "cara_2_tratamiento": null, "cara_3_tratamiento": null, "cara_4_tratamiento": null, "cara_5_tratamiento": null}}, {"model": "atencion.odontogramapieza", "pk": 451, "fields": {"odontograma": 9, "pieza": 35, "cuadrante": 4, "tratamiento": null, "orden": 3, "cara_1_tratamiento": null, "cara_2_tratamiento": null, "cara_3_tratamiento": null, "cara_4_tratamiento": null, "cara_5_tratamiento": null}}, {"model": "atencion.odontogramapieza", "pk": 452, "fields": {"odontograma": 9, "pieza": 36, "cuadrante": 4, "tratamiento": null, "orden": 2, "cara_1_tratamiento": null, "cara_2_tratamiento": null, "cara_3_tratamiento": null, "cara_4_tratamiento": null, "cara_5_tratamiento": null}}, {"model": "atencion.odontogramapieza", "pk": 453, "fields": {"odontograma": 9, "pieza": 37, "cuadrante": 4, "tratamiento": null, "orden": 1, "cara_1_tratamiento": null, "cara_2_tratamiento": null, "cara_3_tratamiento": null, "cara_4_tratamiento": null, "cara_5_tratamiento": null}}, {"model": "atencion.odontogramapieza", "pk": 454, "fields": {"odontograma": 9, "pieza": 38, "cuadrante": 3, "tratamiento": null, "orden": 3, "cara_1_tratamiento": null, "cara_2_tratamiento": null, "cara_3_tratamiento": null, "cara_4_tratamiento": null, "cara_5_tratamiento": null}}, {"model": "atencion.odontogramapieza", "pk": 455, "fields": {"odontograma": 9, "pieza": 39, "cuadrante": 3, "tratamiento": null, "orden": 4, "cara_1_tratamiento": null, "cara_2_tratamiento": null, "cara_3_tratamiento": null, "cara_4_tratamiento": null, "cara_5_tratamiento": null}}, {"model": "atencion.odontogramapieza", "pk": 456, "fields": {"odontograma": 9, "pieza": 40, "cuadrante": 3, "tratamiento": null, "orden": 5, "cara_1_tratamiento": null, "cara_2_tratamiento": null, "cara_3_tratamiento": null, "cara_4_tratamiento": null, "cara_5_tratamiento": null}}, {"model": "atencion.odontogramapieza", "pk": 457, "fields": {"odontograma": 9, "pieza": 41, "cuadrante": 4, "tratamiento": null, "orden": 6, "cara_1_tratamiento": null, "cara_2_tratamiento": null, "cara_3_tratamiento": null, "cara_4_tratamiento": null, "cara_5_tratamiento": null}}, {"model": "atencion.odontogramapieza", "pk": 458, "fields": {"odontograma": 9, "pieza": 42, "cuadrante": 4, "tratamiento": null, "orden": 5, "cara_1_tratamiento": null, "cara_2_tratamiento": null, "cara_3_tratamiento": null, "cara_4_tratamiento": null, "cara_5_tratamiento": null}}, {"model": "atencion.odontogramapieza", "pk": 459, "fields": {"odontograma": 9, "pieza": 43, "cuadrante": 4, "tratamiento": null, "orden": 4, "cara_1_tratamiento": null, "cara_2_tratamiento": null, "cara_3_tratamiento": null, "cara_4_tratamiento": null, "cara_5_tratamiento": null}}, {"model": "atencion.odontogramapieza", "pk": 460, "fields": {"odontograma": 9, "pieza": 44, "cuadrante": 4, "tratamiento": null, "orden": 3, "cara_1_tratamiento": null, "cara_2_tratamiento": null, "cara_3_tratamiento": null, "cara_4_tratamiento": null, "cara_5_tratamiento": null}}, {"model": "atencion.odontogramapieza", "pk": 461, "fields": {"odontograma": 9, "pieza": 45, "cuadrante": 4, "tratamiento": null, "orden": 2, "cara_1_tratamiento": null, "cara_2_tratamiento": null, "cara_3_tratamiento": null, "cara_4_tratamiento": null, "cara_5_tratamiento": null}}, {"model": "atencion.odontogramapieza", "pk": 462, "fields": {"odontograma": 9, "pieza": 46, "cuadrante": 4, "tratamiento": null, "orden": 1, "cara_1_tratamiento": null, "cara_2_tratamiento": null, "cara_3_tratamiento": null, "cara_4_tratamiento": null, "cara_5_tratamiento": null}}, {"model": "atencion.odontogramapieza", "pk": 463, "fields": {"odontograma": 9, "pieza": 47, "cuadrante": 3, "tratamiento": null, "orden": 3, "cara_1_tratamiento": null, "cara_2_tratamiento": null, "cara_3_tratamiento": null, "cara_4_tratamiento": null, "cara_5_tratamiento": null}}, {"model": "atencion.odontogramapieza", "pk": 464, "fields": {"odontograma": 9, "pieza": 48, "cuadrante": 3, "tratamiento": null, "orden": 4, "cara_1_tratamiento": null, "cara_2_tratamiento": null, "cara_3_tratamiento": null, "cara_4_tratamiento": null, "cara_5_tratamiento": null}}, {"model": "atencion.odontogramapieza", "pk": 465, "fields": {"odontograma": 9, "pieza": 49, "cuadrante": 3, "tratamiento": null, "orden": 5, "cara_1_tratamiento": null, "cara_2_tratamiento": null, "cara_3_tratamiento": null, "cara_4_tratamiento": null, "cara_5_tratamiento": null}}, {"model": "atencion.odontogramapieza", "pk": 466, "fields": {"odontograma": 9, "pieza": 50, "cuadrante": 3, "tratamiento": null, "orden": 6, "cara_1_tratamiento": null, "cara_2_tratamiento": null, "cara_3_tratamiento": null, "cara_4_tratamiento": null, "cara_5_tratamiento": null}}, {"model": "atencion.odontogramapieza", "pk": 467, "fields": {"odontograma": 9, "pieza": 51, "cuadrante": 3, "tratamiento": null, "orden": 7, "cara_1_tratamiento": null, "cara_2_tratamiento": null, "cara_3_tratamiento": null, "cara_4_tratamiento": null, "cara_5_tratamiento": null}}, {"model": "atencion.odontogramapieza", "pk": 468, "fields": {"odontograma": 9, "pieza": 52, "cuadrante": 3, "tratamiento": null, "orden": 8, "cara_1_tratamiento": null, "cara_2_tratamiento": null, "cara_3_tratamiento": null, "cara_4_tratamiento": null, "cara_5_tratamiento": null}}, {"model": "atencion.odontogramapieza", "pk": 469, "fields": {"odontograma": 10, "pieza": 1, "cuadrante": 1, "tratamiento": null, "orden": 7, "cara_1_tratamiento": null, "cara_2_tratamiento": null, "cara_3_tratamiento": null, "cara_4_tratamiento": null, "cara_5_tratamiento": null}}, {"model": "atencion.odontogramapieza", "pk": 470, "fields": {"odontograma": 10, "pieza": 2, "cuadrante": 1, "tratamiento": null, "orden": 8, "cara_1_tratamiento": null, "cara_2_tratamiento": null, "cara_3_tratamiento": null, "cara_4_tratamiento": null, "cara_5_tratamiento": null}}, {"model": "atencion.odontogramapieza", "pk": 471, "fields": {"odontograma": 10, "pieza": 3, "cuadrante": 2, "tratamiento": null, "orden": 1, "cara_1_tratamiento": null, "cara_2_tratamiento": null, "cara_3_tratamiento": null, "cara_4_tratamiento": 2, "cara_5_tratamiento": null}}, {"model": "atencion.odontogramapieza", "pk": 472, "fields": {"odontograma": 10, "pieza": 4, "cuadrante": 2, "tratamiento": null, "orden": 2, "cara_1_tratamiento": null, "cara_2_tratamiento": 2, "cara_3_tratamiento": 2, "cara_4_tratamiento": null, "cara_5_tratamiento": 2}}, {"model": "atencion.odontogramapieza", "pk": 473, "fields": {"odontograma": 10, "pieza": 5, "cuadrante": 1, "tratamiento": null, "orden": 5, "cara_1_tratamiento": null, "cara_2_tratamiento": null, "cara_3_tratamiento": null, "cara_4_tratamiento": null, "cara_5_tratamiento": null}}, {"model": "atencion.odontogramapieza", "pk": 474, "fields": {"odontograma": 10, "pieza": 6, "cuadrante": 1, "tratamiento": null, "orden": 4, "cara_1_tratamiento": null, "cara_2_tratamiento": null, "cara_3_tratamiento": null, "cara_4_tratamiento": null, "cara_5_tratamiento": null}}, {"model": "atencion.odontogramapieza", "pk": 475, "fields": {"odontograma": 10, "pieza": 7, "cuadrante": 2, "tratamiento": null, "orden": 1, "cara_1_tratamiento": null, "cara_2_tratamiento": null, "cara_3_tratamiento": null, "cara_4_tratamiento": null, "cara_5_tratamiento": null}}, {"model": "atencion.odontogramapieza", "pk": 476, "fields": {"odontograma": 10, "pieza": 8, "cuadrante": 2, "tratamiento": null, "orden": 2, "cara_1_tratamiento": null, "cara_2_tratamiento": null, "cara_3_tratamiento": null, "cara_4_tratamiento": null, "cara_5_tratamiento": null}}, {"model": "atencion.odontogramapieza", "pk": 477, "fields": {"odontograma": 10, "pieza": 9, "cuadrante": 4, "tratamiento": null, "orden": 5, "cara_1_tratamiento": null, "cara_2_tratamiento": null, "cara_3_tratamiento": null, "cara_4_tratamiento": null, "cara_5_tratamiento": null}}, {"model": "atencion.odontogramapieza", "pk": 478, "fields": {"odontograma": 10, "pieza": 10, "cuadrante": 4, "tratamiento": null, "orden": 4, "cara_1_tratamiento": null, "cara_2_tratamiento": null, "cara_3_tratamiento": null, "cara_4_tratamiento": null, "cara_5_tratamiento": null}}, {"model": "atencion.odontogramapieza", "pk": 479, "fields": {"odontograma": 10, "pieza": 11, "cuadrante": 3, "tratamiento": null, "orden": 1, "cara_1_tratamiento": null, "cara_2_tratamiento": null, "cara_3_tratamiento": null, "cara_4_tratamiento": null, "cara_5_tratamiento": null}}, {"model": "atencion.odontogramapieza", "pk": 480, "fields": {"odontograma": 10, "pieza": 12, "cuadrante": 3, "tratamiento": null, "orden": 2, "cara_1_tratamiento": null, "cara_2_tratamiento": null, "cara_3_tratamiento": null, "cara_4_tratamiento": null, "cara_5_tratamiento": null}}, {"model": "atencion.odontogramapieza", "pk": 481, "fields": {"odontograma": 10, "pieza": 13, "cuadrante": 4, "tratamiento": null, "orden": 7, "cara_1_tratamiento": null, "cara_2_tratamiento": null, "cara_3_tratamiento": null, "cara_4_tratamiento": null, "cara_5_tratamiento": null}}, {"model": "atencion.odontogramapieza", "pk": 482, "fields": {"odontograma": 10, "pieza": 14, "cuadrante": 4, "tratamiento": null, "orden": 8, "cara_1_tratamiento": null, "cara_2_tratamiento": null, "cara_3_tratamiento": null, "cara_4_tratamiento": null, "cara_5_tratamiento": null}}, {"model": "atencion.odontogramapieza", "pk": 483, "fields": {"odontograma": 10, "pieza": 15, "cuadrante": 3, "tratamiento": null, "orden": 1, "cara_1_tratamiento": null, "cara_2_tratamiento": null, "cara_3_tratamiento": null, "cara_4_tratamiento": null, "cara_5_tratamiento": null}}, {"model": "atencion.odontogramapieza", "pk": 484, "fields": {"odontograma": 10, "pieza": 16, "cuadrante": 3, "tratamiento": null, "orden": 2, "cara_1_tratamiento": null, "cara_2_tratamiento": null, "cara_3_tratamiento": null, "cara_4_tratamiento": null, "cara_5_tratamiento": null}}, {"model": "atencion.odontogramapieza", "pk": 485, "fields": {"odontograma": 10, "pieza": 17, "cuadrante": 1, "tratamiento": null, "orden": 6, "cara_1_tratamiento": null, "cara_2_tratamiento": null, "cara_3_tratamiento": null, "cara_4_tratamiento": null, "cara_5_tratamiento": null}}, {"model": "atencion.odontogramapieza", "pk": 486, "fields": {"odontograma": 10, "pieza": 18, "cuadrante": 1, "tratamiento": null, "orden": 5, "cara_1_tratamiento": null, "cara_2_tratamiento": null, "cara_3_tratamiento": null, "cara_4_tratamiento": null, "cara_5_tratamiento": null}}, {"model": "atencion.odontogramapieza", "pk": 487, "fields": {"odontograma": 10, "pieza": 19, "cuadrante": 1, "tratamiento": null, "orden": 4, "cara_1_tratamiento": null, "cara_2_tratamiento": null, "cara_3_tratamiento": null, "cara_4_tratamiento": null, "cara_5_tratamiento": null}}, {"model": "atencion.odontogramapieza", "pk": 488, "fields": {"odontograma": 10, "pieza": 20, "cuadrante": 1, "tratamiento": null, "orden": 3, "cara_1_tratamiento": null, "cara_2_tratamiento": null, "cara_3_tratamiento": null, "cara_4_tratamiento": null, "cara_5_tratamiento": null}}, {"model": "atencion.odontogramapieza", "pk": 489, "fields": {"odontograma": 10, "pieza": 21, "cuadrante": 1, "tratamiento": null, "orden": 2, "cara_1_tratamiento": null, "cara_2_tratamiento": null, "cara_3_tratamiento": 2, "cara_4_tratamiento": null, "cara_5_tratamiento": null}}, {"model": "atencion.odontogramapieza", "pk": 490, "fields": {"odontograma": 10, "pieza": 22, "cuadrante": 1, "tratamiento": null, "orden": 1, "cara_1_tratamiento": null, "cara_2_tratamiento": null, "cara_3_tratamiento": 2, "cara_4_tratamiento": null, "cara_5_tratamiento": null}}, {"model": "atencion.odontogramapieza", "pk": 491, "fields": {"odontograma": 10, "pieza": 23, "cuadrante": 2, "tratamiento": null, "orden": 3, "cara_1_tratamiento": null, "cara_2_tratamiento": null, "cara_3_tratamiento": null, "cara_4_tratamiento": null, "cara_5_tratamiento": null}}, {"model": "atencion.odontogramapieza", "pk": 492, "fields": {"odontograma": 10, "pieza": 24, "cuadrante": 2, "tratamiento": null, "orden": 4, "cara_1_tratamiento": null, "cara_2_tratamiento": null, "cara_3_tratamiento": null, "cara_4_tratamiento": 2, "cara_5_tratamiento": null}}, {"model": "atencion.odontogramapieza", "pk": 493, "fields": {"odontograma": 10, "pieza": 25, "cuadrante": 2, "tratamiento": null, "orden": 5, "cara_1_tratamiento": null, "cara_2_tratamiento": 2, "cara_3_tratamiento": null, "cara_4_tratamiento": 2, "cara_5_tratamiento": null}}, {"model": "atencion.odontogramapieza", "pk": 494, "fields": {"odontograma": 10, "pieza": 26, "cuadrante": 2, "tratamiento": null, "orden": 6, "cara_1_tratamiento": 2, "cara_2_tratamiento": null, "cara_3_tratamiento": 2, "cara_4_tratamiento": 2, "cara_5_tratamiento": 2}}, {"model": "atencion.odontogramapieza", "pk": 495, "fields": {"odontograma": 10, "pieza": 27, "cuadrante": 2, "tratamiento": null, "orden": 7, "cara_1_tratamiento": null, "cara_2_tratamiento": null, "cara_3_tratamiento": 2, "cara_4_tratamiento": null, "cara_5_tratamiento": null}}, {"model": "atencion.odontogramapieza", "pk": 496, "fields": {"odontograma": 10, "pieza": 28, "cuadrante": 2, "tratamiento": null, "orden": 8, "cara_1_tratamiento": null, "cara_2_tratamiento": null, "cara_3_tratamiento": null, "cara_4_tratamiento": null, "cara_5_tratamiento": null}}, {"model": "atencion.odontogramapieza", "pk": 497, "fields": {"odontograma": 10, "pieza": 29, "cuadrante": 1, "tratamiento": null, "orden": 3, "cara_1_tratamiento": null, "cara_2_tratamiento": null, "cara_3_tratamiento": null, "cara_4_tratamiento": null, "cara_5_tratamiento": null}}, {"model": "atencion.odontogramapieza", "pk": 498, "fields": {"odontograma": 10, "pieza": 30, "cuadrante": 1, "tratamiento": null, "orden": 2, "cara_1_tratamiento": null, "cara_2_tratamiento": null, "cara_3_tratamiento": null, "cara_4_tratamiento": null, "cara_5_tratamiento": null}}, {"model": "atencion.odontogramapieza", "pk": 499, "fields": {"odontograma": 10, "pieza": 31, "cuadrante": 1, "tratamiento": null, "orden": 1, "cara_1_tratamiento": null, "cara_2_tratamiento": null, "cara_3_tratamiento": null, "cara_4_tratamiento": null, "cara_5_tratamiento": null}}, {"model": "atencion.odontogramapieza", "pk": 500, "fields": {"odontograma": 10, "pieza": 32, "cuadrante": 2, "tratamiento": null, "orden": 3, "cara_1_tratamiento": null, "cara_2_tratamiento": null, "cara_3_tratamiento": null, "cara_4_tratamiento": null, "cara_5_tratamiento": null}}, {"model": "atencion.odontogramapieza", "pk": 501, "fields": {"odontograma": 10, "pieza": 33, "cuadrante": 2, "tratamiento": null, "orden": 4, "cara_1_tratamiento": null, "cara_2_tratamiento": null, "cara_3_tratamiento": null, "cara_4_tratamiento": null, "cara_5_tratamiento": null}}, {"model": "atencion.odontogramapieza", "pk": 502, "fields": {"odontograma": 10, "pieza": 34, "cuadrante": 2, "tratamiento": null, "orden": 5, "cara_1_tratamiento": null, "cara_2_tratamiento": null, "cara_3_tratamiento": null, "cara_4_tratamiento": null, "cara_5_tratamiento": null}}, {"model": "atencion.odontogramapieza", "pk": 503, "fields": {"odontograma": 10, "pieza": 35, "cuadrante": 4, "tratamiento": null, "orden": 3, "cara_1_tratamiento": null, "cara_2_tratamiento": null, "cara_3_tratamiento": null, "cara_4_tratamiento": null, "cara_5_tratamiento": null}}, {"model": "atencion.odontogramapieza", "pk": 504, "fields": {"odontograma": 10, "pieza": 36, "cuadrante": 4, "tratamiento": null, "orden": 2, "cara_1_tratamiento": null, "cara_2_tratamiento": null, "cara_3_tratamiento": null, "cara_4_tratamiento": null, "cara_5_tratamiento": null}}, {"model": "atencion.odontogramapieza", "pk": 505, "fields": {"odontograma": 10, "pieza": 37, "cuadrante": 4, "tratamiento": null, "orden": 1, "cara_1_tratamiento": null, "cara_2_tratamiento": null, "cara_3_tratamiento": null, "cara_4_tratamiento": null, "cara_5_tratamiento": null}}, {"model": "atencion.odontogramapieza", "pk": 506, "fields": {"odontograma": 10, "pieza": 38, "cuadrante": 3, "tratamiento": null, "orden": 3, "cara_1_tratamiento": null, "cara_2_tratamiento": null, "cara_3_tratamiento": null, "cara_4_tratamiento": null, "cara_5_tratamiento": null}}, {"model": "atencion.odontogramapieza", "pk": 507, "fields": {"odontograma": 10, "pieza": 39, "cuadrante": 3, "tratamiento": null, "orden": 4, "cara_1_tratamiento": null, "cara_2_tratamiento": null, "cara_3_tratamiento": null, "cara_4_tratamiento": null, "cara_5_tratamiento": null}}, {"model": "atencion.odontogramapieza", "pk": 508, "fields": {"odontograma": 10, "pieza": 40, "cuadrante": 3, "tratamiento": null, "orden": 5, "cara_1_tratamiento": null, "cara_2_tratamiento": null, "cara_3_tratamiento": null, "cara_4_tratamiento": null, "cara_5_tratamiento": null}}, {"model": "atencion.odontogramapieza", "pk": 509, "fields": {"odontograma": 10, "pieza": 41, "cuadrante": 4, "tratamiento": null, "orden": 6, "cara_1_tratamiento": null, "cara_2_tratamiento": null, "cara_3_tratamiento": null, "cara_4_tratamiento": null, "cara_5_tratamiento": null}}, {"model": "atencion.odontogramapieza", "pk": 510, "fields": {"odontograma": 10, "pieza": 42, "cuadrante": 4, "tratamiento": null, "orden": 5, "cara_1_tratamiento": null, "cara_2_tratamiento": null, "cara_3_tratamiento": null, "cara_4_tratamiento": null, "cara_5_tratamiento": null}}, {"model": "atencion.odontogramapieza", "pk": 511, "fields": {"odontograma": 10, "pieza": 43, "cuadrante": 4, "tratamiento": null, "orden": 4, "cara_1_tratamiento": null, "cara_2_tratamiento": null, "cara_3_tratamiento": null, "cara_4_tratamiento": null, "cara_5_tratamiento": null}}, {"model": "atencion.odontogramapieza", "pk": 512, "fields": {"odontograma": 10, "pieza": 44, "cuadrante": 4, "tratamiento": null, "orden": 3, "cara_1_tratamiento": null, "cara_2_tratamiento": null, "cara_3_tratamiento": 2, "cara_4_tratamiento": null, "cara_5_tratamiento": null}}, {"model": "atencion.odontogramapieza", "pk": 513, "fields": {"odontograma": 10, "pieza": 45, "cuadrante": 4, "tratamiento": null, "orden": 2, "cara_1_tratamiento": null, "cara_2_tratamiento": null, "cara_3_tratamiento": 2, "cara_4_tratamiento": null, "cara_5_tratamiento": null}}, {"model": "atencion.odontogramapieza", "pk": 514, "fields": {"odontograma": 10, "pieza": 46, "cuadrante": 4, "tratamiento": null, "orden": 1, "cara_1_tratamiento": null, "cara_2_tratamiento": null, "cara_3_tratamiento": null, "cara_4_tratamiento": null, "cara_5_tratamiento": null}}, {"model": "atencion.odontogramapieza", "pk": 515, "fields": {"odontograma": 10, "pieza": 47, "cuadrante": 3, "tratamiento": null, "orden": 3, "cara_1_tratamiento": null, "cara_2_tratamiento": null, "cara_3_tratamiento": null, "cara_4_tratamiento": null, "cara_5_tratamiento": null}}, {"model": "atencion.odontogramapieza", "pk": 516, "fields": {"odontograma": 10, "pieza": 48, "cuadrante": 3, "tratamiento": null, "orden": 4, "cara_1_tratamiento": null, "cara_2_tratamiento": null, "cara_3_tratamiento": null, "cara_4_tratamiento": null, "cara_5_tratamiento": null}}, {"model": "atencion.odontogramapieza", "pk": 517, "fields": {"odontograma": 10, "pieza": 49, "cuadrante": 3, "tratamiento": null, "orden": 5, "cara_1_tratamiento": null, "cara_2_tratamiento": null, "cara_3_tratamiento": null, "cara_4_tratamiento": null, "cara_5_tratamiento": null}}, {"model": "atencion.odontogramapieza", "pk": 518, "fields": {"odontograma": 10, "pieza": 50, "cuadrante": 3, "tratamiento": null, "orden": 6, "cara_1_tratamiento": null, "cara_2_tratamiento": null, "cara_3_tratamiento": null, "cara_4_tratamiento": null, "cara_5_tratamiento": null}}, {"model": "atencion.odontogramapieza", "pk": 519, "fields": {"odontograma": 10, "pieza": 51, "cuadrante": 3, "tratamiento": null, "orden": 7, "cara_1_tratamiento": null, "cara_2_tratamiento": null, "cara_3_tratamiento": null, "cara_4_tratamiento": null, "cara_5_tratamiento": null}}, {"model": "atencion.odontogramapieza", "pk": 520, "fields": {"odontograma": 10, "pieza": 52, "cuadrante": 3, "tratamiento": null, "orden": 8, "cara_1_tratamiento": null, "cara_2_tratamiento": null, "cara_3_tratamiento": null, "cara_4_tratamiento": null, "cara_5_tratamiento": null}}, {"model": "atencion.odontogramapieza", "pk": 521, "fields": {"odontograma": 11, "pieza": 1, "cuadrante": 1, "tratamiento": null, "orden": 7, "cara_1_tratamiento": null, "cara_2_tratamiento": null, "cara_3_tratamiento": null, "cara_4_tratamiento": null, "cara_5_tratamiento": null}}, {"model": "atencion.odontogramapieza", "pk": 522, "fields": {"odontograma": 11, "pieza": 2, "cuadrante": 1, "tratamiento": null, "orden": 8, "cara_1_tratamiento": null, "cara_2_tratamiento": null, "cara_3_tratamiento": null, "cara_4_tratamiento": null, "cara_5_tratamiento": null}}, {"model": "atencion.odontogramapieza", "pk": 523, "fields": {"odontograma": 11, "pieza": 3, "cuadrante": 2, "tratamiento": null, "orden": 1, "cara_1_tratamiento": null, "cara_2_tratamiento": null, "cara_3_tratamiento": null, "cara_4_tratamiento": null, "cara_5_tratamiento": null}}, {"model": "atencion.odontogramapieza", "pk": 524, "fields": {"odontograma": 11, "pieza": 4, "cuadrante": 2, "tratamiento": null, "orden": 2, "cara_1_tratamiento": null, "cara_2_tratamiento": null, "cara_3_tratamiento": null, "cara_4_tratamiento": null, "cara_5_tratamiento": null}}, {"model": "atencion.odontogramapieza", "pk": 525, "fields": {"odontograma": 11, "pieza": 5, "cuadrante": 1, "tratamiento": null, "orden": 5, "cara_1_tratamiento": null, "cara_2_tratamiento": null, "cara_3_tratamiento": null, "cara_4_tratamiento": null, "cara_5_tratamiento": null}}, {"model": "atencion.odontogramapieza", "pk": 526, "fields": {"odontograma": 11, "pieza": 6, "cuadrante": 1, "tratamiento": null, "orden": 4, "cara_1_tratamiento": null, "cara_2_tratamiento": null, "cara_3_tratamiento": null, "cara_4_tratamiento": null, "cara_5_tratamiento": null}}, {"model": "atencion.odontogramapieza", "pk": 527, "fields": {"odontograma": 11, "pieza": 7, "cuadrante": 2, "tratamiento": null, "orden": 1, "cara_1_tratamiento": null, "cara_2_tratamiento": null, "cara_3_tratamiento": null, "cara_4_tratamiento": null, "cara_5_tratamiento": null}}, {"model": "atencion.odontogramapieza", "pk": 528, "fields": {"odontograma": 11, "pieza": 8, "cuadrante": 2, "tratamiento": null, "orden": 2, "cara_1_tratamiento": null, "cara_2_tratamiento": null, "cara_3_tratamiento": null, "cara_4_tratamiento": null, "cara_5_tratamiento": null}}, {"model": "atencion.odontogramapieza", "pk": 529, "fields": {"odontograma": 11, "pieza": 9, "cuadrante": 4, "tratamiento": null, "orden": 5, "cara_1_tratamiento": null, "cara_2_tratamiento": null, "cara_3_tratamiento": null, "cara_4_tratamiento": null, "cara_5_tratamiento": null}}, {"model": "atencion.odontogramapieza", "pk": 530, "fields": {"odontograma": 11, "pieza": 10, "cuadrante": 4, "tratamiento": null, "orden": 4, "cara_1_tratamiento": null, "cara_2_tratamiento": null, "cara_3_tratamiento": null, "cara_4_tratamiento": null, "cara_5_tratamiento": null}}, {"model": "atencion.odontogramapieza", "pk": 531, "fields": {"odontograma": 11, "pieza": 11, "cuadrante": 3, "tratamiento": null, "orden": 1, "cara_1_tratamiento": null, "cara_2_tratamiento": null, "cara_3_tratamiento": null, "cara_4_tratamiento": null, "cara_5_tratamiento": null}}, {"model": "atencion.odontogramapieza", "pk": 532, "fields": {"odontograma": 11, "pieza": 12, "cuadrante": 3, "tratamiento": null, "orden": 2, "cara_1_tratamiento": null, "cara_2_tratamiento": null, "cara_3_tratamiento": null, "cara_4_tratamiento": null, "cara_5_tratamiento": null}}, {"model": "atencion.odontogramapieza", "pk": 533, "fields": {"odontograma": 11, "pieza": 13, "cuadrante": 4, "tratamiento": null, "orden": 7, "cara_1_tratamiento": null, "cara_2_tratamiento": null, "cara_3_tratamiento": null, "cara_4_tratamiento": null, "cara_5_tratamiento": null}}, {"model": "atencion.odontogramapieza", "pk": 534, "fields": {"odontograma": 11, "pieza": 14, "cuadrante": 4, "tratamiento": null, "orden": 8, "cara_1_tratamiento": null, "cara_2_tratamiento": null, "cara_3_tratamiento": null, "cara_4_tratamiento": null, "cara_5_tratamiento": null}}, {"model": "atencion.odontogramapieza", "pk": 535, "fields": {"odontograma": 11, "pieza": 15, "cuadrante": 3, "tratamiento": null, "orden": 1, "cara_1_tratamiento": null, "cara_2_tratamiento": null, "cara_3_tratamiento": null, "cara_4_tratamiento": null, "cara_5_tratamiento": null}}, {"model": "atencion.odontogramapieza", "pk": 536, "fields": {"odontograma": 11, "pieza": 16, "cuadrante": 3, "tratamiento": null, "orden": 2, "cara_1_tratamiento": null, "cara_2_tratamiento": null, "cara_3_tratamiento": null, "cara_4_tratamiento": null, "cara_5_tratamiento": null}}, {"model": "atencion.odontogramapieza", "pk": 537, "fields": {"odontograma": 11, "pieza": 17, "cuadrante": 1, "tratamiento": null, "orden": 6, "cara_1_tratamiento": null, "cara_2_tratamiento": null, "cara_3_tratamiento": null, "cara_4_tratamiento": null, "cara_5_tratamiento": null}}, {"model": "atencion.odontogramapieza", "pk": 538, "fields": {"odontograma": 11, "pieza": 18, "cuadrante": 1, "tratamiento": null, "orden": 5, "cara_1_tratamiento": null, "cara_2_tratamiento": null, "cara_3_tratamiento": null, "cara_4_tratamiento": null, "cara_5_tratamiento": null}}, {"model": "atencion.odontogramapieza", "pk": 539, "fields": {"odontograma": 11, "pieza": 19, "cuadrante": 1, "tratamiento": null, "orden": 4, "cara_1_tratamiento": null, "cara_2_tratamiento": null, "cara_3_tratamiento": null, "cara_4_tratamiento": null, "cara_5_tratamiento": null}}, {"model": "atencion.odontogramapieza", "pk": 540, "fields": {"odontograma": 11, "pieza": 20, "cuadrante": 1, "tratamiento": null, "orden": 3, "cara_1_tratamiento": null, "cara_2_tratamiento": 2, "cara_3_tratamiento": 2, "cara_4_tratamiento": null, "cara_5_tratamiento": null}}, {"model": "atencion.odontogramapieza", "pk": 541, "fields": {"odontograma": 11, "pieza": 21, "cuadrante": 1, "tratamiento": null, "orden": 2, "cara_1_tratamiento": null, "cara_2_tratamiento": null, "cara_3_tratamiento": null, "cara_4_tratamiento": null, "cara_5_tratamiento": null}}, {"model": "atencion.odontogramapieza", "pk": 542, "fields": {"odontograma": 11, "pieza": 22, "cuadrante": 1, "tratamiento": null, "orden": 1, "cara_1_tratamiento": null, "cara_2_tratamiento": null, "cara_3_tratamiento": null, "cara_4_tratamiento": null, "cara_5_tratamiento": null}}, {"model": "atencion.odontogramapieza", "pk": 543, "fields": {"odontograma": 11, "pieza": 23, "cuadrante": 2, "tratamiento": null, "orden": 3, "cara_1_tratamiento": null, "cara_2_tratamiento": null, "cara_3_tratamiento": null, "cara_4_tratamiento": null, "cara_5_tratamiento": null}}, {"model": "atencion.odontogramapieza", "pk": 544, "fields": {"odontograma": 11, "pieza": 24, "cuadrante": 2, "tratamiento": null, "orden": 4, "cara_1_tratamiento": null, "cara_2_tratamiento": null, "cara_3_tratamiento": null, "cara_4_tratamiento": null, "cara_5_tratamiento": null}}, {"model": "atencion.odontogramapieza", "pk": 545, "fields": {"odontograma": 11, "pieza": 25, "cuadrante": 2, "tratamiento": null, "orden": 5, "cara_1_tratamiento": null, "cara_2_tratamiento": null, "cara_3_tratamiento": null, "cara_4_tratamiento": null, "cara_5_tratamiento": null}}, {"model": "atencion.odontogramapieza", "pk": 546, "fields": {"odontograma": 11, "pieza": 26, "cuadrante": 2, "tratamiento": null, "orden": 6, "cara_1_tratamiento": null, "cara_2_tratamiento": null, "cara_3_tratamiento": null, "cara_4_tratamiento": null, "cara_5_tratamiento": null}}, {"model": "atencion.odontogramapieza", "pk": 547, "fields": {"odontograma": 11, "pieza": 27, "cuadrante": 2, "tratamiento": null, "orden": 7, "cara_1_tratamiento": null, "cara_2_tratamiento": null, "cara_3_tratamiento": null, "cara_4_tratamiento": null, "cara_5_tratamiento": null}}, {"model": "atencion.odontogramapieza", "pk": 548, "fields": {"odontograma": 11, "pieza": 28, "cuadrante": 2, "tratamiento": null, "orden": 8, "cara_1_tratamiento": null, "cara_2_tratamiento": null, "cara_3_tratamiento": null, "cara_4_tratamiento": null, "cara_5_tratamiento": null}}, {"model": "atencion.odontogramapieza", "pk": 549, "fields": {"odontograma": 11, "pieza": 29, "cuadrante": 1, "tratamiento": null, "orden": 3, "cara_1_tratamiento": null, "cara_2_tratamiento": null, "cara_3_tratamiento": null, "cara_4_tratamiento": null, "cara_5_tratamiento": null}}, {"model": "atencion.odontogramapieza", "pk": 550, "fields": {"odontograma": 11, "pieza": 30, "cuadrante": 1, "tratamiento": null, "orden": 2, "cara_1_tratamiento": null, "cara_2_tratamiento": null, "cara_3_tratamiento": null, "cara_4_tratamiento": null, "cara_5_tratamiento": null}}, {"model": "atencion.odontogramapieza", "pk": 551, "fields": {"odontograma": 11, "pieza": 31, "cuadrante": 1, "tratamiento": null, "orden": 1, "cara_1_tratamiento": null, "cara_2_tratamiento": null, "cara_3_tratamiento": null, "cara_4_tratamiento": null, "cara_5_tratamiento": null}}, {"model": "atencion.odontogramapieza", "pk": 552, "fields": {"odontograma": 11, "pieza": 32, "cuadrante": 2, "tratamiento": null, "orden": 3, "cara_1_tratamiento": null, "cara_2_tratamiento": null, "cara_3_tratamiento": null, "cara_4_tratamiento": null, "cara_5_tratamiento": null}}, {"model": "atencion.odontogramapieza", "pk": 553, "fields": {"odontograma": 11, "pieza": 33, "cuadrante": 2, "tratamiento": null, "orden": 4, "cara_1_tratamiento": null, "cara_2_tratamiento": null, "cara_3_tratamiento": null, "cara_4_tratamiento": null, "cara_5_tratamiento": null}}, {"model": "atencion.odontogramapieza", "pk": 554, "fields": {"odontograma": 11, "pieza": 34, "cuadrante": 2, "tratamiento": null, "orden": 5, "cara_1_tratamiento": null, "cara_2_tratamiento": null, "cara_3_tratamiento": null, "cara_4_tratamiento": null, "cara_5_tratamiento": null}}, {"model": "atencion.odontogramapieza", "pk": 555, "fields": {"odontograma": 11, "pieza": 35, "cuadrante": 4, "tratamiento": null, "orden": 3, "cara_1_tratamiento": null, "cara_2_tratamiento": null, "cara_3_tratamiento": null, "cara_4_tratamiento": null, "cara_5_tratamiento": null}}, {"model": "atencion.odontogramapieza", "pk": 556, "fields": {"odontograma": 11, "pieza": 36, "cuadrante": 4, "tratamiento": null, "orden": 2, "cara_1_tratamiento": null, "cara_2_tratamiento": null, "cara_3_tratamiento": null, "cara_4_tratamiento": null, "cara_5_tratamiento": null}}, {"model": "atencion.odontogramapieza", "pk": 557, "fields": {"odontograma": 11, "pieza": 37, "cuadrante": 4, "tratamiento": null, "orden": 1, "cara_1_tratamiento": null, "cara_2_tratamiento": null, "cara_3_tratamiento": null, "cara_4_tratamiento": null, "cara_5_tratamiento": null}}, {"model": "atencion.odontogramapieza", "pk": 558, "fields": {"odontograma": 11, "pieza": 38, "cuadrante": 3, "tratamiento": null, "orden": 3, "cara_1_tratamiento": null, "cara_2_tratamiento": null, "cara_3_tratamiento": null, "cara_4_tratamiento": null, "cara_5_tratamiento": null}}, {"model": "atencion.odontogramapieza", "pk": 559, "fields": {"odontograma": 11, "pieza": 39, "cuadrante": 3, "tratamiento": null, "orden": 4, "cara_1_tratamiento": null, "cara_2_tratamiento": null, "cara_3_tratamiento": null, "cara_4_tratamiento": null, "cara_5_tratamiento": null}}, {"model": "atencion.odontogramapieza", "pk": 560, "fields": {"odontograma": 11, "pieza": 40, "cuadrante": 3, "tratamiento": null, "orden": 5, "cara_1_tratamiento": null, "cara_2_tratamiento": null, "cara_3_tratamiento": null, "cara_4_tratamiento": null, "cara_5_tratamiento": null}}, {"model": "atencion.odontogramapieza", "pk": 561, "fields": {"odontograma": 11, "pieza": 41, "cuadrante": 4, "tratamiento": null, "orden": 6, "cara_1_tratamiento": null, "cara_2_tratamiento": null, "cara_3_tratamiento": null, "cara_4_tratamiento": null, "cara_5_tratamiento": null}}, {"model": "atencion.odontogramapieza", "pk": 562, "fields": {"odontograma": 11, "pieza": 42, "cuadrante": 4, "tratamiento": null, "orden": 5, "cara_1_tratamiento": null, "cara_2_tratamiento": null, "cara_3_tratamiento": null, "cara_4_tratamiento": null, "cara_5_tratamiento": null}}, {"model": "atencion.odontogramapieza", "pk": 563, "fields": {"odontograma": 11, "pieza": 43, "cuadrante": 4, "tratamiento": null, "orden": 4, "cara_1_tratamiento": null, "cara_2_tratamiento": null, "cara_3_tratamiento": null, "cara_4_tratamiento": null, "cara_5_tratamiento": null}}, {"model": "atencion.odontogramapieza", "pk": 564, "fields": {"odontograma": 11, "pieza": 44, "cuadrante": 4, "tratamiento": null, "orden": 3, "cara_1_tratamiento": null, "cara_2_tratamiento": null, "cara_3_tratamiento": null, "cara_4_tratamiento": null, "cara_5_tratamiento": null}}, {"model": "atencion.odontogramapieza", "pk": 565, "fields": {"odontograma": 11, "pieza": 45, "cuadrante": 4, "tratamiento": null, "orden": 2, "cara_1_tratamiento": null, "cara_2_tratamiento": null, "cara_3_tratamiento": null, "cara_4_tratamiento": null, "cara_5_tratamiento": null}}, {"model": "atencion.odontogramapieza", "pk": 566, "fields": {"odontograma": 11, "pieza": 46, "cuadrante": 4, "tratamiento": null, "orden": 1, "cara_1_tratamiento": null, "cara_2_tratamiento": null, "cara_3_tratamiento": null, "cara_4_tratamiento": null, "cara_5_tratamiento": null}}, {"model": "atencion.odontogramapieza", "pk": 567, "fields": {"odontograma": 11, "pieza": 47, "cuadrante": 3, "tratamiento": null, "orden": 3, "cara_1_tratamiento": null, "cara_2_tratamiento": null, "cara_3_tratamiento": null, "cara_4_tratamiento": null, "cara_5_tratamiento": null}}, {"model": "atencion.odontogramapieza", "pk": 568, "fields": {"odontograma": 11, "pieza": 48, "cuadrante": 3, "tratamiento": null, "orden": 4, "cara_1_tratamiento": null, "cara_2_tratamiento": null, "cara_3_tratamiento": null, "cara_4_tratamiento": null, "cara_5_tratamiento": null}}, {"model": "atencion.odontogramapieza", "pk": 569, "fields": {"odontograma": 11, "pieza": 49, "cuadrante": 3, "tratamiento": null, "orden": 5, "cara_1_tratamiento": null, "cara_2_tratamiento": null, "cara_3_tratamiento": null, "cara_4_tratamiento": null, "cara_5_tratamiento": null}}, {"model": "atencion.odontogramapieza", "pk": 570, "fields": {"odontograma": 11, "pieza": 50, "cuadrante": 3, "tratamiento": null, "orden": 6, "cara_1_tratamiento": null, "cara_2_tratamiento": null, "cara_3_tratamiento": null, "cara_4_tratamiento": null, "cara_5_tratamiento": null}}, {"model": "atencion.odontogramapieza", "pk": 571, "fields": {"odontograma": 11, "pieza": 51, "cuadrante": 3, "tratamiento": null, "orden": 7, "cara_1_tratamiento": null, "cara_2_tratamiento": null, "cara_3_tratamiento": null, "cara_4_tratamiento": null, "cara_5_tratamiento": null}}, {"model": "atencion.odontogramapieza", "pk": 572, "fields": {"odontograma": 11, "pieza": 52, "cuadrante": 3, "tratamiento": null, "orden": 8, "cara_1_tratamiento": null, "cara_2_tratamiento": null, "cara_3_tratamiento": null, "cara_4_tratamiento": null, "cara_5_tratamiento": null}}, {"model": "atencion.odontogramapieza", "pk": 573, "fields": {"odontograma": 12, "pieza": 1, "cuadrante": 1, "tratamiento": null, "orden": 7, "cara_1_tratamiento": null, "cara_2_tratamiento": null, "cara_3_tratamiento": null, "cara_4_tratamiento": null, "cara_5_tratamiento": null}}, {"model": "atencion.odontogramapieza", "pk": 574, "fields": {"odontograma": 12, "pieza": 2, "cuadrante": 1, "tratamiento": null, "orden": 8, "cara_1_tratamiento": null, "cara_2_tratamiento": null, "cara_3_tratamiento": null, "cara_4_tratamiento": null, "cara_5_tratamiento": null}}, {"model": "atencion.odontogramapieza", "pk": 575, "fields": {"odontograma": 12, "pieza": 3, "cuadrante": 2, "tratamiento": null, "orden": 1, "cara_1_tratamiento": null, "cara_2_tratamiento": null, "cara_3_tratamiento": null, "cara_4_tratamiento": null, "cara_5_tratamiento": null}}, {"model": "atencion.odontogramapieza", "pk": 576, "fields": {"odontograma": 12, "pieza": 4, "cuadrante": 2, "tratamiento": null, "orden": 2, "cara_1_tratamiento": null, "cara_2_tratamiento": null, "cara_3_tratamiento": null, "cara_4_tratamiento": null, "cara_5_tratamiento": null}}, {"model": "atencion.odontogramapieza", "pk": 577, "fields": {"odontograma": 12, "pieza": 5, "cuadrante": 1, "tratamiento": null, "orden": 5, "cara_1_tratamiento": null, "cara_2_tratamiento": null, "cara_3_tratamiento": null, "cara_4_tratamiento": null, "cara_5_tratamiento": null}}, {"model": "atencion.odontogramapieza", "pk": 578, "fields": {"odontograma": 12, "pieza": 6, "cuadrante": 1, "tratamiento": null, "orden": 4, "cara_1_tratamiento": null, "cara_2_tratamiento": null, "cara_3_tratamiento": null, "cara_4_tratamiento": null, "cara_5_tratamiento": null}}, {"model": "atencion.odontogramapieza", "pk": 579, "fields": {"odontograma": 12, "pieza": 7, "cuadrante": 2, "tratamiento": null, "orden": 1, "cara_1_tratamiento": null, "cara_2_tratamiento": null, "cara_3_tratamiento": null, "cara_4_tratamiento": null, "cara_5_tratamiento": null}}, {"model": "atencion.odontogramapieza", "pk": 580, "fields": {"odontograma": 12, "pieza": 8, "cuadrante": 2, "tratamiento": null, "orden": 2, "cara_1_tratamiento": null, "cara_2_tratamiento": null, "cara_3_tratamiento": null, "cara_4_tratamiento": null, "cara_5_tratamiento": null}}, {"model": "atencion.odontogramapieza", "pk": 581, "fields": {"odontograma": 12, "pieza": 9, "cuadrante": 4, "tratamiento": null, "orden": 5, "cara_1_tratamiento": null, "cara_2_tratamiento": null, "cara_3_tratamiento": null, "cara_4_tratamiento": null, "cara_5_tratamiento": null}}, {"model": "atencion.odontogramapieza", "pk": 582, "fields": {"odontograma": 12, "pieza": 10, "cuadrante": 4, "tratamiento": null, "orden": 4, "cara_1_tratamiento": null, "cara_2_tratamiento": null, "cara_3_tratamiento": null, "cara_4_tratamiento": null, "cara_5_tratamiento": null}}, {"model": "atencion.odontogramapieza", "pk": 583, "fields": {"odontograma": 12, "pieza": 11, "cuadrante": 3, "tratamiento": null, "orden": 1, "cara_1_tratamiento": null, "cara_2_tratamiento": null, "cara_3_tratamiento": null, "cara_4_tratamiento": null, "cara_5_tratamiento": null}}, {"model": "atencion.odontogramapieza", "pk": 584, "fields": {"odontograma": 12, "pieza": 12, "cuadrante": 3, "tratamiento": null, "orden": 2, "cara_1_tratamiento": null, "cara_2_tratamiento": null, "cara_3_tratamiento": null, "cara_4_tratamiento": null, "cara_5_tratamiento": null}}, {"model": "atencion.odontogramapieza", "pk": 585, "fields": {"odontograma": 12, "pieza": 13, "cuadrante": 4, "tratamiento": null, "orden": 7, "cara_1_tratamiento": null, "cara_2_tratamiento": null, "cara_3_tratamiento": null, "cara_4_tratamiento": null, "cara_5_tratamiento": null}}, {"model": "atencion.odontogramapieza", "pk": 586, "fields": {"odontograma": 12, "pieza": 14, "cuadrante": 4, "tratamiento": null, "orden": 8, "cara_1_tratamiento": null, "cara_2_tratamiento": null, "cara_3_tratamiento": null, "cara_4_tratamiento": null, "cara_5_tratamiento": null}}, {"model": "atencion.odontogramapieza", "pk": 587, "fields": {"odontograma": 12, "pieza": 15, "cuadrante": 3, "tratamiento": null, "orden": 1, "cara_1_tratamiento": null, "cara_2_tratamiento": null, "cara_3_tratamiento": null, "cara_4_tratamiento": null, "cara_5_tratamiento": null}}, {"model": "atencion.odontogramapieza", "pk": 588, "fields": {"odontograma": 12, "pieza": 16, "cuadrante": 3, "tratamiento": null, "orden": 2, "cara_1_tratamiento": null, "cara_2_tratamiento": null, "cara_3_tratamiento": null, "cara_4_tratamiento": null, "cara_5_tratamiento": null}}, {"model": "atencion.odontogramapieza", "pk": 589, "fields": {"odontograma": 12, "pieza": 17, "cuadrante": 1, "tratamiento": null, "orden": 6, "cara_1_tratamiento": null, "cara_2_tratamiento": null, "cara_3_tratamiento": null, "cara_4_tratamiento": null, "cara_5_tratamiento": null}}, {"model": "atencion.odontogramapieza", "pk": 590, "fields": {"odontograma": 12, "pieza": 18, "cuadrante": 1, "tratamiento": null, "orden": 5, "cara_1_tratamiento": null, "cara_2_tratamiento": null, "cara_3_tratamiento": null, "cara_4_tratamiento": null, "cara_5_tratamiento": null}}, {"model": "atencion.odontogramapieza", "pk": 591, "fields": {"odontograma": 12, "pieza": 19, "cuadrante": 1, "tratamiento": null, "orden": 4, "cara_1_tratamiento": null, "cara_2_tratamiento": null, "cara_3_tratamiento": null, "cara_4_tratamiento": null, "cara_5_tratamiento": null}}, {"model": "atencion.odontogramapieza", "pk": 592, "fields": {"odontograma": 12, "pieza": 20, "cuadrante": 1, "tratamiento": null, "orden": 3, "cara_1_tratamiento": null, "cara_2_tratamiento": null, "cara_3_tratamiento": null, "cara_4_tratamiento": null, "cara_5_tratamiento": null}}, {"model": "atencion.odontogramapieza", "pk": 593, "fields": {"odontograma": 12, "pieza": 21, "cuadrante": 1, "tratamiento": null, "orden": 2, "cara_1_tratamiento": null, "cara_2_tratamiento": null, "cara_3_tratamiento": null, "cara_4_tratamiento": null, "cara_5_tratamiento": null}}, {"model": "atencion.odontogramapieza", "pk": 594, "fields": {"odontograma": 12, "pieza": 22, "cuadrante": 1, "tratamiento": null, "orden": 1, "cara_1_tratamiento": null, "cara_2_tratamiento": null, "cara_3_tratamiento": null, "cara_4_tratamiento": null, "cara_5_tratamiento": null}}, {"model": "atencion.odontogramapieza", "pk": 595, "fields": {"odontograma": 12, "pieza": 23, "cuadrante": 2, "tratamiento": null, "orden": 3, "cara_1_tratamiento": null, "cara_2_tratamiento": null, "cara_3_tratamiento": null, "cara_4_tratamiento": null, "cara_5_tratamiento": null}}, {"model": "atencion.odontogramapieza", "pk": 596, "fields": {"odontograma": 12, "pieza": 24, "cuadrante": 2, "tratamiento": null, "orden": 4, "cara_1_tratamiento": null, "cara_2_tratamiento": null, "cara_3_tratamiento": null, "cara_4_tratamiento": null, "cara_5_tratamiento": null}}, {"model": "atencion.odontogramapieza", "pk": 597, "fields": {"odontograma": 12, "pieza": 25, "cuadrante": 2, "tratamiento": null, "orden": 5, "cara_1_tratamiento": null, "cara_2_tratamiento": null, "cara_3_tratamiento": null, "cara_4_tratamiento": null, "cara_5_tratamiento": null}}, {"model": "atencion.odontogramapieza", "pk": 598, "fields": {"odontograma": 12, "pieza": 26, "cuadrante": 2, "tratamiento": null, "orden": 6, "cara_1_tratamiento": null, "cara_2_tratamiento": null, "cara_3_tratamiento": null, "cara_4_tratamiento": null, "cara_5_tratamiento": null}}, {"model": "atencion.odontogramapieza", "pk": 599, "fields": {"odontograma": 12, "pieza": 27, "cuadrante": 2, "tratamiento": null, "orden": 7, "cara_1_tratamiento": null, "cara_2_tratamiento": null, "cara_3_tratamiento": null, "cara_4_tratamiento": null, "cara_5_tratamiento": null}}, {"model": "atencion.odontogramapieza", "pk": 600, "fields": {"odontograma": 12, "pieza": 28, "cuadrante": 2, "tratamiento": null, "orden": 8, "cara_1_tratamiento": null, "cara_2_tratamiento": null, "cara_3_tratamiento": null, "cara_4_tratamiento": null, "cara_5_tratamiento": null}}, {"model": "atencion.odontogramapieza", "pk": 601, "fields": {"odontograma": 12, "pieza": 29, "cuadrante": 1, "tratamiento": null, "orden": 3, "cara_1_tratamiento": null, "cara_2_tratamiento": null, "cara_3_tratamiento": null, "cara_4_tratamiento": null, "cara_5_tratamiento": null}}, {"model": "atencion.odontogramapieza", "pk": 602, "fields": {"odontograma": 12, "pieza": 30, "cuadrante": 1, "tratamiento": null, "orden": 2, "cara_1_tratamiento": null, "cara_2_tratamiento": null, "cara_3_tratamiento": null, "cara_4_tratamiento": null, "cara_5_tratamiento": null}}, {"model": "atencion.odontogramapieza", "pk": 603, "fields": {"odontograma": 12, "pieza": 31, "cuadrante": 1, "tratamiento": null, "orden": 1, "cara_1_tratamiento": null, "cara_2_tratamiento": null, "cara_3_tratamiento": null, "cara_4_tratamiento": null, "cara_5_tratamiento": null}}, {"model": "atencion.odontogramapieza", "pk": 604, "fields": {"odontograma": 12, "pieza": 32, "cuadrante": 2, "tratamiento": null, "orden": 3, "cara_1_tratamiento": null, "cara_2_tratamiento": null, "cara_3_tratamiento": null, "cara_4_tratamiento": null, "cara_5_tratamiento": null}}, {"model": "atencion.odontogramapieza", "pk": 605, "fields": {"odontograma": 12, "pieza": 33, "cuadrante": 2, "tratamiento": null, "orden": 4, "cara_1_tratamiento": null, "cara_2_tratamiento": null, "cara_3_tratamiento": null, "cara_4_tratamiento": null, "cara_5_tratamiento": null}}, {"model": "atencion.odontogramapieza", "pk": 606, "fields": {"odontograma": 12, "pieza": 34, "cuadrante": 2, "tratamiento": null, "orden": 5, "cara_1_tratamiento": null, "cara_2_tratamiento": null, "cara_3_tratamiento": null, "cara_4_tratamiento": null, "cara_5_tratamiento": null}}, {"model": "atencion.odontogramapieza", "pk": 607, "fields": {"odontograma": 12, "pieza": 35, "cuadrante": 4, "tratamiento": null, "orden": 3, "cara_1_tratamiento": null, "cara_2_tratamiento": null, "cara_3_tratamiento": null, "cara_4_tratamiento": null, "cara_5_tratamiento": null}}, {"model": "atencion.odontogramapieza", "pk": 608, "fields": {"odontograma": 12, "pieza": 36, "cuadrante": 4, "tratamiento": null, "orden": 2, "cara_1_tratamiento": null, "cara_2_tratamiento": null, "cara_3_tratamiento": null, "cara_4_tratamiento": null, "cara_5_tratamiento": null}}, {"model": "atencion.odontogramapieza", "pk": 609, "fields": {"odontograma": 12, "pieza": 37, "cuadrante": 4, "tratamiento": null, "orden": 1, "cara_1_tratamiento": null, "cara_2_tratamiento": null, "cara_3_tratamiento": null, "cara_4_tratamiento": null, "cara_5_tratamiento": null}}, {"model": "atencion.odontogramapieza", "pk": 610, "fields": {"odontograma": 12, "pieza": 38, "cuadrante": 3, "tratamiento": null, "orden": 3, "cara_1_tratamiento": null, "cara_2_tratamiento": null, "cara_3_tratamiento": null, "cara_4_tratamiento": null, "cara_5_tratamiento": null}}, {"model": "atencion.odontogramapieza", "pk": 611, "fields": {"odontograma": 12, "pieza": 39, "cuadrante": 3, "tratamiento": null, "orden": 4, "cara_1_tratamiento": null, "cara_2_tratamiento": null, "cara_3_tratamiento": null, "cara_4_tratamiento": null, "cara_5_tratamiento": null}}, {"model": "atencion.odontogramapieza", "pk": 612, "fields": {"odontograma": 12, "pieza": 40, "cuadrante": 3, "tratamiento": null, "orden": 5, "cara_1_tratamiento": null, "cara_2_tratamiento": null, "cara_3_tratamiento": null, "cara_4_tratamiento": null, "cara_5_tratamiento": null}}, {"model": "atencion.odontogramapieza", "pk": 613, "fields": {"odontograma": 12, "pieza": 41, "cuadrante": 4, "tratamiento": null, "orden": 6, "cara_1_tratamiento": null, "cara_2_tratamiento": null, "cara_3_tratamiento": null, "cara_4_tratamiento": null, "cara_5_tratamiento": null}}, {"model": "atencion.odontogramapieza", "pk": 614, "fields": {"odontograma": 12, "pieza": 42, "cuadrante": 4, "tratamiento": null, "orden": 5, "cara_1_tratamiento": null, "cara_2_tratamiento": null, "cara_3_tratamiento": null, "cara_4_tratamiento": null, "cara_5_tratamiento": null}}, {"model": "atencion.odontogramapieza", "pk": 615, "fields": {"odontograma": 12, "pieza": 43, "cuadrante": 4, "tratamiento": null, "orden": 4, "cara_1_tratamiento": null, "cara_2_tratamiento": null, "cara_3_tratamiento": null, "cara_4_tratamiento": null, "cara_5_tratamiento": null}}, {"model": "atencion.odontogramapieza", "pk": 616, "fields": {"odontograma": 12, "pieza": 44, "cuadrante": 4, "tratamiento": null, "orden": 3, "cara_1_tratamiento": null, "cara_2_tratamiento": null, "cara_3_tratamiento": null, "cara_4_tratamiento": null, "cara_5_tratamiento": null}}, {"model": "atencion.odontogramapieza", "pk": 617, "fields": {"odontograma": 12, "pieza": 45, "cuadrante": 4, "tratamiento": null, "orden": 2, "cara_1_tratamiento": null, "cara_2_tratamiento": null, "cara_3_tratamiento": null, "cara_4_tratamiento": null, "cara_5_tratamiento": null}}, {"model": "atencion.odontogramapieza", "pk": 618, "fields": {"odontograma": 12, "pieza": 46, "cuadrante": 4, "tratamiento": null, "orden": 1, "cara_1_tratamiento": null, "cara_2_tratamiento": null, "cara_3_tratamiento": 2, "cara_4_tratamiento": null, "cara_5_tratamiento": null}}, {"model": "atencion.odontogramapieza", "pk": 619, "fields": {"odontograma": 12, "pieza": 47, "cuadrante": 3, "tratamiento": null, "orden": 3, "cara_1_tratamiento": null, "cara_2_tratamiento": null, "cara_3_tratamiento": null, "cara_4_tratamiento": null, "cara_5_tratamiento": null}}, {"model": "atencion.odontogramapieza", "pk": 620, "fields": {"odontograma": 12, "pieza": 48, "cuadrante": 3, "tratamiento": null, "orden": 4, "cara_1_tratamiento": null, "cara_2_tratamiento": null, "cara_3_tratamiento": null, "cara_4_tratamiento": null, "cara_5_tratamiento": null}}, {"model": "atencion.odontogramapieza", "pk": 621, "fields": {"odontograma": 12, "pieza": 49, "cuadrante": 3, "tratamiento": null, "orden": 5, "cara_1_tratamiento": null, "cara_2_tratamiento": null, "cara_3_tratamiento": null, "cara_4_tratamiento": null, "cara_5_tratamiento": null}}, {"model": "atencion.odontogramapieza", "pk": 622, "fields": {"odontograma": 12, "pieza": 50, "cuadrante": 3, "tratamiento": null, "orden": 6, "cara_1_tratamiento": null, "cara_2_tratamiento": null, "cara_3_tratamiento": null, "cara_4_tratamiento": null, "cara_5_tratamiento": null}}, {"model": "atencion.odontogramapieza", "pk": 623, "fields": {"odontograma": 12, "pieza": 51, "cuadrante": 3, "tratamiento": null, "orden": 7, "cara_1_tratamiento": null, "cara_2_tratamiento": null, "cara_3_tratamiento": null, "cara_4_tratamiento": null, "cara_5_tratamiento": null}}, {"model": "atencion.odontogramapieza", "pk": 624, "fields": {"odontograma": 12, "pieza": 52, "cuadrante": 3, "tratamiento": null, "orden": 8, "cara_1_tratamiento": null, "cara_2_tratamiento": null, "cara_3_tratamiento": null, "cara_4_tratamiento": null, "cara_5_tratamiento": null}}, {"model": "atencion.odontogramapieza", "pk": 625, "fields": {"odontograma": 13, "pieza": 1, "cuadrante": 1, "tratamiento": null, "orden": 7, "cara_1_tratamiento": null, "cara_2_tratamiento": null, "cara_3_tratamiento": null, "cara_4_tratamiento": null, "cara_5_tratamiento": null}}, {"model": "atencion.odontogramapieza", "pk": 626, "fields": {"odontograma": 13, "pieza": 2, "cuadrante": 1, "tratamiento": null, "orden": 8, "cara_1_tratamiento": null, "cara_2_tratamiento": null, "cara_3_tratamiento": null, "cara_4_tratamiento": null, "cara_5_tratamiento": null}}, {"model": "atencion.odontogramapieza", "pk": 627, "fields": {"odontograma": 13, "pieza": 3, "cuadrante": 2, "tratamiento": null, "orden": 1, "cara_1_tratamiento": null, "cara_2_tratamiento": null, "cara_3_tratamiento": null, "cara_4_tratamiento": null, "cara_5_tratamiento": null}}, {"model": "atencion.odontogramapieza", "pk": 628, "fields": {"odontograma": 13, "pieza": 4, "cuadrante": 2, "tratamiento": null, "orden": 2, "cara_1_tratamiento": null, "cara_2_tratamiento": null, "cara_3_tratamiento": null, "cara_4_tratamiento": null, "cara_5_tratamiento": null}}, {"model": "atencion.odontogramapieza", "pk": 629, "fields": {"odontograma": 13, "pieza": 5, "cuadrante": 1, "tratamiento": null, "orden": 5, "cara_1_tratamiento": null, "cara_2_tratamiento": null, "cara_3_tratamiento": null, "cara_4_tratamiento": null, "cara_5_tratamiento": null}}, {"model": "atencion.odontogramapieza", "pk": 630, "fields": {"odontograma": 13, "pieza": 6, "cuadrante": 1, "tratamiento": null, "orden": 4, "cara_1_tratamiento": null, "cara_2_tratamiento": null, "cara_3_tratamiento": null, "cara_4_tratamiento": null, "cara_5_tratamiento": null}}, {"model": "atencion.odontogramapieza", "pk": 631, "fields": {"odontograma": 13, "pieza": 7, "cuadrante": 2, "tratamiento": null, "orden": 1, "cara_1_tratamiento": null, "cara_2_tratamiento": null, "cara_3_tratamiento": null, "cara_4_tratamiento": null, "cara_5_tratamiento": null}}, {"model": "atencion.odontogramapieza", "pk": 632, "fields": {"odontograma": 13, "pieza": 8, "cuadrante": 2, "tratamiento": null, "orden": 2, "cara_1_tratamiento": null, "cara_2_tratamiento": null, "cara_3_tratamiento": null, "cara_4_tratamiento": null, "cara_5_tratamiento": null}}, {"model": "atencion.odontogramapieza", "pk": 633, "fields": {"odontograma": 13, "pieza": 9, "cuadrante": 4, "tratamiento": null, "orden": 5, "cara_1_tratamiento": null, "cara_2_tratamiento": null, "cara_3_tratamiento": null, "cara_4_tratamiento": null, "cara_5_tratamiento": null}}, {"model": "atencion.odontogramapieza", "pk": 634, "fields": {"odontograma": 13, "pieza": 10, "cuadrante": 4, "tratamiento": null, "orden": 4, "cara_1_tratamiento": null, "cara_2_tratamiento": null, "cara_3_tratamiento": null, "cara_4_tratamiento": null, "cara_5_tratamiento": null}}, {"model": "atencion.odontogramapieza", "pk": 635, "fields": {"odontograma": 13, "pieza": 11, "cuadrante": 3, "tratamiento": null, "orden": 1, "cara_1_tratamiento": null, "cara_2_tratamiento": null, "cara_3_tratamiento": null, "cara_4_tratamiento": null, "cara_5_tratamiento": null}}, {"model": "atencion.odontogramapieza", "pk": 636, "fields": {"odontograma": 13, "pieza": 12, "cuadrante": 3, "tratamiento": null, "orden": 2, "cara_1_tratamiento": null, "cara_2_tratamiento": null, "cara_3_tratamiento": null, "cara_4_tratamiento": null, "cara_5_tratamiento": null}}, {"model": "atencion.odontogramapieza", "pk": 637, "fields": {"odontograma": 13, "pieza": 13, "cuadrante": 4, "tratamiento": null, "orden": 7, "cara_1_tratamiento": null, "cara_2_tratamiento": null, "cara_3_tratamiento": null, "cara_4_tratamiento": null, "cara_5_tratamiento": null}}, {"model": "atencion.odontogramapieza", "pk": 638, "fields": {"odontograma": 13, "pieza": 14, "cuadrante": 4, "tratamiento": null, "orden": 8, "cara_1_tratamiento": null, "cara_2_tratamiento": null, "cara_3_tratamiento": null, "cara_4_tratamiento": null, "cara_5_tratamiento": null}}, {"model": "atencion.odontogramapieza", "pk": 639, "fields": {"odontograma": 13, "pieza": 15, "cuadrante": 3, "tratamiento": null, "orden": 1, "cara_1_tratamiento": null, "cara_2_tratamiento": null, "cara_3_tratamiento": null, "cara_4_tratamiento": null, "cara_5_tratamiento": null}}, {"model": "atencion.odontogramapieza", "pk": 640, "fields": {"odontograma": 13, "pieza": 16, "cuadrante": 3, "tratamiento": null, "orden": 2, "cara_1_tratamiento": null, "cara_2_tratamiento": null, "cara_3_tratamiento": null, "cara_4_tratamiento": null, "cara_5_tratamiento": null}}, {"model": "atencion.odontogramapieza", "pk": 641, "fields": {"odontograma": 13, "pieza": 17, "cuadrante": 1, "tratamiento": null, "orden": 6, "cara_1_tratamiento": null, "cara_2_tratamiento": null, "cara_3_tratamiento": null, "cara_4_tratamiento": null, "cara_5_tratamiento": null}}, {"model": "atencion.odontogramapieza", "pk": 642, "fields": {"odontograma": 13, "pieza": 18, "cuadrante": 1, "tratamiento": null, "orden": 5, "cara_1_tratamiento": null, "cara_2_tratamiento": null, "cara_3_tratamiento": null, "cara_4_tratamiento": null, "cara_5_tratamiento": null}}, {"model": "atencion.odontogramapieza", "pk": 643, "fields": {"odontograma": 13, "pieza": 19, "cuadrante": 1, "tratamiento": null, "orden": 4, "cara_1_tratamiento": null, "cara_2_tratamiento": null, "cara_3_tratamiento": null, "cara_4_tratamiento": null, "cara_5_tratamiento": null}}, {"model": "atencion.odontogramapieza", "pk": 644, "fields": {"odontograma": 13, "pieza": 20, "cuadrante": 1, "tratamiento": null, "orden": 3, "cara_1_tratamiento": 2, "cara_2_tratamiento": null, "cara_3_tratamiento": 2, "cara_4_tratamiento": 2, "cara_5_tratamiento": 2}}, {"model": "atencion.odontogramapieza", "pk": 645, "fields": {"odontograma": 13, "pieza": 21, "cuadrante": 1, "tratamiento": null, "orden": 2, "cara_1_tratamiento": null, "cara_2_tratamiento": null, "cara_3_tratamiento": 2, "cara_4_tratamiento": null, "cara_5_tratamiento": null}}, {"model": "atencion.odontogramapieza", "pk": 646, "fields": {"odontograma": 13, "pieza": 22, "cuadrante": 1, "tratamiento": null, "orden": 1, "cara_1_tratamiento": null, "cara_2_tratamiento": null, "cara_3_tratamiento": null, "cara_4_tratamiento": null, "cara_5_tratamiento": null}}, {"model": "atencion.odontogramapieza", "pk": 647, "fields": {"odontograma": 13, "pieza": 23, "cuadrante": 2, "tratamiento": null, "orden": 3, "cara_1_tratamiento": null, "cara_2_tratamiento": null, "cara_3_tratamiento": null, "cara_4_tratamiento": null, "cara_5_tratamiento": null}}, {"model": "atencion.odontogramapieza", "pk": 648, "fields": {"odontograma": 13, "pieza": 24, "cuadrante": 2, "tratamiento": null, "orden": 4, "cara_1_tratamiento": null, "cara_2_tratamiento": null, "cara_3_tratamiento": null, "cara_4_tratamiento": null, "cara_5_tratamiento": null}}, {"model": "atencion.odontogramapieza", "pk": 649, "fields": {"odontograma": 13, "pieza": 25, "cuadrante": 2, "tratamiento": null, "orden": 5, "cara_1_tratamiento": null, "cara_2_tratamiento": null, "cara_3_tratamiento": null, "cara_4_tratamiento": null, "cara_5_tratamiento": null}}, {"model": "atencion.odontogramapieza", "pk": 650, "fields": {"odontograma": 13, "pieza": 26, "cuadrante": 2, "tratamiento": null, "orden": 6, "cara_1_tratamiento": null, "cara_2_tratamiento": null, "cara_3_tratamiento": 2, "cara_4_tratamiento": null, "cara_5_tratamiento": null}}, {"model": "atencion.odontogramapieza", "pk": 651, "fields": {"odontograma": 13, "pieza": 27, "cuadrante": 2, "tratamiento": null, "orden": 7, "cara_1_tratamiento": null, "cara_2_tratamiento": null, "cara_3_tratamiento": 2, "cara_4_tratamiento": null, "cara_5_tratamiento": null}}, {"model": "atencion.odontogramapieza", "pk": 652, "fields": {"odontograma": 13, "pieza": 28, "cuadrante": 2, "tratamiento": null, "orden": 8, "cara_1_tratamiento": null, "cara_2_tratamiento": null, "cara_3_tratamiento": null, "cara_4_tratamiento": null, "cara_5_tratamiento": null}}, {"model": "atencion.odontogramapieza", "pk": 653, "fields": {"odontograma": 13, "pieza": 29, "cuadrante": 1, "tratamiento": null, "orden": 3, "cara_1_tratamiento": null, "cara_2_tratamiento": null, "cara_3_tratamiento": null, "cara_4_tratamiento": null, "cara_5_tratamiento": null}}, {"model": "atencion.odontogramapieza", "pk": 654, "fields": {"odontograma": 13, "pieza": 30, "cuadrante": 1, "tratamiento": null, "orden": 2, "cara_1_tratamiento": null, "cara_2_tratamiento": null, "cara_3_tratamiento": null, "cara_4_tratamiento": null, "cara_5_tratamiento": null}}, {"model": "atencion.odontogramapieza", "pk": 655, "fields": {"odontograma": 13, "pieza": 31, "cuadrante": 1, "tratamiento": null, "orden": 1, "cara_1_tratamiento": null, "cara_2_tratamiento": null, "cara_3_tratamiento": null, "cara_4_tratamiento": null, "cara_5_tratamiento": null}}, {"model": "atencion.odontogramapieza", "pk": 656, "fields": {"odontograma": 13, "pieza": 32, "cuadrante": 2, "tratamiento": null, "orden": 3, "cara_1_tratamiento": null, "cara_2_tratamiento": null, "cara_3_tratamiento": null, "cara_4_tratamiento": null, "cara_5_tratamiento": null}}, {"model": "atencion.odontogramapieza", "pk": 657, "fields": {"odontograma": 13, "pieza": 33, "cuadrante": 2, "tratamiento": null, "orden": 4, "cara_1_tratamiento": null, "cara_2_tratamiento": null, "cara_3_tratamiento": null, "cara_4_tratamiento": null, "cara_5_tratamiento": null}}, {"model": "atencion.odontogramapieza", "pk": 658, "fields": {"odontograma": 13, "pieza": 34, "cuadrante": 2, "tratamiento": null, "orden": 5, "cara_1_tratamiento": null, "cara_2_tratamiento": null, "cara_3_tratamiento": null, "cara_4_tratamiento": null, "cara_5_tratamiento": null}}, {"model": "atencion.odontogramapieza", "pk": 659, "fields": {"odontograma": 13, "pieza": 35, "cuadrante": 4, "tratamiento": null, "orden": 3, "cara_1_tratamiento": null, "cara_2_tratamiento": null, "cara_3_tratamiento": null, "cara_4_tratamiento": null, "cara_5_tratamiento": null}}, {"model": "atencion.odontogramapieza", "pk": 660, "fields": {"odontograma": 13, "pieza": 36, "cuadrante": 4, "tratamiento": null, "orden": 2, "cara_1_tratamiento": null, "cara_2_tratamiento": null, "cara_3_tratamiento": null, "cara_4_tratamiento": null, "cara_5_tratamiento": null}}, {"model": "atencion.odontogramapieza", "pk": 661, "fields": {"odontograma": 13, "pieza": 37, "cuadrante": 4, "tratamiento": null, "orden": 1, "cara_1_tratamiento": null, "cara_2_tratamiento": null, "cara_3_tratamiento": null, "cara_4_tratamiento": null, "cara_5_tratamiento": null}}, {"model": "atencion.odontogramapieza", "pk": 662, "fields": {"odontograma": 13, "pieza": 38, "cuadrante": 3, "tratamiento": null, "orden": 3, "cara_1_tratamiento": null, "cara_2_tratamiento": null, "cara_3_tratamiento": null, "cara_4_tratamiento": null, "cara_5_tratamiento": null}}, {"model": "atencion.odontogramapieza", "pk": 663, "fields": {"odontograma": 13, "pieza": 39, "cuadrante": 3, "tratamiento": null, "orden": 4, "cara_1_tratamiento": null, "cara_2_tratamiento": null, "cara_3_tratamiento": null, "cara_4_tratamiento": null, "cara_5_tratamiento": null}}, {"model": "atencion.odontogramapieza", "pk": 664, "fields": {"odontograma": 13, "pieza": 40, "cuadrante": 3, "tratamiento": null, "orden": 5, "cara_1_tratamiento": null, "cara_2_tratamiento": null, "cara_3_tratamiento": null, "cara_4_tratamiento": null, "cara_5_tratamiento": null}}, {"model": "atencion.odontogramapieza", "pk": 665, "fields": {"odontograma": 13, "pieza": 41, "cuadrante": 4, "tratamiento": null, "orden": 6, "cara_1_tratamiento": null, "cara_2_tratamiento": null, "cara_3_tratamiento": null, "cara_4_tratamiento": null, "cara_5_tratamiento": null}}, {"model": "atencion.odontogramapieza", "pk": 666, "fields": {"odontograma": 13, "pieza": 42, "cuadrante": 4, "tratamiento": null, "orden": 5, "cara_1_tratamiento": null, "cara_2_tratamiento": null, "cara_3_tratamiento": null, "cara_4_tratamiento": null, "cara_5_tratamiento": null}}, {"model": "atencion.odontogramapieza", "pk": 667, "fields": {"odontograma": 13, "pieza": 43, "cuadrante": 4, "tratamiento": null, "orden": 4, "cara_1_tratamiento": null, "cara_2_tratamiento": null, "cara_3_tratamiento": 2, "cara_4_tratamiento": null, "cara_5_tratamiento": null}}, {"model": "atencion.odontogramapieza", "pk": 668, "fields": {"odontograma": 13, "pieza": 44, "cuadrante": 4, "tratamiento": null, "orden": 3, "cara_1_tratamiento": null, "cara_2_tratamiento": null, "cara_3_tratamiento": 2, "cara_4_tratamiento": null, "cara_5_tratamiento": null}}, {"model": "atencion.odontogramapieza", "pk": 669, "fields": {"odontograma": 13, "pieza": 45, "cuadrante": 4, "tratamiento": null, "orden": 2, "cara_1_tratamiento": null, "cara_2_tratamiento": null, "cara_3_tratamiento": null, "cara_4_tratamiento": null, "cara_5_tratamiento": null}}, {"model": "atencion.odontogramapieza", "pk": 670, "fields": {"odontograma": 13, "pieza": 46, "cuadrante": 4, "tratamiento": null, "orden": 1, "cara_1_tratamiento": null, "cara_2_tratamiento": null, "cara_3_tratamiento": null, "cara_4_tratamiento": null, "cara_5_tratamiento": null}}, {"model": "atencion.odontogramapieza", "pk": 671, "fields": {"odontograma": 13, "pieza": 47, "cuadrante": 3, "tratamiento": null, "orden": 3, "cara_1_tratamiento": null, "cara_2_tratamiento": null, "cara_3_tratamiento": null, "cara_4_tratamiento": null, "cara_5_tratamiento": null}}, {"model": "atencion.odontogramapieza", "pk": 672, "fields": {"odontograma": 13, "pieza": 48, "cuadrante": 3, "tratamiento": null, "orden": 4, "cara_1_tratamiento": null, "cara_2_tratamiento": null, "cara_3_tratamiento": null, "cara_4_tratamiento": null, "cara_5_tratamiento": null}}, {"model": "atencion.odontogramapieza", "pk": 673, "fields": {"odontograma": 13, "pieza": 49, "cuadrante": 3, "tratamiento": null, "orden": 5, "cara_1_tratamiento": 2, "cara_2_tratamiento": null, "cara_3_tratamiento": 2, "cara_4_tratamiento": 2, "cara_5_tratamiento": 2}}, {"model": "atencion.odontogramapieza", "pk": 674, "fields": {"odontograma": 13, "pieza": 50, "cuadrante": 3, "tratamiento": null, "orden": 6, "cara_1_tratamiento": 2, "cara_2_tratamiento": null, "cara_3_tratamiento": 1, "cara_4_tratamiento": 2, "cara_5_tratamiento": 2}}, {"model": "atencion.odontogramapieza", "pk": 675, "fields": {"odontograma": 13, "pieza": 51, "cuadrante": 3, "tratamiento": null, "orden": 7, "cara_1_tratamiento": null, "cara_2_tratamiento": null, "cara_3_tratamiento": null, "cara_4_tratamiento": null, "cara_5_tratamiento": null}}, {"model": "atencion.odontogramapieza", "pk": 676, "fields": {"odontograma": 13, "pieza": 52, "cuadrante": 3, "tratamiento": null, "orden": 8, "cara_1_tratamiento": null, "cara_2_tratamiento": null, "cara_3_tratamiento": null, "cara_4_tratamiento": null, "cara_5_tratamiento": null}}, {"model": "atencion.examenesauxiliares", "pk": 3, "fields": {"odontograma": 3, "de_aleta_mordida": false, "periapical": false, "panoramica": false, "oclusal": false, "examenes_radigrafia_otros": "123123", "montados_asa": false, "sin_montar": false, "examenes_modelos_otros": "123123"}}, {"model": "atencion.examenesauxiliares", "pk": 4, "fields": {"odontograma": 4, "de_aleta_mordida": true, "periapical": true, "panoramica": true, "oclusal": true, "examenes_radigrafia_otros": "asdasd", "montados_asa": true, "sin_montar": true, "examenes_modelos_otros": "asd"}}, {"model": "atencion.examenesauxiliares", "pk": 5, "fields": {"odontograma": 7, "de_aleta_mordida": false, "periapical": false, "panoramica": false, "oclusal": false, "examenes_radigrafia_otros": "", "montados_asa": false, "sin_montar": false, "examenes_modelos_otros": ""}}, {"model": "atencion.examenesauxiliares", "pk": 6, "fields": {"odontograma": 10, "de_aleta_mordida": false, "periapical": false, "panoramica": false, "oclusal": false, "examenes_radigrafia_otros": "", "montados_asa": false, "sin_montar": false, "examenes_modelos_otros": ""}}, {"model": "atencion.examenesauxiliares", "pk": 7, "fields": {"odontograma": 11, "de_aleta_mordida": false, "periapical": false, "panoramica": false, "oclusal": false, "examenes_radigrafia_otros": "", "montados_asa": false, "sin_montar": false, "examenes_modelos_otros": ""}}, {"model": "atencion.examenesauxiliares", "pk": 8, "fields": {"odontograma": 12, "de_aleta_mordida": false, "periapical": false, "panoramica": false, "oclusal": false, "examenes_radigrafia_otros": "", "montados_asa": false, "sin_montar": false, "examenes_modelos_otros": ""}}, {"model": "atencion.examenesauxiliares", "pk": 9, "fields": {"odontograma": 13, "de_aleta_mordida": false, "periapical": false, "panoramica": false, "oclusal": false, "examenes_radigrafia_otros": "", "montados_asa": false, "sin_montar": false, "examenes_modelos_otros": ""}}, {"model": "atencion.diagnostico", "pk": 1, "fields": {"codigo": "123456", "nombre": "azurin"}}, {"model": "atencion.periodo", "pk": 1, "fields": {"ciclo": "1", "fecha": "2016-07-03"}}, {"model": "auth.permission", "pk": 1, "fields": {"name": "Can add log entry", "content_type": 1, "codename": "add_logentry"}}, {"model": "auth.permission", "pk": 2, "fields": {"name": "Can change log entry", "content_type": 1, "codename": "change_logentry"}}, {"model": "auth.permission", "pk": 3, "fields": {"name": "Can delete log entry", "content_type": 1, "codename": "delete_logentry"}}, {"model": "auth.permission", "pk": 4, "fields": {"name": "Can add permission", "content_type": 2, "codename": "add_permission"}}, {"model": "auth.permission", "pk": 5, "fields": {"name": "Can change permission", "content_type": 2, "codename": "change_permission"}}, {"model": "auth.permission", "pk": 6, "fields": {"name": "Can delete permission", "content_type": 2, "codename": "delete_permission"}}, {"model": "auth.permission", "pk": 7, "fields": {"name": "Can add group", "content_type": 3, "codename": "add_group"}}, {"model": "auth.permission", "pk": 8, "fields": {"name": "Can change group", "content_type": 3, "codename": "change_group"}}, {"model": "auth.permission", "pk": 9, "fields": {"name": "Can delete group", "content_type": 3, "codename": "delete_group"}}, {"model": "auth.permission", "pk": 10, "fields": {"name": "Can add content type", "content_type": 4, "codename": "add_contenttype"}}, {"model": "auth.permission", "pk": 11, "fields": {"name": "Can change content type", "content_type": 4, "codename": "change_contenttype"}}, {"model": "auth.permission", "pk": 12, "fields": {"name": "Can delete content type", "content_type": 4, "codename": "delete_contenttype"}}, {"model": "auth.permission", "pk": 13, "fields": {"name": "Can add session", "content_type": 5, "codename": "add_session"}}, {"model": "auth.permission", "pk": 14, "fields": {"name": "Can change session", "content_type": 5, "codename": "change_session"}}, {"model": "auth.permission", "pk": 15, "fields": {"name": "Can delete session", "content_type": 5, "codename": "delete_session"}}, {"model": "auth.permission", "pk": 16, "fields": {"name": "Can add site", "content_type": 6, "codename": "add_site"}}, {"model": "auth.permission", "pk": 17, "fields": {"name": "Can change site", "content_type": 6, "codename": "change_site"}}, {"model": "auth.permission", "pk": 18, "fields": {"name": "Can delete site", "content_type": 6, "codename": "delete_site"}}, {"model": "auth.permission", "pk": 19, "fields": {"name": "Can add flat page", "content_type": 7, "codename": "add_flatpage"}}, {"model": "auth.permission", "pk": 20, "fields": {"name": "Can change flat page", "content_type": 7, "codename": "change_flatpage"}}, {"model": "auth.permission", "pk": 21, "fields": {"name": "Can delete flat page", "content_type": 7, "codename": "delete_flatpage"}}, {"model": "auth.permission", "pk": 22, "fields": {"name": "Can add Person", "content_type": 8, "codename": "add_person"}}, {"model": "auth.permission", "pk": 23, "fields": {"name": "Can change Person", "content_type": 8, "codename": "change_person"}}, {"model": "auth.permission", "pk": 24, "fields": {"name": "Can delete Person", "content_type": 8, "codename": "delete_person"}}, {"model": "auth.permission", "pk": 25, "fields": {"name": "Can add Solution", "content_type": 9, "codename": "add_solution"}}, {"model": "auth.permission", "pk": 26, "fields": {"name": "Can change Solution", "content_type": 9, "codename": "change_solution"}}, {"model": "auth.permission", "pk": 27, "fields": {"name": "Can delete Solution", "content_type": 9, "codename": "delete_solution"}}, {"model": "auth.permission", "pk": 28, "fields": {"name": "Can ALL solution", "content_type": 9, "codename": "solution"}}, {"model": "auth.permission", "pk": 29, "fields": {"name": "Can add Association", "content_type": 10, "codename": "add_association"}}, {"model": "auth.permission", "pk": 30, "fields": {"name": "Can change Association", "content_type": 10, "codename": "change_association"}}, {"model": "auth.permission", "pk": 31, "fields": {"name": "Can delete Association", "content_type": 10, "codename": "delete_association"}}, {"model": "auth.permission", "pk": 32, "fields": {"name": "Can ALL association", "content_type": 10, "codename": "association"}}, {"model": "auth.permission", "pk": 33, "fields": {"name": "Can add Enterprise", "content_type": 11, "codename": "add_enterprise"}}, {"model": "auth.permission", "pk": 34, "fields": {"name": "Can change Enterprise", "content_type": 11, "codename": "change_enterprise"}}, {"model": "auth.permission", "pk": 35, "fields": {"name": "Can delete Enterprise", "content_type": 11, "codename": "delete_enterprise"}}, {"model": "auth.permission", "pk": 36, "fields": {"name": "Can ALL enterprise", "content_type": 11, "codename": "enterprise"}}, {"model": "auth.permission", "pk": 37, "fields": {"name": "Can add Headquar", "content_type": 12, "codename": "add_headquar"}}, {"model": "auth.permission", "pk": 38, "fields": {"name": "Can change Headquar", "content_type": 12, "codename": "change_headquar"}}, {"model": "auth.permission", "pk": 39, "fields": {"name": "Can delete Headquar", "content_type": 12, "codename": "delete_headquar"}}, {"model": "auth.permission", "pk": 40, "fields": {"name": "Can ALL headquar(sedes)", "content_type": 12, "codename": "headquar"}}, {"model": "auth.permission", "pk": 41, "fields": {"name": "Can add User", "content_type": 13, "codename": "add_user"}}, {"model": "auth.permission", "pk": 42, "fields": {"name": "Can change User", "content_type": 13, "codename": "change_user"}}, {"model": "auth.permission", "pk": 43, "fields": {"name": "Can delete User", "content_type": 13, "codename": "delete_user"}}, {"model": "auth.permission", "pk": 44, "fields": {"name": "Can ALL user", "content_type": 13, "codename": "user"}}, {"model": "auth.permission", "pk": 45, "fields": {"name": "Can add User status", "content_type": 14, "codename": "add_userstatus"}}, {"model": "auth.permission", "pk": 46, "fields": {"name": "Can change User status", "content_type": 14, "codename": "change_userstatus"}}, {"model": "auth.permission", "pk": 47, "fields": {"name": "Can delete User status", "content_type": 14, "codename": "delete_userstatus"}}, {"model": "auth.permission", "pk": 48, "fields": {"name": "Can add Access", "content_type": 15, "codename": "add_access"}}, {"model": "auth.permission", "pk": 49, "fields": {"name": "Can change Access", "content_type": 15, "codename": "change_access"}}, {"model": "auth.permission", "pk": 50, "fields": {"name": "Can delete Access", "content_type": 15, "codename": "delete_access"}}, {"model": "auth.permission", "pk": 51, "fields": {"name": "Can ALL access", "content_type": 15, "codename": "access"}}, {"model": "auth.permission", "pk": 52, "fields": {"name": "Can add Module", "content_type": 16, "codename": "add_module"}}, {"model": "auth.permission", "pk": 53, "fields": {"name": "Can change Module", "content_type": 16, "codename": "change_module"}}, {"model": "auth.permission", "pk": 54, "fields": {"name": "Can delete Module", "content_type": 16, "codename": "delete_module"}}, {"model": "auth.permission", "pk": 55, "fields": {"name": "Can ALL module", "content_type": 16, "codename": "module"}}, {"model": "auth.permission", "pk": 56, "fields": {"name": "Can add Menu", "content_type": 17, "codename": "add_menu"}}, {"model": "auth.permission", "pk": 57, "fields": {"name": "Can change Menu", "content_type": 17, "codename": "change_menu"}}, {"model": "auth.permission", "pk": 58, "fields": {"name": "Can delete Menu", "content_type": 17, "codename": "delete_menu"}}, {"model": "auth.permission", "pk": 59, "fields": {"name": "Can ALL menu", "content_type": 17, "codename": "menu"}}, {"model": "auth.permission", "pk": 60, "fields": {"name": "Can add User enterprise", "content_type": 18, "codename": "add_userenterprise"}}, {"model": "auth.permission", "pk": 61, "fields": {"name": "Can change User enterprise", "content_type": 18, "codename": "change_userenterprise"}}, {"model": "auth.permission", "pk": 62, "fields": {"name": "Can delete User enterprise", "content_type": 18, "codename": "delete_userenterprise"}}, {"model": "auth.permission", "pk": 63, "fields": {"name": "Can add User headquar", "content_type": 19, "codename": "add_userheadquar"}}, {"model": "auth.permission", "pk": 64, "fields": {"name": "Can change User headquar", "content_type": 19, "codename": "change_userheadquar"}}, {"model": "auth.permission", "pk": 65, "fields": {"name": "Can delete User headquar", "content_type": 19, "codename": "delete_userheadquar"}}, {"model": "auth.permission", "pk": 66, "fields": {"name": "Can add User association", "content_type": 20, "codename": "add_userassociation"}}, {"model": "auth.permission", "pk": 67, "fields": {"name": "Can change User association", "content_type": 20, "codename": "change_userassociation"}}, {"model": "auth.permission", "pk": 68, "fields": {"name": "Can delete User association", "content_type": 20, "codename": "delete_userassociation"}}, {"model": "auth.permission", "pk": 69, "fields": {"name": "Can add Ticket", "content_type": 21, "codename": "add_ticket"}}, {"model": "auth.permission", "pk": 70, "fields": {"name": "Can change Ticket", "content_type": 21, "codename": "change_ticket"}}, {"model": "auth.permission", "pk": 71, "fields": {"name": "Can delete Ticket", "content_type": 21, "codename": "delete_ticket"}}, {"model": "auth.permission", "pk": 72, "fields": {"name": "Can ALL ticket", "content_type": 21, "codename": "ticket"}}, {"model": "auth.permission", "pk": 73, "fields": {"name": "Can add Backup", "content_type": 22, "codename": "add_backup"}}, {"model": "auth.permission", "pk": 74, "fields": {"name": "Can change Backup", "content_type": 22, "codename": "change_backup"}}, {"model": "auth.permission", "pk": 75, "fields": {"name": "Can delete Backup", "content_type": 22, "codename": "delete_backup"}}, {"model": "auth.permission", "pk": 76, "fields": {"name": "Can ALL backup", "content_type": 22, "codename": "backup"}}, {"model": "auth.permission", "pk": 77, "fields": {"name": "Can add usuario", "content_type": 23, "codename": "add_usuario"}}, {"model": "auth.permission", "pk": 78, "fields": {"name": "Can change usuario", "content_type": 23, "codename": "change_usuario"}}, {"model": "auth.permission", "pk": 79, "fields": {"name": "Can delete usuario", "content_type": 23, "codename": "delete_usuario"}}, {"model": "auth.permission", "pk": 80, "fields": {"name": "Can add Departamento", "content_type": 24, "codename": "add_departamento"}}, {"model": "auth.permission", "pk": 81, "fields": {"name": "Can change Departamento", "content_type": 24, "codename": "change_departamento"}}, {"model": "auth.permission", "pk": 82, "fields": {"name": "Can delete Departamento", "content_type": 24, "codename": "delete_departamento"}}, {"model": "auth.permission", "pk": 83, "fields": {"name": "Can add Provincia", "content_type": 25, "codename": "add_provincia"}}, {"model": "auth.permission", "pk": 84, "fields": {"name": "Can change Provincia", "content_type": 25, "codename": "change_provincia"}}, {"model": "auth.permission", "pk": 85, "fields": {"name": "Can delete Provincia", "content_type": 25, "codename": "delete_provincia"}}, {"model": "auth.permission", "pk": 86, "fields": {"name": "Can add Distrito", "content_type": 26, "codename": "add_distrito"}}, {"model": "auth.permission", "pk": 87, "fields": {"name": "Can change Distrito", "content_type": 26, "codename": "change_distrito"}}, {"model": "auth.permission", "pk": 88, "fields": {"name": "Can delete Distrito", "content_type": 26, "codename": "delete_distrito"}}, {"model": "auth.permission", "pk": 89, "fields": {"name": "Can add Persona", "content_type": 27, "codename": "add_persona"}}, {"model": "auth.permission", "pk": 90, "fields": {"name": "Can change Persona", "content_type": 27, "codename": "change_persona"}}, {"model": "auth.permission", "pk": 91, "fields": {"name": "Can delete Persona", "content_type": 27, "codename": "delete_persona"}}, {"model": "auth.permission", "pk": 92, "fields": {"name": "Can add Historia", "content_type": 28, "codename": "add_historia"}}, {"model": "auth.permission", "pk": 93, "fields": {"name": "Can change Historia", "content_type": 28, "codename": "change_historia"}}, {"model": "auth.permission", "pk": 94, "fields": {"name": "Can delete Historia", "content_type": 28, "codename": "delete_historia"}}, {"model": "auth.permission", "pk": 95, "fields": {"name": "Can add Consulta", "content_type": 29, "codename": "add_consulta"}}, {"model": "auth.permission", "pk": 96, "fields": {"name": "Can change Consulta", "content_type": 29, "codename": "change_consulta"}}, {"model": "auth.permission", "pk": 97, "fields": {"name": "Can delete Consulta", "content_type": 29, "codename": "delete_consulta"}}, {"model": "auth.permission", "pk": 98, "fields": {"name": "Can add AntecedenteMedico", "content_type": 30, "codename": "add_antecedentemedico"}}, {"model": "auth.permission", "pk": 99, "fields": {"name": "Can change AntecedenteMedico", "content_type": 30, "codename": "change_antecedentemedico"}}, {"model": "auth.permission", "pk": 100, "fields": {"name": "Can delete AntecedenteMedico", "content_type": 30, "codename": "delete_antecedentemedico"}}, {"model": "auth.permission", "pk": 101, "fields": {"name": "Can add Funciones Vitales", "content_type": 31, "codename": "add_funcionesvitales"}}, {"model": "auth.permission", "pk": 102, "fields": {"name": "Can change Funciones Vitales", "content_type": 31, "codename": "change_funcionesvitales"}}, {"model": "auth.permission", "pk": 103, "fields": {"name": "Can delete Funciones Vitales", "content_type": 31, "codename": "delete_funcionesvitales"}}, {"model": "auth.permission", "pk": 104, "fields": {"name": "Can add Diagnostico", "content_type": 32, "codename": "add_diagnostico"}}, {"model": "auth.permission", "pk": 105, "fields": {"name": "Can change Diagnostico", "content_type": 32, "codename": "change_diagnostico"}}, {"model": "auth.permission", "pk": 106, "fields": {"name": "Can delete Diagnostico", "content_type": 32, "codename": "delete_diagnostico"}}, {"model": "auth.permission", "pk": 107, "fields": {"name": "Can add Diagnostico por Consulta", "content_type": 33, "codename": "add_diagnosticoconsulta"}}, {"model": "auth.permission", "pk": 108, "fields": {"name": "Can change Diagnostico por Consulta", "content_type": 33, "codename": "change_diagnosticoconsulta"}}, {"model": "auth.permission", "pk": 109, "fields": {"name": "Can delete Diagnostico por Consulta", "content_type": 33, "codename": "delete_diagnosticoconsulta"}}, {"model": "auth.permission", "pk": 110, "fields": {"name": "Can add Producto", "content_type": 34, "codename": "add_producto"}}, {"model": "auth.permission", "pk": 111, "fields": {"name": "Can change Producto", "content_type": 34, "codename": "change_producto"}}, {"model": "auth.permission", "pk": 112, "fields": {"name": "Can delete Producto", "content_type": 34, "codename": "delete_producto"}}, {"model": "auth.permission", "pk": 113, "fields": {"name": "Can add Unidad de Medida", "content_type": 35, "codename": "add_unidadmedida"}}, {"model": "auth.permission", "pk": 114, "fields": {"name": "Can change Unidad de Medida", "content_type": 35, "codename": "change_unidadmedida"}}, {"model": "auth.permission", "pk": 115, "fields": {"name": "Can delete Unidad de Medida", "content_type": 35, "codename": "delete_unidadmedida"}}, {"model": "auth.permission", "pk": 116, "fields": {"name": "Can add Tratamiento", "content_type": 36, "codename": "add_tratamiento"}}, {"model": "auth.permission", "pk": 117, "fields": {"name": "Can change Tratamiento", "content_type": 36, "codename": "change_tratamiento"}}, {"model": "auth.permission", "pk": 118, "fields": {"name": "Can delete Tratamiento", "content_type": 36, "codename": "delete_tratamiento"}}, {"model": "auth.permission", "pk": 119, "fields": {"name": "Can add Detalle de Receta", "content_type": 37, "codename": "add_detallereceta"}}, {"model": "auth.permission", "pk": 120, "fields": {"name": "Can change Detalle de Receta", "content_type": 37, "codename": "change_detallereceta"}}, {"model": "auth.permission", "pk": 121, "fields": {"name": "Can delete Detalle de Receta", "content_type": 37, "codename": "delete_detallereceta"}}, {"model": "auth.permission", "pk": 122, "fields": {"name": "Can add Periodo", "content_type": 38, "codename": "add_periodo"}}, {"model": "auth.permission", "pk": 123, "fields": {"name": "Can change Periodo", "content_type": 38, "codename": "change_periodo"}}, {"model": "auth.permission", "pk": 124, "fields": {"name": "Can delete Periodo", "content_type": 38, "codename": "delete_periodo"}}, {"model": "auth.permission", "pk": 125, "fields": {"name": "Can add Prueba de Laboratorio", "content_type": 39, "codename": "add_laboratorio"}}, {"model": "auth.permission", "pk": 126, "fields": {"name": "Can change Prueba de Laboratorio", "content_type": 39, "codename": "change_laboratorio"}}, {"model": "auth.permission", "pk": 127, "fields": {"name": "Can delete Prueba de Laboratorio", "content_type": 39, "codename": "delete_laboratorio"}}, {"model": "auth.permission", "pk": 128, "fields": {"name": "Can add Consulta por Emergencia", "content_type": 40, "codename": "add_consultaemergencia"}}, {"model": "auth.permission", "pk": 129, "fields": {"name": "Can change Consulta por Emergencia", "content_type": 40, "codename": "change_consultaemergencia"}}, {"model": "auth.permission", "pk": 130, "fields": {"name": "Can delete Consulta por Emergencia", "content_type": 40, "codename": "delete_consultaemergencia"}}, {"model": "auth.permission", "pk": 131, "fields": {"name": "Can add reporte atencion", "content_type": 41, "codename": "add_reporteatencion"}}, {"model": "auth.permission", "pk": 132, "fields": {"name": "Can change reporte atencion", "content_type": 41, "codename": "change_reporteatencion"}}, {"model": "auth.permission", "pk": 133, "fields": {"name": "Can delete reporte atencion", "content_type": 41, "codename": "delete_reporteatencion"}}, {"model": "auth.permission", "pk": 134, "fields": {"name": "Can add trabajador", "content_type": 42, "codename": "add_trabajador"}}, {"model": "auth.permission", "pk": 135, "fields": {"name": "Can change trabajador", "content_type": 42, "codename": "change_trabajador"}}, {"model": "auth.permission", "pk": 136, "fields": {"name": "Can delete trabajador", "content_type": 42, "codename": "delete_trabajador"}}, {"model": "auth.permission", "pk": 137, "fields": {"name": "Can add cara dental", "content_type": 43, "codename": "add_caradental"}}, {"model": "auth.permission", "pk": 138, "fields": {"name": "Can change cara dental", "content_type": 43, "codename": "change_caradental"}}, {"model": "auth.permission", "pk": 139, "fields": {"name": "Can delete cara dental", "content_type": 43, "codename": "delete_caradental"}}, {"model": "auth.permission", "pk": 140, "fields": {"name": "Can add tratamiento dental", "content_type": 44, "codename": "add_tratamientodental"}}, {"model": "auth.permission", "pk": 141, "fields": {"name": "Can change tratamiento dental", "content_type": 44, "codename": "change_tratamientodental"}}, {"model": "auth.permission", "pk": 142, "fields": {"name": "Can delete tratamiento dental", "content_type": 44, "codename": "delete_tratamientodental"}}, {"model": "auth.permission", "pk": 143, "fields": {"name": "Can add pieza dental", "content_type": 45, "codename": "add_piezadental"}}, {"model": "auth.permission", "pk": 144, "fields": {"name": "Can change pieza dental", "content_type": 45, "codename": "change_piezadental"}}, {"model": "auth.permission", "pk": 145, "fields": {"name": "Can delete pieza dental", "content_type": 45, "codename": "delete_piezadental"}}, {"model": "auth.permission", "pk": 146, "fields": {"name": "Can add odontograma", "content_type": 46, "codename": "add_odontograma"}}, {"model": "auth.permission", "pk": 147, "fields": {"name": "Can change odontograma", "content_type": 46, "codename": "change_odontograma"}}, {"model": "auth.permission", "pk": 148, "fields": {"name": "Can delete odontograma", "content_type": 46, "codename": "delete_odontograma"}}, {"model": "auth.permission", "pk": 149, "fields": {"name": "Can add odontograma pieza", "content_type": 47, "codename": "add_odontogramapieza"}}, {"model": "auth.permission", "pk": 150, "fields": {"name": "Can change odontograma pieza", "content_type": 47, "codename": "change_odontogramapieza"}}, {"model": "auth.permission", "pk": 151, "fields": {"name": "Can delete odontograma pieza", "content_type": 47, "codename": "delete_odontogramapieza"}}, {"model": "auth.permission", "pk": 152, "fields": {"name": "Can add Cita", "content_type": 48, "codename": "add_calendarevent"}}, {"model": "auth.permission", "pk": 153, "fields": {"name": "Can change Cita", "content_type": 48, "codename": "change_calendarevent"}}, {"model": "auth.permission", "pk": 154, "fields": {"name": "Can delete Cita", "content_type": 48, "codename": "delete_calendarevent"}}, {"model": "auth.permission", "pk": 155, "fields": {"name": "Can add historia detalle", "content_type": 49, "codename": "add_historiadetalle"}}, {"model": "auth.permission", "pk": 156, "fields": {"name": "Can change historia detalle", "content_type": 49, "codename": "change_historiadetalle"}}, {"model": "auth.permission", "pk": 157, "fields": {"name": "Can delete historia detalle", "content_type": 49, "codename": "delete_historiadetalle"}}, {"model": "auth.permission", "pk": 161, "fields": {"name": "Can add examenes auxiliares", "content_type": 51, "codename": "add_examenesauxiliares"}}, {"model": "auth.permission", "pk": 162, "fields": {"name": "Can change examenes auxiliares", "content_type": 51, "codename": "change_examenesauxiliares"}}, {"model": "auth.permission", "pk": 163, "fields": {"name": "Can delete examenes auxiliares", "content_type": 51, "codename": "delete_examenesauxiliares"}}, {"model": "sad.user", "pk": 1, "fields": {"password": "pbkdf2_sha256$24000$lNuQaEBXvxpc$FV483B3eKwLz7cpzbCGsEwC15R5Z93bQIXD0zY7Hd74=", "last_login": "2017-11-26T20:27:42.128Z", "is_superuser": true, "username": "admin", "first_name": "", "last_name": "", "email": "", "is_staff": true, "is_active": true, "date_joined": "2017-06-05T11:29:37.395Z", "last_headquar_id": null, "last_module_id": null, "person": null, "groups": [], "user_permissions": []}}, {"model": "sad.user", "pk": 2, "fields": {"password": "pbkdf2_sha256$24000$zkVOq31bDsf3$X+ZzdIVG707eVIfoW7q4XFZEdkCXHyqrCiddOrN0yro=", "last_login": "2017-11-16T03:25:57.424Z", "is_superuser": true, "username": "javatar", "first_name": "", "last_name": "", "email": "", "is_staff": true, "is_active": true, "date_joined": "2017-06-05T11:30:00.818Z", "last_headquar_id": null, "last_module_id": null, "person": null, "groups": [], "user_permissions": []}}, {"model": "sad.user", "pk": 3, "fields": {"password": "pbkdf2_sha256$24000$hRKfrksNZ3Xq$0SzsSEsEyoQYD1VzyVqevfa2jCMz72ZO5OutM9lAB/U=", "last_login": "2017-11-16T03:25:58.170Z", "is_superuser": false, "username": "gomez.rd", "first_name": "", "last_name": "", "email": "", "is_staff": false, "is_active": true, "date_joined": "2017-08-11T16:23:20.595Z", "last_headquar_id": null, "last_module_id": null, "person": null, "groups": [], "user_permissions": []}}, {"model": "sad.user", "pk": 4, "fields": {"password": "pbkdf2_sha256$24000$opbhn7AWSCAQ$IQ99TT9EpwRQvsXwc2aBYN1aMYcyvAPzVcOd/RBskWs=", "last_login": "2017-11-16T03:25:58.771Z", "is_superuser": true, "username": "pacifi", "first_name": "", "last_name": "", "email": "", "is_staff": true, "is_active": true, "date_joined": "2017-11-14T02:17:51.272Z", "last_headquar_id": null, "last_module_id": null, "person": null, "groups": [], "user_permissions": []}}, {"model": "sad.userstatus", "pk": 1, "fields": {"status": "ON", "description": "Alta", "user": 1, "created_at": "2017-06-05T11:29:38.699Z", "updated_at": "2017-06-05T11:29:38.699Z"}}, {"model": "sad.userstatus", "pk": 2, "fields": {"status": "ON", "description": "Alta", "user": 2, "created_at": "2017-06-05T11:30:01.925Z", "updated_at": "2017-06-05T11:30:01.925Z"}}, {"model": "sad.userstatus", "pk": 3, "fields": {"status": "ON", "description": "Alta", "user": 3, "created_at": "2017-08-11T16:23:20.626Z", "updated_at": "2017-08-11T16:23:20.626Z"}}, {"model": "sad.userstatus", "pk": 4, "fields": {"status": "ON", "description": "Alta", "user": 4, "created_at": "2017-11-14T02:17:51.646Z", "updated_at": "2017-11-14T02:17:51.646Z"}}, {"model": "admin.logentry", "pk": 1, "fields": {"action_time": "2017-06-05T13:06:42.057Z", "user": 2, "content_type": 24, "object_id": "1", "object_repr": "Lima", "action_flag": 1, "change_message": "A\u00f1adido."}}, {"model": "admin.logentry", "pk": 2, "fields": {"action_time": "2017-06-05T13:06:52.889Z", "user": 2, "content_type": 24, "object_id": "2", "object_repr": "Arequipa", "action_flag": 1, "change_message": "A\u00f1adido."}}, {"model": "admin.logentry", "pk": 3, "fields": {"action_time": "2017-06-05T13:08:07.350Z", "user": 2, "content_type": 25, "object_id": "1", "object_repr": "Lima", "action_flag": 1, "change_message": "A\u00f1adido."}}, {"model": "admin.logentry", "pk": 4, "fields": {"action_time": "2017-06-05T13:08:36.543Z", "user": 2, "content_type": 26, "object_id": "1", "object_repr": "\u00d1a\u00f1a", "action_flag": 1, "change_message": "A\u00f1adido."}}, {"model": "admin.logentry", "pk": 5, "fields": {"action_time": "2017-06-05T18:08:48.901Z", "user": 1, "content_type": 42, "object_id": "1", "object_repr": "Rosario", "action_flag": 1, "change_message": "A\u00f1adido."}}, {"model": "admin.logentry", "pk": 6, "fields": {"action_time": "2017-06-05T18:12:04.659Z", "user": 1, "content_type": 27, "object_id": "1", "object_repr": "Jorge Sanchez Mendoza", "action_flag": 2, "change_message": "Modificado/a nombres, apellido_paterno, apellido_materno, dni y telefono."}}, {"model": "admin.logentry", "pk": 7, "fields": {"action_time": "2017-06-05T23:22:18.230Z", "user": 1, "content_type": 27, "object_id": "2", "object_repr": "Rosario Rey Quispe", "action_flag": 3, "change_message": ""}}, {"model": "admin.logentry", "pk": 8, "fields": {"action_time": "2017-06-05T23:22:18.842Z", "user": 1, "content_type": 27, "object_id": "1", "object_repr": "Jorge Sanchez Mendoza", "action_flag": 3, "change_message": ""}}, {"model": "admin.logentry", "pk": 9, "fields": {"action_time": "2017-06-07T18:00:43.493Z", "user": 2, "content_type": 43, "object_id": "1", "object_repr": "CaraDental object", "action_flag": 1, "change_message": "A\u00f1adido."}}, {"model": "admin.logentry", "pk": 10, "fields": {"action_time": "2017-06-07T18:01:06.430Z", "user": 2, "content_type": 43, "object_id": "2", "object_repr": "CaraDental object", "action_flag": 1, "change_message": "A\u00f1adido."}}, {"model": "admin.logentry", "pk": 11, "fields": {"action_time": "2017-06-07T18:01:22.610Z", "user": 2, "content_type": 43, "object_id": "3", "object_repr": "CaraDental object", "action_flag": 1, "change_message": "A\u00f1adido."}}, {"model": "admin.logentry", "pk": 12, "fields": {"action_time": "2017-06-07T18:01:42.170Z", "user": 2, "content_type": 43, "object_id": "4", "object_repr": "CaraDental object", "action_flag": 1, "change_message": "A\u00f1adido."}}, {"model": "admin.logentry", "pk": 13, "fields": {"action_time": "2017-06-07T18:01:59.186Z", "user": 2, "content_type": 43, "object_id": "5", "object_repr": "CaraDental object", "action_flag": 1, "change_message": "A\u00f1adido."}}, {"model": "admin.logentry", "pk": 14, "fields": {"action_time": "2017-06-07T18:02:13.711Z", "user": 2, "content_type": 43, "object_id": "6", "object_repr": "CaraDental object", "action_flag": 1, "change_message": "A\u00f1adido."}}, {"model": "admin.logentry", "pk": 15, "fields": {"action_time": "2017-06-07T18:15:00.001Z", "user": 2, "content_type": 44, "object_id": "1", "object_repr": "Sano", "action_flag": 1, "change_message": "A\u00f1adido."}}, {"model": "admin.logentry", "pk": 16, "fields": {"action_time": "2017-06-07T18:15:13.392Z", "user": 2, "content_type": 44, "object_id": "2", "object_repr": "Caries", "action_flag": 1, "change_message": "A\u00f1adido."}}, {"model": "admin.logentry", "pk": 17, "fields": {"action_time": "2017-06-07T18:15:23.963Z", "user": 2, "content_type": 44, "object_id": "3", "object_repr": "Sellante", "action_flag": 1, "change_message": "A\u00f1adido."}}, {"model": "admin.logentry", "pk": 18, "fields": {"action_time": "2017-06-07T18:15:34.510Z", "user": 2, "content_type": 44, "object_id": "4", "object_repr": "Composite", "action_flag": 1, "change_message": "A\u00f1adido."}}, {"model": "admin.logentry", "pk": 19, "fields": {"action_time": "2017-06-07T18:15:54Z", "user": 2, "content_type": 44, "object_id": "5", "object_repr": "Pieza Ausente", "action_flag": 1, "change_message": "A\u00f1adido."}}, {"model": "admin.logentry", "pk": 20, "fields": {"action_time": "2017-06-07T18:32:54.184Z", "user": 2, "content_type": 45, "object_id": "1", "object_repr": "In - i", "action_flag": 1, "change_message": "Added."}}, {"model": "admin.logentry", "pk": 21, "fields": {"action_time": "2017-06-07T18:34:24.400Z", "user": 2, "content_type": 45, "object_id": "2", "object_repr": "gfdfg - dfg", "action_flag": 1, "change_message": "Added."}}, {"model": "admin.logentry", "pk": 22, "fields": {"action_time": "2017-06-07T18:36:20.427Z", "user": 2, "content_type": 45, "object_id": "2", "object_repr": "Incisivo Central Superior Derecho - 1.1", "action_flag": 2, "change_message": "Changed nombre, abrev, orden, cara_2, cara_3 and cara_4."}}, {"model": "admin.logentry", "pk": 23, "fields": {"action_time": "2017-06-07T18:39:30.889Z", "user": 2, "content_type": 45, "object_id": "1", "object_repr": "Incisivo lateral Superior Derecho - 1.2", "action_flag": 2, "change_message": "Changed nombre, abrev, orden, imagen, cara_1 and cara_2."}}, {"model": "admin.logentry", "pk": 24, "fields": {"action_time": "2017-06-08T10:38:14.358Z", "user": 2, "content_type": 45, "object_id": "2", "object_repr": "Incisivo Central Superior Derecho - 1.1", "action_flag": 2, "change_message": "Changed imagen."}}, {"model": "admin.logentry", "pk": 25, "fields": {"action_time": "2017-06-08T10:44:23.977Z", "user": 2, "content_type": 45, "object_id": "2", "object_repr": "Incisivo Central Superior Derecho - 1.1", "action_flag": 2, "change_message": "No fields changed."}}, {"model": "admin.logentry", "pk": 26, "fields": {"action_time": "2017-06-08T10:46:53.905Z", "user": 2, "content_type": 45, "object_id": "3", "object_repr": "Pieza 2.1 - 2.1", "action_flag": 1, "change_message": "Added."}}, {"model": "admin.logentry", "pk": 27, "fields": {"action_time": "2017-06-08T10:47:38.344Z", "user": 2, "content_type": 45, "object_id": "2", "object_repr": "Incisivo Central Superior Derecho - 1.1", "action_flag": 2, "change_message": "Changed imagen."}}, {"model": "admin.logentry", "pk": 28, "fields": {"action_time": "2017-06-08T10:47:45.205Z", "user": 2, "content_type": 45, "object_id": "1", "object_repr": "Incisivo lateral Superior Derecho - 1.2", "action_flag": 2, "change_message": "Changed imagen."}}, {"model": "admin.logentry", "pk": 29, "fields": {"action_time": "2017-06-08T10:48:49.508Z", "user": 2, "content_type": 45, "object_id": "2", "object_repr": "Incisivo Central Superior Derecho - 1.1", "action_flag": 2, "change_message": "Changed imagen."}}, {"model": "admin.logentry", "pk": 30, "fields": {"action_time": "2017-06-08T10:49:37.531Z", "user": 2, "content_type": 45, "object_id": "1", "object_repr": "Incisivo lateral Superior Derecho - 1.2", "action_flag": 2, "change_message": "Changed imagen."}}, {"model": "admin.logentry", "pk": 31, "fields": {"action_time": "2017-06-08T10:50:40.912Z", "user": 2, "content_type": 45, "object_id": "4", "object_repr": "Pieza 2.2 - 2.2", "action_flag": 1, "change_message": "Added."}}, {"model": "admin.logentry", "pk": 32, "fields": {"action_time": "2017-06-08T10:51:33.954Z", "user": 2, "content_type": 45, "object_id": "5", "object_repr": "Pieza 5.1 - 5.1", "action_flag": 1, "change_message": "Added."}}, {"model": "admin.logentry", "pk": 33, "fields": {"action_time": "2017-06-08T10:52:42.147Z", "user": 2, "content_type": 45, "object_id": "6", "object_repr": "Pieza 5.2 - 5.2", "action_flag": 1, "change_message": "Added."}}, {"model": "admin.logentry", "pk": 34, "fields": {"action_time": "2017-06-08T10:54:51.880Z", "user": 2, "content_type": 43, "object_id": "7", "object_repr": "Ling\u00fcal - L", "action_flag": 1, "change_message": "Added."}}, {"model": "admin.logentry", "pk": 35, "fields": {"action_time": "2017-06-08T10:55:57.412Z", "user": 2, "content_type": 45, "object_id": "7", "object_repr": "Pieza 6.1 - 6.1", "action_flag": 1, "change_message": "Added."}}, {"model": "admin.logentry", "pk": 36, "fields": {"action_time": "2017-06-08T10:56:38.472Z", "user": 2, "content_type": 45, "object_id": "8", "object_repr": "Pieza 6.2 - 6.2", "action_flag": 1, "change_message": "Added."}}, {"model": "admin.logentry", "pk": 37, "fields": {"action_time": "2017-06-08T10:57:30.223Z", "user": 2, "content_type": 45, "object_id": "9", "object_repr": "Pieza 8.1 - 8.1", "action_flag": 1, "change_message": "Added."}}, {"model": "admin.logentry", "pk": 38, "fields": {"action_time": "2017-06-08T10:58:08.777Z", "user": 2, "content_type": 45, "object_id": "10", "object_repr": "Pieza 8.2 - 8.2", "action_flag": 1, "change_message": "Added."}}, {"model": "admin.logentry", "pk": 39, "fields": {"action_time": "2017-06-08T10:58:56.680Z", "user": 2, "content_type": 45, "object_id": "11", "object_repr": "Pieza 7.1 - 7.1", "action_flag": 1, "change_message": "Added."}}, {"model": "admin.logentry", "pk": 40, "fields": {"action_time": "2017-06-08T10:59:33.495Z", "user": 2, "content_type": 45, "object_id": "12", "object_repr": "Pieza 7.2 - 7.2", "action_flag": 1, "change_message": "Added."}}, {"model": "admin.logentry", "pk": 41, "fields": {"action_time": "2017-06-08T11:00:13.893Z", "user": 2, "content_type": 45, "object_id": "13", "object_repr": "Pieza 4.2 - 4.2", "action_flag": 1, "change_message": "Added."}}, {"model": "admin.logentry", "pk": 42, "fields": {"action_time": "2017-06-08T11:00:50.899Z", "user": 2, "content_type": 45, "object_id": "14", "object_repr": "Pieza 4.1 - 4.1", "action_flag": 1, "change_message": "Added."}}, {"model": "admin.logentry", "pk": 43, "fields": {"action_time": "2017-06-08T11:01:27.630Z", "user": 2, "content_type": 45, "object_id": "15", "object_repr": "Pieza 3.1 - 1", "action_flag": 1, "change_message": "Added."}}, {"model": "admin.logentry", "pk": 44, "fields": {"action_time": "2017-06-08T11:02:01.680Z", "user": 2, "content_type": 45, "object_id": "16", "object_repr": "Pieza 3.2 - 3.2", "action_flag": 1, "change_message": "Added."}}, {"model": "admin.logentry", "pk": 45, "fields": {"action_time": "2017-06-08T11:02:28.052Z", "user": 2, "content_type": 45, "object_id": "4", "object_repr": "Pieza 2.2 - 2.2", "action_flag": 2, "change_message": "Changed cuadrante."}}, {"model": "admin.logentry", "pk": 46, "fields": {"action_time": "2017-06-08T11:32:27.583Z", "user": 2, "content_type": 28, "object_id": "5", "object_repr": "49586705", "action_flag": 3, "change_message": ""}}, {"model": "admin.logentry", "pk": 47, "fields": {"action_time": "2017-06-08T11:34:34.811Z", "user": 2, "content_type": 28, "object_id": "6", "object_repr": "49586705", "action_flag": 3, "change_message": ""}}, {"model": "admin.logentry", "pk": 48, "fields": {"action_time": "2017-06-08T11:34:35.220Z", "user": 2, "content_type": 46, "object_id": "1", "object_repr": "Odontograma object", "action_flag": 3, "change_message": ""}}, {"model": "admin.logentry", "pk": 49, "fields": {"action_time": "2017-06-08T13:37:44.825Z", "user": 2, "content_type": 45, "object_id": "15", "object_repr": "Pieza 3.1 - 3.1", "action_flag": 2, "change_message": "Modificado/a abrev."}}, {"model": "admin.logentry", "pk": 50, "fields": {"action_time": "2017-06-08T14:42:48.757Z", "user": 2, "content_type": 44, "object_id": "1", "object_repr": "Sano", "action_flag": 2, "change_message": "Modificado/a css_class y orden."}}, {"model": "admin.logentry", "pk": 51, "fields": {"action_time": "2017-06-08T14:42:59.612Z", "user": 2, "content_type": 44, "object_id": "2", "object_repr": "Caries", "action_flag": 2, "change_message": "Modificado/a css_class y orden."}}, {"model": "admin.logentry", "pk": 52, "fields": {"action_time": "2017-06-08T14:43:14.147Z", "user": 2, "content_type": 44, "object_id": "3", "object_repr": "Sellante", "action_flag": 2, "change_message": "Modificado/a css_class y orden."}}, {"model": "admin.logentry", "pk": 53, "fields": {"action_time": "2017-06-08T14:43:26.060Z", "user": 2, "content_type": 44, "object_id": "4", "object_repr": "Composite", "action_flag": 2, "change_message": "Modificado/a css_class y orden."}}, {"model": "admin.logentry", "pk": 54, "fields": {"action_time": "2017-06-08T14:43:36.083Z", "user": 2, "content_type": 44, "object_id": "5", "object_repr": "Pieza Ausente", "action_flag": 2, "change_message": "Modificado/a css_class y orden."}}, {"model": "admin.logentry", "pk": 55, "fields": {"action_time": "2017-06-08T17:01:17.387Z", "user": 2, "content_type": 45, "object_id": "16", "object_repr": "Pieza 3.2 - 3.2", "action_flag": 2, "change_message": "Changed imagen."}}, {"model": "admin.logentry", "pk": 56, "fields": {"action_time": "2017-06-08T18:14:21.864Z", "user": 2, "content_type": 27, "object_id": "5", "object_repr": "Arnold Fernandez Martinez", "action_flag": 3, "change_message": ""}}, {"model": "admin.logentry", "pk": 57, "fields": {"action_time": "2017-06-08T18:14:21.870Z", "user": 2, "content_type": 27, "object_id": "4", "object_repr": "Jhonatan Maldonado Perez", "action_flag": 3, "change_message": ""}}, {"model": "admin.logentry", "pk": 58, "fields": {"action_time": "2017-06-09T00:08:27.726Z", "user": 1, "content_type": 45, "object_id": "17", "object_repr": "Pieza 1.3 - 1.3", "action_flag": 1, "change_message": "A\u00f1adido."}}, {"model": "admin.logentry", "pk": 59, "fields": {"action_time": "2017-06-09T00:11:46.012Z", "user": 1, "content_type": 45, "object_id": "18", "object_repr": "Pieza 1.4 - 1.4", "action_flag": 1, "change_message": "A\u00f1adido."}}, {"model": "admin.logentry", "pk": 60, "fields": {"action_time": "2017-06-09T00:12:42.531Z", "user": 1, "content_type": 45, "object_id": "19", "object_repr": "Pieza 1.5 - 1.5", "action_flag": 1, "change_message": "A\u00f1adido."}}, {"model": "admin.logentry", "pk": 61, "fields": {"action_time": "2017-06-09T00:13:47.459Z", "user": 1, "content_type": 45, "object_id": "20", "object_repr": "Pieza 1.6 - 1.6", "action_flag": 1, "change_message": "A\u00f1adido."}}, {"model": "admin.logentry", "pk": 62, "fields": {"action_time": "2017-06-09T00:14:27.501Z", "user": 1, "content_type": 45, "object_id": "21", "object_repr": "Pieza 1.7 - 1.7", "action_flag": 1, "change_message": "A\u00f1adido."}}, {"model": "admin.logentry", "pk": 63, "fields": {"action_time": "2017-06-09T00:15:13.585Z", "user": 1, "content_type": 45, "object_id": "22", "object_repr": "Pieza 1.8 - 1.8", "action_flag": 1, "change_message": "A\u00f1adido."}}, {"model": "admin.logentry", "pk": 64, "fields": {"action_time": "2017-06-09T00:49:52.333Z", "user": 1, "content_type": 45, "object_id": "23", "object_repr": "Pieza 2.3 - 2.3", "action_flag": 1, "change_message": "A\u00f1adido."}}, {"model": "admin.logentry", "pk": 65, "fields": {"action_time": "2017-06-09T00:50:33.807Z", "user": 1, "content_type": 45, "object_id": "24", "object_repr": "Pieza 2.4 - 2.4", "action_flag": 1, "change_message": "A\u00f1adido."}}, {"model": "admin.logentry", "pk": 66, "fields": {"action_time": "2017-06-09T00:51:18.658Z", "user": 1, "content_type": 45, "object_id": "25", "object_repr": "Pieza 2.5 - 2.5", "action_flag": 1, "change_message": "A\u00f1adido."}}, {"model": "admin.logentry", "pk": 67, "fields": {"action_time": "2017-06-09T00:52:44.369Z", "user": 1, "content_type": 45, "object_id": "26", "object_repr": "Pieza 2.6 - 2.6", "action_flag": 1, "change_message": "A\u00f1adido."}}, {"model": "admin.logentry", "pk": 68, "fields": {"action_time": "2017-06-09T00:53:50.567Z", "user": 1, "content_type": 45, "object_id": "27", "object_repr": "Pieza 2.7 - 2.7", "action_flag": 1, "change_message": "A\u00f1adido."}}, {"model": "admin.logentry", "pk": 69, "fields": {"action_time": "2017-06-09T00:55:04.744Z", "user": 1, "content_type": 45, "object_id": "28", "object_repr": "Pieza 2.8 - 2.8", "action_flag": 1, "change_message": "A\u00f1adido."}}, {"model": "admin.logentry", "pk": 70, "fields": {"action_time": "2017-06-09T00:57:38.288Z", "user": 1, "content_type": 45, "object_id": "29", "object_repr": "Pieza 5.3 - 5.3", "action_flag": 1, "change_message": "A\u00f1adido."}}, {"model": "admin.logentry", "pk": 71, "fields": {"action_time": "2017-06-09T01:02:41.383Z", "user": 1, "content_type": 45, "object_id": "30", "object_repr": "Pieza 5.4 - 5.4", "action_flag": 1, "change_message": "A\u00f1adido."}}, {"model": "admin.logentry", "pk": 72, "fields": {"action_time": "2017-06-09T01:03:41.546Z", "user": 1, "content_type": 45, "object_id": "31", "object_repr": "Pieza 5.5 - 5.5", "action_flag": 1, "change_message": "A\u00f1adido."}}, {"model": "admin.logentry", "pk": 73, "fields": {"action_time": "2017-06-09T01:05:19.299Z", "user": 1, "content_type": 45, "object_id": "32", "object_repr": "Pieza 6.3 - 6.3", "action_flag": 1, "change_message": "A\u00f1adido."}}, {"model": "admin.logentry", "pk": 74, "fields": {"action_time": "2017-06-09T01:06:10.995Z", "user": 1, "content_type": 45, "object_id": "33", "object_repr": "Pieza 6.4 - 6.4", "action_flag": 1, "change_message": "A\u00f1adido."}}, {"model": "admin.logentry", "pk": 75, "fields": {"action_time": "2017-06-09T01:06:49.999Z", "user": 1, "content_type": 45, "object_id": "34", "object_repr": "Pieza 6.5 - 6.5", "action_flag": 1, "change_message": "A\u00f1adido."}}, {"model": "admin.logentry", "pk": 76, "fields": {"action_time": "2017-06-09T01:10:04.323Z", "user": 1, "content_type": 45, "object_id": "35", "object_repr": "Pieza 8.3 - 8.3", "action_flag": 1, "change_message": "A\u00f1adido."}}, {"model": "admin.logentry", "pk": 77, "fields": {"action_time": "2017-06-09T01:11:40.678Z", "user": 1, "content_type": 45, "object_id": "36", "object_repr": "Pieza 8.4 - 8.4", "action_flag": 1, "change_message": "A\u00f1adido."}}, {"model": "admin.logentry", "pk": 78, "fields": {"action_time": "2017-06-09T01:12:40.731Z", "user": 1, "content_type": 45, "object_id": "37", "object_repr": "Pieza 8.5 - 8.5", "action_flag": 1, "change_message": "A\u00f1adido."}}, {"model": "admin.logentry", "pk": 79, "fields": {"action_time": "2017-06-09T01:15:06.969Z", "user": 1, "content_type": 45, "object_id": "38", "object_repr": "Pieza 7.3 - 7.3", "action_flag": 1, "change_message": "A\u00f1adido."}}, {"model": "admin.logentry", "pk": 80, "fields": {"action_time": "2017-06-09T01:16:47.533Z", "user": 1, "content_type": 45, "object_id": "39", "object_repr": "Pieza 7.4 - 7.4", "action_flag": 1, "change_message": "A\u00f1adido."}}, {"model": "admin.logentry", "pk": 81, "fields": {"action_time": "2017-06-09T01:18:05.694Z", "user": 1, "content_type": 45, "object_id": "40", "object_repr": "Pieza 7.5 - 7.5", "action_flag": 1, "change_message": "A\u00f1adido."}}, {"model": "admin.logentry", "pk": 82, "fields": {"action_time": "2017-06-09T01:20:58.429Z", "user": 1, "content_type": 45, "object_id": "41", "object_repr": "Pieza 4.3 - 4.3", "action_flag": 1, "change_message": "A\u00f1adido."}}, {"model": "admin.logentry", "pk": 83, "fields": {"action_time": "2017-06-09T01:22:28.447Z", "user": 1, "content_type": 45, "object_id": "42", "object_repr": "Pieza 4.4 - 4.4", "action_flag": 1, "change_message": "A\u00f1adido."}}, {"model": "admin.logentry", "pk": 84, "fields": {"action_time": "2017-06-09T01:23:25.292Z", "user": 1, "content_type": 45, "object_id": "43", "object_repr": "Pieza 4.5 - 4.5", "action_flag": 1, "change_message": "A\u00f1adido."}}, {"model": "admin.logentry", "pk": 85, "fields": {"action_time": "2017-06-09T01:24:30.435Z", "user": 1, "content_type": 45, "object_id": "44", "object_repr": "Pieza 4.6 - 4.6", "action_flag": 1, "change_message": "A\u00f1adido."}}, {"model": "admin.logentry", "pk": 86, "fields": {"action_time": "2017-06-09T01:25:53.910Z", "user": 1, "content_type": 45, "object_id": "45", "object_repr": "Pieza 4.7 - 4.7", "action_flag": 1, "change_message": "A\u00f1adido."}}, {"model": "admin.logentry", "pk": 87, "fields": {"action_time": "2017-06-09T01:26:51.777Z", "user": 1, "content_type": 45, "object_id": "46", "object_repr": "Pieza 4.8 - 4.8", "action_flag": 1, "change_message": "A\u00f1adido."}}, {"model": "admin.logentry", "pk": 88, "fields": {"action_time": "2017-06-09T01:29:11.895Z", "user": 1, "content_type": 45, "object_id": "47", "object_repr": "Pieza 3.3 - 3.3", "action_flag": 1, "change_message": "A\u00f1adido."}}, {"model": "admin.logentry", "pk": 89, "fields": {"action_time": "2017-06-09T01:33:25.464Z", "user": 1, "content_type": 45, "object_id": "48", "object_repr": "Pieza 3.4 - 3.4", "action_flag": 1, "change_message": "A\u00f1adido."}}, {"model": "admin.logentry", "pk": 90, "fields": {"action_time": "2017-06-09T01:34:19.973Z", "user": 1, "content_type": 45, "object_id": "49", "object_repr": "Pieza 3.5 - 3.5", "action_flag": 1, "change_message": "A\u00f1adido."}}, {"model": "admin.logentry", "pk": 91, "fields": {"action_time": "2017-06-09T01:35:28.565Z", "user": 1, "content_type": 45, "object_id": "50", "object_repr": "Pieza 3.6 - 3.6", "action_flag": 1, "change_message": "A\u00f1adido."}}, {"model": "admin.logentry", "pk": 92, "fields": {"action_time": "2017-06-09T01:36:53.670Z", "user": 1, "content_type": 45, "object_id": "51", "object_repr": "Pieza 3.7 - 3.7", "action_flag": 1, "change_message": "A\u00f1adido."}}, {"model": "admin.logentry", "pk": 93, "fields": {"action_time": "2017-06-09T01:38:10.799Z", "user": 1, "content_type": 45, "object_id": "52", "object_repr": "Pieza 3.8 - 3.8", "action_flag": 1, "change_message": "A\u00f1adido."}}, {"model": "admin.logentry", "pk": 94, "fields": {"action_time": "2017-06-09T02:09:43.709Z", "user": 2, "content_type": 45, "object_id": "47", "object_repr": "Pieza 3.3 - 3.3", "action_flag": 2, "change_message": "Changed imagen."}}, {"model": "admin.logentry", "pk": 95, "fields": {"action_time": "2017-06-09T04:04:57.697Z", "user": 1, "content_type": 45, "object_id": "29", "object_repr": "Pieza 5.3 - 5.3", "action_flag": 2, "change_message": "No ha cambiado ning\u00fan campo."}}, {"model": "admin.logentry", "pk": 96, "fields": {"action_time": "2017-06-09T04:05:37.390Z", "user": 1, "content_type": 45, "object_id": "30", "object_repr": "Pieza 5.4 - 5.4", "action_flag": 2, "change_message": "No ha cambiado ning\u00fan campo."}}, {"model": "admin.logentry", "pk": 97, "fields": {"action_time": "2017-06-09T04:06:10.252Z", "user": 1, "content_type": 45, "object_id": "31", "object_repr": "Pieza 5.5 - 5.5", "action_flag": 2, "change_message": "No ha cambiado ning\u00fan campo."}}, {"model": "admin.logentry", "pk": 98, "fields": {"action_time": "2017-06-09T04:08:11.855Z", "user": 1, "content_type": 45, "object_id": "31", "object_repr": "Pieza 5.5 - 5.5", "action_flag": 2, "change_message": "No ha cambiado ning\u00fan campo."}}, {"model": "admin.logentry", "pk": 99, "fields": {"action_time": "2017-06-09T04:32:08.728Z", "user": 1, "content_type": 42, "object_id": "2", "object_repr": "Alex", "action_flag": 1, "change_message": "A\u00f1adido."}}, {"model": "admin.logentry", "pk": 100, "fields": {"action_time": "2017-06-09T05:43:25.455Z", "user": 1, "content_type": 45, "object_id": "29", "object_repr": "Pieza 5.3 - 5.3", "action_flag": 2, "change_message": "Modificado/a tipo."}}, {"model": "admin.logentry", "pk": 101, "fields": {"action_time": "2017-06-09T05:43:38.590Z", "user": 1, "content_type": 45, "object_id": "30", "object_repr": "Pieza 5.4 - 5.4", "action_flag": 2, "change_message": "No ha cambiado ning\u00fan campo."}}, {"model": "admin.logentry", "pk": 102, "fields": {"action_time": "2017-06-09T05:43:51.545Z", "user": 1, "content_type": 45, "object_id": "30", "object_repr": "Pieza 5.4 - 5.4", "action_flag": 2, "change_message": "Modificado/a tipo."}}, {"model": "admin.logentry", "pk": 103, "fields": {"action_time": "2017-06-09T05:44:07.438Z", "user": 1, "content_type": 45, "object_id": "31", "object_repr": "Pieza 5.5 - 5.5", "action_flag": 2, "change_message": "Modificado/a tipo."}}, {"model": "admin.logentry", "pk": 104, "fields": {"action_time": "2017-06-09T05:49:36.587Z", "user": 1, "content_type": 45, "object_id": "32", "object_repr": "Pieza 6.3 - 6.3", "action_flag": 2, "change_message": "Modificado/a tipo."}}, {"model": "admin.logentry", "pk": 105, "fields": {"action_time": "2017-06-09T05:50:04.616Z", "user": 1, "content_type": 45, "object_id": "33", "object_repr": "Pieza 6.4 - 6.4", "action_flag": 2, "change_message": "Modificado/a tipo."}}, {"model": "admin.logentry", "pk": 106, "fields": {"action_time": "2017-06-09T05:51:17.409Z", "user": 1, "content_type": 45, "object_id": "34", "object_repr": "Pieza 6.5 - 6.5", "action_flag": 2, "change_message": "Modificado/a tipo."}}, {"model": "admin.logentry", "pk": 107, "fields": {"action_time": "2017-06-09T05:51:58.869Z", "user": 1, "content_type": 45, "object_id": "32", "object_repr": "Pieza 6.3 - 6.3", "action_flag": 2, "change_message": "Modificado/a tipo."}}, {"model": "admin.logentry", "pk": 108, "fields": {"action_time": "2017-06-09T05:53:04.031Z", "user": 1, "content_type": 45, "object_id": "35", "object_repr": "Pieza 8.3 - 8.3", "action_flag": 2, "change_message": "Modificado/a tipo."}}, {"model": "admin.logentry", "pk": 109, "fields": {"action_time": "2017-06-09T05:54:26.203Z", "user": 1, "content_type": 45, "object_id": "35", "object_repr": "Pieza 8.3 - 8.3", "action_flag": 2, "change_message": "No ha cambiado ning\u00fan campo."}}, {"model": "admin.logentry", "pk": 110, "fields": {"action_time": "2017-06-09T05:54:56.492Z", "user": 1, "content_type": 45, "object_id": "36", "object_repr": "Pieza 8.4 - 8.4", "action_flag": 2, "change_message": "Modificado/a tipo."}}, {"model": "admin.logentry", "pk": 111, "fields": {"action_time": "2017-06-09T05:56:00.369Z", "user": 1, "content_type": 45, "object_id": "40", "object_repr": "Pieza 7.5 - 7.5", "action_flag": 2, "change_message": "Modificado/a tipo."}}, {"model": "admin.logentry", "pk": 112, "fields": {"action_time": "2017-06-09T05:56:15.964Z", "user": 1, "content_type": 45, "object_id": "39", "object_repr": "Pieza 7.4 - 7.4", "action_flag": 2, "change_message": "Modificado/a tipo."}}, {"model": "admin.logentry", "pk": 113, "fields": {"action_time": "2017-06-09T05:56:29.653Z", "user": 1, "content_type": 45, "object_id": "38", "object_repr": "Pieza 7.3 - 7.3", "action_flag": 2, "change_message": "Modificado/a tipo."}}, {"model": "admin.logentry", "pk": 114, "fields": {"action_time": "2017-06-09T05:56:51.966Z", "user": 2, "content_type": 45, "object_id": "38", "object_repr": "Pieza 7.3 - 7.3", "action_flag": 2, "change_message": "No fields changed."}}, {"model": "admin.logentry", "pk": 115, "fields": {"action_time": "2017-06-09T05:57:17.113Z", "user": 1, "content_type": 45, "object_id": "37", "object_repr": "Pieza 8.5 - 8.5", "action_flag": 2, "change_message": "Modificado/a tipo."}}, {"model": "admin.logentry", "pk": 116, "fields": {"action_time": "2017-06-09T05:57:32.030Z", "user": 1, "content_type": 45, "object_id": "36", "object_repr": "Pieza 8.4 - 8.4", "action_flag": 2, "change_message": "No ha cambiado ning\u00fan campo."}}, {"model": "admin.logentry", "pk": 117, "fields": {"action_time": "2017-06-09T05:57:44.790Z", "user": 1, "content_type": 45, "object_id": "35", "object_repr": "Pieza 8.3 - 8.3", "action_flag": 2, "change_message": "No ha cambiado ning\u00fan campo."}}, {"model": "admin.logentry", "pk": 118, "fields": {"action_time": "2017-06-09T05:57:46.775Z", "user": 2, "content_type": 45, "object_id": "38", "object_repr": "Pieza 7.3 - 7.3", "action_flag": 2, "change_message": "Changed cuadrante."}}, {"model": "admin.logentry", "pk": 119, "fields": {"action_time": "2017-06-09T05:57:51.307Z", "user": 2, "content_type": 45, "object_id": "39", "object_repr": "Pieza 7.4 - 7.4", "action_flag": 2, "change_message": "Changed cuadrante."}}, {"model": "admin.logentry", "pk": 120, "fields": {"action_time": "2017-06-09T05:57:56.281Z", "user": 2, "content_type": 45, "object_id": "40", "object_repr": "Pieza 7.5 - 7.5", "action_flag": 2, "change_message": "Changed cuadrante."}}, {"model": "admin.logentry", "pk": 121, "fields": {"action_time": "2017-06-09T05:58:03.659Z", "user": 2, "content_type": 45, "object_id": "12", "object_repr": "Pieza 7.2 - 7.2", "action_flag": 2, "change_message": "Changed cuadrante."}}, {"model": "admin.logentry", "pk": 122, "fields": {"action_time": "2017-06-09T05:58:04.868Z", "user": 1, "content_type": 45, "object_id": "34", "object_repr": "Pieza 6.5 - 6.5", "action_flag": 2, "change_message": "No ha cambiado ning\u00fan campo."}}, {"model": "admin.logentry", "pk": 123, "fields": {"action_time": "2017-06-09T05:58:08.119Z", "user": 2, "content_type": 45, "object_id": "11", "object_repr": "Pieza 7.1 - 7.1", "action_flag": 2, "change_message": "Changed cuadrante."}}, {"model": "admin.logentry", "pk": 124, "fields": {"action_time": "2017-06-09T05:58:24.295Z", "user": 2, "content_type": 45, "object_id": "9", "object_repr": "Pieza 8.1 - 8.1", "action_flag": 2, "change_message": "Changed cuadrante."}}, {"model": "admin.logentry", "pk": 125, "fields": {"action_time": "2017-06-09T05:58:30.522Z", "user": 2, "content_type": 45, "object_id": "10", "object_repr": "Pieza 8.2 - 8.2", "action_flag": 2, "change_message": "Changed cuadrante."}}, {"model": "admin.logentry", "pk": 126, "fields": {"action_time": "2017-06-09T05:58:37.098Z", "user": 2, "content_type": 45, "object_id": "37", "object_repr": "Pieza 8.5 - 8.5", "action_flag": 2, "change_message": "Changed cuadrante."}}, {"model": "admin.logentry", "pk": 127, "fields": {"action_time": "2017-06-09T05:58:42.902Z", "user": 2, "content_type": 45, "object_id": "36", "object_repr": "Pieza 8.4 - 8.4", "action_flag": 2, "change_message": "Changed cuadrante."}}, {"model": "admin.logentry", "pk": 128, "fields": {"action_time": "2017-06-09T05:58:47.747Z", "user": 2, "content_type": 45, "object_id": "35", "object_repr": "Pieza 8.3 - 8.3", "action_flag": 2, "change_message": "Changed cuadrante."}}, {"model": "admin.logentry", "pk": 129, "fields": {"action_time": "2017-06-09T05:59:34.071Z", "user": 2, "content_type": 45, "object_id": "32", "object_repr": "Pieza 6.3 - 6.3", "action_flag": 2, "change_message": "Changed tipo."}}, {"model": "admin.logentry", "pk": 130, "fields": {"action_time": "2017-06-09T06:00:03.580Z", "user": 1, "content_type": 45, "object_id": "32", "object_repr": "Pieza 6.3 - 6.3", "action_flag": 2, "change_message": "No ha cambiado ning\u00fan campo."}}, {"model": "admin.logentry", "pk": 131, "fields": {"action_time": "2017-06-09T06:01:58.213Z", "user": 2, "content_type": 45, "object_id": "52", "object_repr": "Pieza 3.8 - 3.8", "action_flag": 2, "change_message": "Changed cuadrante."}}, {"model": "admin.logentry", "pk": 132, "fields": {"action_time": "2017-06-09T06:02:08.542Z", "user": 2, "content_type": 45, "object_id": "51", "object_repr": "Pieza 3.7 - 3.7", "action_flag": 2, "change_message": "Changed cuadrante."}}, {"model": "admin.logentry", "pk": 133, "fields": {"action_time": "2017-06-09T06:02:14.215Z", "user": 2, "content_type": 45, "object_id": "50", "object_repr": "Pieza 3.6 - 3.6", "action_flag": 2, "change_message": "Changed cuadrante."}}, {"model": "admin.logentry", "pk": 134, "fields": {"action_time": "2017-06-09T06:02:19.353Z", "user": 2, "content_type": 45, "object_id": "49", "object_repr": "Pieza 3.5 - 3.5", "action_flag": 2, "change_message": "Changed cuadrante."}}, {"model": "admin.logentry", "pk": 135, "fields": {"action_time": "2017-06-09T06:02:24.625Z", "user": 2, "content_type": 45, "object_id": "48", "object_repr": "Pieza 3.4 - 3.4", "action_flag": 2, "change_message": "Changed cuadrante."}}, {"model": "admin.logentry", "pk": 136, "fields": {"action_time": "2017-06-09T06:02:30.365Z", "user": 2, "content_type": 45, "object_id": "47", "object_repr": "Pieza 3.3 - 3.3", "action_flag": 2, "change_message": "Changed cuadrante."}}, {"model": "admin.logentry", "pk": 137, "fields": {"action_time": "2017-06-09T06:02:43.933Z", "user": 2, "content_type": 45, "object_id": "16", "object_repr": "Pieza 3.2 - 3.2", "action_flag": 2, "change_message": "Changed cuadrante."}}, {"model": "admin.logentry", "pk": 138, "fields": {"action_time": "2017-06-09T06:02:48.700Z", "user": 2, "content_type": 45, "object_id": "15", "object_repr": "Pieza 3.1 - 3.1", "action_flag": 2, "change_message": "Changed cuadrante."}}, {"model": "admin.logentry", "pk": 139, "fields": {"action_time": "2017-06-09T06:03:13.312Z", "user": 2, "content_type": 45, "object_id": "45", "object_repr": "Pieza 4.7 - 4.7", "action_flag": 2, "change_message": "Changed cuadrante."}}, {"model": "admin.logentry", "pk": 140, "fields": {"action_time": "2017-06-09T06:03:19.296Z", "user": 2, "content_type": 45, "object_id": "46", "object_repr": "Pieza 4.8 - 4.8", "action_flag": 2, "change_message": "Changed cuadrante."}}, {"model": "admin.logentry", "pk": 141, "fields": {"action_time": "2017-06-09T06:03:25.134Z", "user": 2, "content_type": 45, "object_id": "44", "object_repr": "Pieza 4.6 - 4.6", "action_flag": 2, "change_message": "Changed cuadrante."}}, {"model": "admin.logentry", "pk": 142, "fields": {"action_time": "2017-06-09T06:03:31.433Z", "user": 2, "content_type": 45, "object_id": "43", "object_repr": "Pieza 4.5 - 4.5", "action_flag": 2, "change_message": "Changed cuadrante."}}, {"model": "admin.logentry", "pk": 143, "fields": {"action_time": "2017-06-09T06:03:35.933Z", "user": 2, "content_type": 45, "object_id": "42", "object_repr": "Pieza 4.4 - 4.4", "action_flag": 2, "change_message": "Changed cuadrante."}}, {"model": "admin.logentry", "pk": 144, "fields": {"action_time": "2017-06-09T06:03:41.906Z", "user": 2, "content_type": 45, "object_id": "41", "object_repr": "Pieza 4.3 - 4.3", "action_flag": 2, "change_message": "Changed cuadrante."}}, {"model": "admin.logentry", "pk": 145, "fields": {"action_time": "2017-06-09T06:03:46.873Z", "user": 2, "content_type": 45, "object_id": "14", "object_repr": "Pieza 4.1 - 4.1", "action_flag": 2, "change_message": "Changed cuadrante."}}, {"model": "admin.logentry", "pk": 146, "fields": {"action_time": "2017-06-09T06:03:52.153Z", "user": 2, "content_type": 45, "object_id": "13", "object_repr": "Pieza 4.2 - 4.2", "action_flag": 2, "change_message": "Changed cuadrante."}}, {"model": "admin.logentry", "pk": 147, "fields": {"action_time": "2017-06-09T10:14:49.651Z", "user": 1, "content_type": 24, "object_id": "3", "object_repr": "Ucayali", "action_flag": 1, "change_message": "A\u00f1adido."}}, {"model": "admin.logentry", "pk": 148, "fields": {"action_time": "2017-06-09T10:15:03.654Z", "user": 1, "content_type": 24, "object_id": "4", "object_repr": "Loreto", "action_flag": 1, "change_message": "A\u00f1adido."}}, {"model": "admin.logentry", "pk": 149, "fields": {"action_time": "2017-06-09T10:15:28.374Z", "user": 1, "content_type": 24, "object_id": "5", "object_repr": "Huancayo", "action_flag": 1, "change_message": "A\u00f1adido."}}, {"model": "admin.logentry", "pk": 150, "fields": {"action_time": "2017-06-09T10:15:54.998Z", "user": 1, "content_type": 24, "object_id": "6", "object_repr": "Trujillo", "action_flag": 1, "change_message": "A\u00f1adido."}}, {"model": "admin.logentry", "pk": 151, "fields": {"action_time": "2017-06-09T10:16:49.975Z", "user": 1, "content_type": 25, "object_id": "1", "object_repr": "Lima", "action_flag": 2, "change_message": "No ha cambiado ning\u00fan campo."}}, {"model": "admin.logentry", "pk": 152, "fields": {"action_time": "2017-06-09T10:18:43.540Z", "user": 1, "content_type": 25, "object_id": "2", "object_repr": "Barranca", "action_flag": 1, "change_message": "A\u00f1adido."}}, {"model": "admin.logentry", "pk": 153, "fields": {"action_time": "2017-06-09T10:19:06.717Z", "user": 1, "content_type": 25, "object_id": "3", "object_repr": "Callao", "action_flag": 1, "change_message": "A\u00f1adido."}}, {"model": "admin.logentry", "pk": 154, "fields": {"action_time": "2017-06-09T10:20:28.466Z", "user": 1, "content_type": 25, "object_id": "4", "object_repr": "Arequipa", "action_flag": 1, "change_message": "A\u00f1adido."}}, {"model": "admin.logentry", "pk": 155, "fields": {"action_time": "2017-06-09T10:20:46.432Z", "user": 1, "content_type": 25, "object_id": "5", "object_repr": "Camana", "action_flag": 1, "change_message": "A\u00f1adido."}}, {"model": "admin.logentry", "pk": 156, "fields": {"action_time": "2017-06-09T10:21:01.807Z", "user": 1, "content_type": 25, "object_id": "6", "object_repr": "Caraveli", "action_flag": 1, "change_message": "A\u00f1adido."}}, {"model": "admin.logentry", "pk": 157, "fields": {"action_time": "2017-06-09T10:22:00.936Z", "user": 1, "content_type": 26, "object_id": "2", "object_repr": "Ancon", "action_flag": 1, "change_message": "A\u00f1adido."}}, {"model": "admin.logentry", "pk": 158, "fields": {"action_time": "2017-06-09T10:22:24.636Z", "user": 1, "content_type": 26, "object_id": "3", "object_repr": "Puente Piedra", "action_flag": 1, "change_message": "A\u00f1adido."}}, {"model": "admin.logentry", "pk": 159, "fields": {"action_time": "2017-06-09T10:22:44.236Z", "user": 1, "content_type": 26, "object_id": "4", "object_repr": "Punta negra", "action_flag": 1, "change_message": "A\u00f1adido."}}, {"model": "admin.logentry", "pk": 160, "fields": {"action_time": "2017-06-09T10:23:16.336Z", "user": 1, "content_type": 26, "object_id": "5", "object_repr": "Independencia", "action_flag": 1, "change_message": "A\u00f1adido."}}, {"model": "admin.logentry", "pk": 161, "fields": {"action_time": "2017-06-09T10:23:34.186Z", "user": 1, "content_type": 26, "object_id": "6", "object_repr": "Pachacamac", "action_flag": 1, "change_message": "A\u00f1adido."}}, {"model": "admin.logentry", "pk": 162, "fields": {"action_time": "2017-06-09T10:23:49.956Z", "user": 1, "content_type": 26, "object_id": "7", "object_repr": "Rimac", "action_flag": 1, "change_message": "A\u00f1adido."}}, {"model": "admin.logentry", "pk": 163, "fields": {"action_time": "2017-06-09T10:24:02.046Z", "user": 1, "content_type": 26, "object_id": "8", "object_repr": "La Molina", "action_flag": 1, "change_message": "A\u00f1adido."}}, {"model": "admin.logentry", "pk": 164, "fields": {"action_time": "2017-06-09T10:24:15.420Z", "user": 1, "content_type": 26, "object_id": "9", "object_repr": "La Victoria", "action_flag": 1, "change_message": "A\u00f1adido."}}, {"model": "admin.logentry", "pk": 165, "fields": {"action_time": "2017-06-09T10:24:42.726Z", "user": 1, "content_type": 26, "object_id": "10", "object_repr": "Paramonga", "action_flag": 1, "change_message": "A\u00f1adido."}}, {"model": "admin.logentry", "pk": 166, "fields": {"action_time": "2017-06-09T10:24:55.024Z", "user": 1, "content_type": 26, "object_id": "11", "object_repr": "Pativilca", "action_flag": 1, "change_message": "A\u00f1adido."}}, {"model": "admin.logentry", "pk": 167, "fields": {"action_time": "2017-06-09T10:25:06.926Z", "user": 1, "content_type": 26, "object_id": "12", "object_repr": "Supe", "action_flag": 1, "change_message": "A\u00f1adido."}}, {"model": "admin.logentry", "pk": 168, "fields": {"action_time": "2017-06-09T10:25:23.102Z", "user": 1, "content_type": 26, "object_id": "13", "object_repr": "Punta", "action_flag": 1, "change_message": "A\u00f1adido."}}, {"model": "admin.logentry", "pk": 169, "fields": {"action_time": "2017-06-09T10:25:35.761Z", "user": 1, "content_type": 26, "object_id": "14", "object_repr": "Ventanilla", "action_flag": 1, "change_message": "A\u00f1adido."}}, {"model": "admin.logentry", "pk": 170, "fields": {"action_time": "2017-06-09T10:26:14.716Z", "user": 1, "content_type": 26, "object_id": "15", "object_repr": "Selva Alegre", "action_flag": 1, "change_message": "A\u00f1adido."}}, {"model": "admin.logentry", "pk": 171, "fields": {"action_time": "2017-06-09T10:26:26.372Z", "user": 1, "content_type": 26, "object_id": "16", "object_repr": "Cayma", "action_flag": 1, "change_message": "A\u00f1adido."}}, {"model": "admin.logentry", "pk": 172, "fields": {"action_time": "2017-06-09T10:26:39.703Z", "user": 1, "content_type": 26, "object_id": "17", "object_repr": "La Libertad", "action_flag": 1, "change_message": "A\u00f1adido."}}, {"model": "admin.logentry", "pk": 173, "fields": {"action_time": "2017-06-09T10:27:57.734Z", "user": 1, "content_type": 26, "object_id": "18", "object_repr": "Characoto", "action_flag": 1, "change_message": "A\u00f1adido."}}, {"model": "admin.logentry", "pk": 174, "fields": {"action_time": "2017-06-09T10:28:11.781Z", "user": 1, "content_type": 26, "object_id": "19", "object_repr": "Chiguata", "action_flag": 1, "change_message": "A\u00f1adido."}}, {"model": "admin.logentry", "pk": 175, "fields": {"action_time": "2017-06-09T10:28:35.514Z", "user": 1, "content_type": 26, "object_id": "20", "object_repr": "La Joya", "action_flag": 1, "change_message": "A\u00f1adido."}}, {"model": "admin.logentry", "pk": 176, "fields": {"action_time": "2017-06-09T10:28:52.315Z", "user": 1, "content_type": 26, "object_id": "21", "object_repr": "Mariano Melgar", "action_flag": 1, "change_message": "A\u00f1adido."}}, {"model": "admin.logentry", "pk": 177, "fields": {"action_time": "2017-06-09T10:29:09.527Z", "user": 1, "content_type": 26, "object_id": "22", "object_repr": "Camana", "action_flag": 1, "change_message": "A\u00f1adido."}}, {"model": "admin.logentry", "pk": 178, "fields": {"action_time": "2017-06-09T10:29:17.498Z", "user": 1, "content_type": 26, "object_id": "23", "object_repr": "El Cardo", "action_flag": 1, "change_message": "A\u00f1adido."}}, {"model": "admin.logentry", "pk": 179, "fields": {"action_time": "2017-06-09T10:29:27.862Z", "user": 1, "content_type": 26, "object_id": "24", "object_repr": "Urasqui", "action_flag": 1, "change_message": "A\u00f1adido."}}, {"model": "admin.logentry", "pk": 180, "fields": {"action_time": "2017-06-09T10:29:38.290Z", "user": 1, "content_type": 26, "object_id": "25", "object_repr": "San Jos\u00e9", "action_flag": 1, "change_message": "A\u00f1adido."}}, {"model": "admin.logentry", "pk": 181, "fields": {"action_time": "2017-06-09T10:29:48.320Z", "user": 1, "content_type": 26, "object_id": "26", "object_repr": "San Gregorio", "action_flag": 1, "change_message": "A\u00f1adido."}}, {"model": "admin.logentry", "pk": 182, "fields": {"action_time": "2017-06-09T10:30:02.173Z", "user": 1, "content_type": 26, "object_id": "27", "object_repr": "Caraveli", "action_flag": 1, "change_message": "A\u00f1adido."}}, {"model": "admin.logentry", "pk": 183, "fields": {"action_time": "2017-06-09T10:30:14.638Z", "user": 1, "content_type": 26, "object_id": "28", "object_repr": "Acari", "action_flag": 1, "change_message": "A\u00f1adido."}}, {"model": "admin.logentry", "pk": 184, "fields": {"action_time": "2017-06-09T10:30:35.597Z", "user": 1, "content_type": 26, "object_id": "29", "object_repr": "Atico", "action_flag": 1, "change_message": "A\u00f1adido."}}, {"model": "admin.logentry", "pk": 185, "fields": {"action_time": "2017-06-30T19:13:08.974Z", "user": 1, "content_type": 27, "object_id": "23", "object_repr": "cesia pacori quispe", "action_flag": 3, "change_message": ""}}, {"model": "admin.logentry", "pk": 186, "fields": {"action_time": "2017-06-30T19:13:55.058Z", "user": 1, "content_type": 27, "object_id": "22", "object_repr": "Yessica Apaza Moreno", "action_flag": 2, "change_message": "Modificado/a apellido_materno."}}, {"model": "admin.logentry", "pk": 187, "fields": {"action_time": "2017-08-11T16:23:20.630Z", "user": 2, "content_type": 13, "object_id": "3", "object_repr": "gomez.rd", "action_flag": 1, "change_message": "A\u00f1adido."}}, {"model": "admin.logentry", "pk": 188, "fields": {"action_time": "2017-11-06T01:49:54.994Z", "user": 1, "content_type": 27, "object_id": "25", "object_repr": "Mirian Cevallos Apaza", "action_flag": 3, "change_message": ""}}, {"model": "admin.logentry", "pk": 189, "fields": {"action_time": "2017-11-06T01:49:55.346Z", "user": 1, "content_type": 27, "object_id": "24", "object_repr": "Dante Gomez Apaza", "action_flag": 3, "change_message": ""}}, {"model": "admin.logentry", "pk": 190, "fields": {"action_time": "2017-11-06T01:50:47.043Z", "user": 1, "content_type": 27, "object_id": "22", "object_repr": "Yessica Apaza Moreno", "action_flag": 3, "change_message": ""}}, {"model": "admin.logentry", "pk": 191, "fields": {"action_time": "2017-11-06T01:50:47.398Z", "user": 1, "content_type": 27, "object_id": "17", "object_repr": "Perla Maldonado Palaci", "action_flag": 3, "change_message": ""}}, {"model": "admin.logentry", "pk": 192, "fields": {"action_time": "2017-11-06T01:50:47.743Z", "user": 1, "content_type": 27, "object_id": "16", "object_repr": "Elmer Huertas Pereyra", "action_flag": 3, "change_message": ""}}, {"model": "admin.logentry", "pk": 193, "fields": {"action_time": "2017-11-06T01:51:37.775Z", "user": 1, "content_type": 27, "object_id": "22", "object_repr": "Yessica Apaza Moreno", "action_flag": 3, "change_message": ""}}, {"model": "admin.logentry", "pk": 194, "fields": {"action_time": "2017-11-06T01:51:38.122Z", "user": 1, "content_type": 27, "object_id": "17", "object_repr": "Perla Maldonado Palaci", "action_flag": 3, "change_message": ""}}, {"model": "admin.logentry", "pk": 195, "fields": {"action_time": "2017-11-06T01:51:38.465Z", "user": 1, "content_type": 27, "object_id": "16", "object_repr": "Elmer Huertas Pereyra", "action_flag": 3, "change_message": ""}}, {"model": "admin.logentry", "pk": 196, "fields": {"action_time": "2017-11-06T01:53:22.530Z", "user": 1, "content_type": 27, "object_id": "17", "object_repr": "Perla Maldonado Palaci", "action_flag": 3, "change_message": ""}}, {"model": "admin.logentry", "pk": 197, "fields": {"action_time": "2017-11-06T01:55:47.929Z", "user": 1, "content_type": 27, "object_id": "22", "object_repr": "Yessica Apaza Moreno", "action_flag": 2, "change_message": "Modificado/a telefono."}}, {"model": "admin.logentry", "pk": 198, "fields": {"action_time": "2017-11-06T01:56:13.373Z", "user": 1, "content_type": 27, "object_id": "17", "object_repr": "Perla Maldonado Palaci", "action_flag": 2, "change_message": "Modificado/a telefono."}}, {"model": "admin.logentry", "pk": 199, "fields": {"action_time": "2017-11-06T01:56:38.570Z", "user": 1, "content_type": 27, "object_id": "17", "object_repr": "Perla Maldonado Palaci", "action_flag": 2, "change_message": "Modificado/a telefono."}}, {"model": "admin.logentry", "pk": 200, "fields": {"action_time": "2017-11-06T01:57:04.603Z", "user": 1, "content_type": 27, "object_id": "16", "object_repr": "Elmer Huertas Pereyra", "action_flag": 2, "change_message": "Modificado/a telefono."}}, {"model": "admin.logentry", "pk": 201, "fields": {"action_time": "2017-11-15T20:24:12.918Z", "user": 1, "content_type": 27, "object_id": "28", "object_repr": "Alex Azurin Pereyra", "action_flag": 3, "change_message": ""}}, {"model": "admin.logentry", "pk": 202, "fields": {"action_time": "2017-11-15T20:24:13.635Z", "user": 1, "content_type": 27, "object_id": "26", "object_repr": "Alma Azucena Rivasplata", "action_flag": 3, "change_message": ""}}, {"model": "admin.logentry", "pk": 203, "fields": {"action_time": "2017-11-15T20:24:14.250Z", "user": 1, "content_type": 27, "object_id": "22", "object_repr": "Yessica Apaza Moreno", "action_flag": 3, "change_message": ""}}, {"model": "admin.logentry", "pk": 204, "fields": {"action_time": "2017-11-15T20:24:14.967Z", "user": 1, "content_type": 27, "object_id": "21", "object_repr": "Fabiola Paja Pacori", "action_flag": 3, "change_message": ""}}, {"model": "admin.logentry", "pk": 205, "fields": {"action_time": "2017-11-15T20:24:15.581Z", "user": 1, "content_type": 27, "object_id": "19", "object_repr": "Alex Azurin Pereyra", "action_flag": 3, "change_message": ""}}, {"model": "admin.logentry", "pk": 206, "fields": {"action_time": "2017-11-15T20:24:16.196Z", "user": 1, "content_type": 27, "object_id": "18", "object_repr": "Arnold Fernand\u00e9z Blanco", "action_flag": 3, "change_message": ""}}, {"model": "admin.logentry", "pk": 207, "fields": {"action_time": "2017-11-15T20:24:16.811Z", "user": 1, "content_type": 27, "object_id": "17", "object_repr": "Perla Maldonado Palaci", "action_flag": 3, "change_message": ""}}, {"model": "admin.logentry", "pk": 208, "fields": {"action_time": "2017-11-15T20:24:17.426Z", "user": 1, "content_type": 27, "object_id": "16", "object_repr": "Elmer Huertas Pereyra", "action_flag": 3, "change_message": ""}}, {"model": "admin.logentry", "pk": 209, "fields": {"action_time": "2017-11-15T20:24:18.040Z", "user": 1, "content_type": 27, "object_id": "14", "object_repr": "Jose Arias Orezano", "action_flag": 3, "change_message": ""}}, {"model": "admin.logentry", "pk": 210, "fields": {"action_time": "2017-11-15T20:24:18.758Z", "user": 1, "content_type": 27, "object_id": "13", "object_repr": "Maria Paredes Palaci", "action_flag": 3, "change_message": ""}}, {"model": "admin.logentry", "pk": 211, "fields": {"action_time": "2017-11-15T20:24:19.373Z", "user": 1, "content_type": 27, "object_id": "12", "object_repr": "Alex Azurin Pereyra", "action_flag": 3, "change_message": ""}}, {"model": "admin.logentry", "pk": 212, "fields": {"action_time": "2017-11-15T20:24:19.987Z", "user": 1, "content_type": 27, "object_id": "11", "object_repr": "Raul Quinto Tapia", "action_flag": 3, "change_message": ""}}, {"model": "admin.logentry", "pk": 213, "fields": {"action_time": "2017-11-15T20:25:09.575Z", "user": 1, "content_type": 27, "object_id": "28", "object_repr": "Alex Azurin Pereyra", "action_flag": 3, "change_message": ""}}, {"model": "admin.logentry", "pk": 214, "fields": {"action_time": "2017-11-15T20:26:14.206Z", "user": 1, "content_type": 27, "object_id": "26", "object_repr": "Alma Azucena Rivasplata", "action_flag": 3, "change_message": ""}}, {"model": "admin.logentry", "pk": 215, "fields": {"action_time": "2017-11-15T20:26:44.522Z", "user": 1, "content_type": 27, "object_id": "22", "object_repr": "Yessica Apaza Moreno", "action_flag": 3, "change_message": ""}}, {"model": "admin.logentry", "pk": 216, "fields": {"action_time": "2017-11-15T20:26:45.126Z", "user": 1, "content_type": 27, "object_id": "21", "object_repr": "Fabiola Paja Pacori", "action_flag": 3, "change_message": ""}}, {"model": "admin.logentry", "pk": 217, "fields": {"action_time": "2017-11-15T20:27:20.891Z", "user": 1, "content_type": 27, "object_id": "19", "object_repr": "Alex Azurin Pereyra", "action_flag": 3, "change_message": ""}}, {"model": "admin.logentry", "pk": 218, "fields": {"action_time": "2017-11-15T20:27:21.481Z", "user": 1, "content_type": 27, "object_id": "18", "object_repr": "Arnold Fernand\u00e9z Blanco", "action_flag": 3, "change_message": ""}}, {"model": "admin.logentry", "pk": 219, "fields": {"action_time": "2017-11-15T20:27:53.031Z", "user": 1, "content_type": 27, "object_id": "17", "object_repr": "Perla Maldonado Palaci", "action_flag": 3, "change_message": ""}}, {"model": "admin.logentry", "pk": 220, "fields": {"action_time": "2017-11-15T20:27:53.637Z", "user": 1, "content_type": 27, "object_id": "16", "object_repr": "Elmer Huertas Pereyra", "action_flag": 3, "change_message": ""}}, {"model": "admin.logentry", "pk": 221, "fields": {"action_time": "2017-11-15T20:28:33.892Z", "user": 1, "content_type": 27, "object_id": "17", "object_repr": "Perla Maldonado Palaci", "action_flag": 3, "change_message": ""}}, {"model": "admin.logentry", "pk": 222, "fields": {"action_time": "2017-11-15T20:29:35.976Z", "user": 1, "content_type": 27, "object_id": "14", "object_repr": "Jose Arias Orezano", "action_flag": 3, "change_message": ""}}, {"model": "admin.logentry", "pk": 223, "fields": {"action_time": "2017-11-15T20:29:36.539Z", "user": 1, "content_type": 27, "object_id": "13", "object_repr": "Maria Paredes Palaci", "action_flag": 3, "change_message": ""}}, {"model": "admin.logentry", "pk": 224, "fields": {"action_time": "2017-11-15T20:30:13.002Z", "user": 1, "content_type": 27, "object_id": "14", "object_repr": "Jose Arias Orezano", "action_flag": 3, "change_message": ""}}, {"model": "admin.logentry", "pk": 225, "fields": {"action_time": "2017-11-15T20:32:08.390Z", "user": 1, "content_type": 46, "object_id": "30", "object_repr": "Odontograma object", "action_flag": 3, "change_message": ""}}, {"model": "admin.logentry", "pk": 226, "fields": {"action_time": "2017-11-15T20:32:09.005Z", "user": 1, "content_type": 46, "object_id": "21", "object_repr": "Odontograma object", "action_flag": 3, "change_message": ""}}, {"model": "admin.logentry", "pk": 227, "fields": {"action_time": "2017-11-15T20:32:09.824Z", "user": 1, "content_type": 46, "object_id": "16", "object_repr": "Odontograma object", "action_flag": 3, "change_message": ""}}, {"model": "admin.logentry", "pk": 228, "fields": {"action_time": "2017-11-15T20:32:10.745Z", "user": 1, "content_type": 46, "object_id": "15", "object_repr": "Odontograma object", "action_flag": 3, "change_message": ""}}, {"model": "admin.logentry", "pk": 229, "fields": {"action_time": "2017-11-15T20:32:11.667Z", "user": 1, "content_type": 46, "object_id": "14", "object_repr": "Odontograma object", "action_flag": 3, "change_message": ""}}, {"model": "admin.logentry", "pk": 230, "fields": {"action_time": "2017-11-15T20:32:12.590Z", "user": 1, "content_type": 46, "object_id": "13", "object_repr": "Odontograma object", "action_flag": 3, "change_message": ""}}, {"model": "admin.logentry", "pk": 231, "fields": {"action_time": "2017-11-15T20:32:13.408Z", "user": 1, "content_type": 46, "object_id": "12", "object_repr": "Odontograma object", "action_flag": 3, "change_message": ""}}, {"model": "admin.logentry", "pk": 232, "fields": {"action_time": "2017-11-15T20:32:14.329Z", "user": 1, "content_type": 46, "object_id": "11", "object_repr": "Odontograma object", "action_flag": 3, "change_message": ""}}, {"model": "admin.logentry", "pk": 233, "fields": {"action_time": "2017-11-15T20:32:15.354Z", "user": 1, "content_type": 46, "object_id": "10", "object_repr": "Odontograma object", "action_flag": 3, "change_message": ""}}, {"model": "admin.logentry", "pk": 234, "fields": {"action_time": "2017-11-15T20:32:16.275Z", "user": 1, "content_type": 46, "object_id": "9", "object_repr": "Odontograma object", "action_flag": 3, "change_message": ""}}, {"model": "admin.logentry", "pk": 235, "fields": {"action_time": "2017-11-15T20:32:17.197Z", "user": 1, "content_type": 46, "object_id": "8", "object_repr": "Odontograma object", "action_flag": 3, "change_message": ""}}, {"model": "admin.logentry", "pk": 236, "fields": {"action_time": "2017-11-15T20:32:18.118Z", "user": 1, "content_type": 46, "object_id": "7", "object_repr": "Odontograma object", "action_flag": 3, "change_message": ""}}, {"model": "admin.logentry", "pk": 237, "fields": {"action_time": "2017-11-15T20:32:19.044Z", "user": 1, "content_type": 46, "object_id": "6", "object_repr": "Odontograma object", "action_flag": 3, "change_message": ""}}, {"model": "admin.logentry", "pk": 238, "fields": {"action_time": "2017-11-15T20:32:20.168Z", "user": 1, "content_type": 46, "object_id": "5", "object_repr": "Odontograma object", "action_flag": 3, "change_message": ""}}, {"model": "admin.logentry", "pk": 239, "fields": {"action_time": "2017-11-15T20:32:21.193Z", "user": 1, "content_type": 46, "object_id": "4", "object_repr": "Odontograma object", "action_flag": 3, "change_message": ""}}, {"model": "admin.logentry", "pk": 240, "fields": {"action_time": "2017-11-15T20:32:22.111Z", "user": 1, "content_type": 46, "object_id": "3", "object_repr": "Odontograma object", "action_flag": 3, "change_message": ""}}, {"model": "admin.logentry", "pk": 241, "fields": {"action_time": "2017-11-15T20:32:23.340Z", "user": 1, "content_type": 46, "object_id": "2", "object_repr": "Odontograma object", "action_flag": 3, "change_message": ""}}, {"model": "admin.logentry", "pk": 242, "fields": {"action_time": "2017-11-15T20:33:38.607Z", "user": 1, "content_type": 27, "object_id": "17", "object_repr": "Perla Maldonado Palaci", "action_flag": 3, "change_message": ""}}, {"model": "admin.logentry", "pk": 243, "fields": {"action_time": "2017-11-15T20:33:39.194Z", "user": 1, "content_type": 27, "object_id": "16", "object_repr": "Elmer Huertas Pereyra", "action_flag": 3, "change_message": ""}}, {"model": "admin.logentry", "pk": 244, "fields": {"action_time": "2017-11-15T20:33:39.731Z", "user": 1, "content_type": 27, "object_id": "14", "object_repr": "Jose Arias Orezano", "action_flag": 3, "change_message": ""}}, {"model": "admin.logentry", "pk": 245, "fields": {"action_time": "2017-11-15T20:33:40.448Z", "user": 1, "content_type": 27, "object_id": "13", "object_repr": "Maria Paredes Palaci", "action_flag": 3, "change_message": ""}}, {"model": "admin.logentry", "pk": 246, "fields": {"action_time": "2017-11-15T20:33:41.164Z", "user": 1, "content_type": 27, "object_id": "12", "object_repr": "Alex Azurin Pereyra", "action_flag": 3, "change_message": ""}}, {"model": "admin.logentry", "pk": 247, "fields": {"action_time": "2017-11-15T20:33:41.779Z", "user": 1, "content_type": 27, "object_id": "11", "object_repr": "Raul Quinto Tapia", "action_flag": 3, "change_message": ""}}, {"model": "admin.logentry", "pk": 248, "fields": {"action_time": "2017-11-15T22:06:07.909Z", "user": 1, "content_type": 27, "object_id": "17", "object_repr": "Perla Maldonado Palaci", "action_flag": 3, "change_message": ""}}, {"model": "admin.logentry", "pk": 249, "fields": {"action_time": "2017-11-15T22:06:08.550Z", "user": 1, "content_type": 27, "object_id": "16", "object_repr": "Elmer Huertas Pereyra", "action_flag": 3, "change_message": ""}}, {"model": "admin.logentry", "pk": 250, "fields": {"action_time": "2017-11-16T01:44:23.153Z", "user": 1, "content_type": 27, "object_id": "29", "object_repr": "A A A", "action_flag": 3, "change_message": ""}}, {"model": "admin.logentry", "pk": 251, "fields": {"action_time": "2017-11-16T01:44:55.063Z", "user": 1, "content_type": 27, "object_id": "17", "object_repr": "Perla Maldonado Palaci", "action_flag": 3, "change_message": ""}}, {"model": "admin.logentry", "pk": 252, "fields": {"action_time": "2017-11-16T01:46:50.437Z", "user": 1, "content_type": 27, "object_id": "11", "object_repr": "Raul Quinto Tapia", "action_flag": 3, "change_message": ""}}, {"model": "admin.logentry", "pk": 253, "fields": {"action_time": "2017-11-16T01:47:33.544Z", "user": 1, "content_type": 28, "object_id": "20", "object_repr": "45968963", "action_flag": 3, "change_message": ""}}, {"model": "admin.logentry", "pk": 254, "fields": {"action_time": "2017-11-16T01:47:33.960Z", "user": 1, "content_type": 28, "object_id": "11", "object_repr": "49689569", "action_flag": 3, "change_message": ""}}, {"model": "admin.logentry", "pk": 255, "fields": {"action_time": "2017-11-16T01:47:34.366Z", "user": 1, "content_type": 28, "object_id": "10", "object_repr": "42265282", "action_flag": 3, "change_message": ""}}, {"model": "admin.logentry", "pk": 256, "fields": {"action_time": "2017-11-16T01:47:34.792Z", "user": 1, "content_type": 28, "object_id": "9", "object_repr": "45689563", "action_flag": 3, "change_message": ""}}, {"model": "admin.logentry", "pk": 257, "fields": {"action_time": "2017-11-16T01:47:35.187Z", "user": 1, "content_type": 28, "object_id": "8", "object_repr": "48614038", "action_flag": 3, "change_message": ""}}, {"model": "admin.logentry", "pk": 258, "fields": {"action_time": "2017-11-16T01:47:35.637Z", "user": 1, "content_type": 28, "object_id": "7", "object_repr": "49586705", "action_flag": 3, "change_message": ""}}, {"model": "admin.logentry", "pk": 259, "fields": {"action_time": "2017-11-16T01:48:05.036Z", "user": 1, "content_type": 27, "object_id": "17", "object_repr": "Perla Maldonado Palaci", "action_flag": 3, "change_message": ""}}, {"model": "admin.logentry", "pk": 260, "fields": {"action_time": "2017-11-16T01:48:05.551Z", "user": 1, "content_type": 27, "object_id": "16", "object_repr": "Elmer Huertas Pereyra", "action_flag": 3, "change_message": ""}}, {"model": "admin.logentry", "pk": 261, "fields": {"action_time": "2017-11-16T01:48:05.991Z", "user": 1, "content_type": 27, "object_id": "14", "object_repr": "Jose Arias Orezano", "action_flag": 3, "change_message": ""}}, {"model": "admin.logentry", "pk": 262, "fields": {"action_time": "2017-11-16T01:48:06.374Z", "user": 1, "content_type": 27, "object_id": "13", "object_repr": "Maria Paredes Palaci", "action_flag": 3, "change_message": ""}}, {"model": "admin.logentry", "pk": 263, "fields": {"action_time": "2017-11-16T01:48:06.955Z", "user": 1, "content_type": 27, "object_id": "12", "object_repr": "Alex Azurin Pereyra", "action_flag": 3, "change_message": ""}}, {"model": "admin.logentry", "pk": 264, "fields": {"action_time": "2017-11-16T01:48:07.707Z", "user": 1, "content_type": 27, "object_id": "11", "object_repr": "Raul Quinto Tapia", "action_flag": 3, "change_message": ""}}, {"model": "admin.logentry", "pk": 265, "fields": {"action_time": "2017-11-16T01:51:01.800Z", "user": 1, "content_type": 24, "object_id": "6", "object_repr": "Trujillo", "action_flag": 3, "change_message": ""}}, {"model": "admin.logentry", "pk": 266, "fields": {"action_time": "2017-11-16T01:51:02.164Z", "user": 1, "content_type": 24, "object_id": "5", "object_repr": "Huancayo", "action_flag": 3, "change_message": ""}}, {"model": "admin.logentry", "pk": 267, "fields": {"action_time": "2017-11-16T01:51:02.578Z", "user": 1, "content_type": 24, "object_id": "4", "object_repr": "Loreto", "action_flag": 3, "change_message": ""}}, {"model": "admin.logentry", "pk": 268, "fields": {"action_time": "2017-11-16T01:51:03.037Z", "user": 1, "content_type": 24, "object_id": "3", "object_repr": "Ucayali", "action_flag": 3, "change_message": ""}}, {"model": "admin.logentry", "pk": 269, "fields": {"action_time": "2017-11-16T01:51:03.438Z", "user": 1, "content_type": 24, "object_id": "2", "object_repr": "Arequipa", "action_flag": 3, "change_message": ""}}, {"model": "admin.logentry", "pk": 270, "fields": {"action_time": "2017-11-16T01:51:03.816Z", "user": 1, "content_type": 24, "object_id": "1", "object_repr": "Lima", "action_flag": 3, "change_message": ""}}, {"model": "admin.logentry", "pk": 271, "fields": {"action_time": "2017-11-16T01:51:31.329Z", "user": 1, "content_type": 24, "object_id": "6", "object_repr": "Trujillo", "action_flag": 3, "change_message": ""}}, {"model": "admin.logentry", "pk": 272, "fields": {"action_time": "2017-11-16T01:51:46.156Z", "user": 1, "content_type": 24, "object_id": "5", "object_repr": "Huancayo", "action_flag": 3, "change_message": ""}}, {"model": "admin.logentry", "pk": 273, "fields": {"action_time": "2017-11-16T01:52:16.698Z", "user": 1, "content_type": 24, "object_id": "4", "object_repr": "Loreto", "action_flag": 3, "change_message": ""}}, {"model": "admin.logentry", "pk": 274, "fields": {"action_time": "2017-11-16T01:53:34.136Z", "user": 1, "content_type": 24, "object_id": "3", "object_repr": "Ucayali", "action_flag": 3, "change_message": ""}}, {"model": "admin.logentry", "pk": 275, "fields": {"action_time": "2017-11-16T01:53:49.996Z", "user": 1, "content_type": 24, "object_id": "2", "object_repr": "Arequipa", "action_flag": 3, "change_message": ""}}, {"model": "admin.logentry", "pk": 276, "fields": {"action_time": "2017-11-16T01:54:36.647Z", "user": 1, "content_type": 24, "object_id": "1", "object_repr": "Lima", "action_flag": 3, "change_message": ""}}, {"model": "admin.logentry", "pk": 277, "fields": {"action_time": "2017-11-16T01:55:16.177Z", "user": 1, "content_type": 27, "object_id": "17", "object_repr": "Perla Maldonado Palaci", "action_flag": 3, "change_message": ""}}, {"model": "admin.logentry", "pk": 278, "fields": {"action_time": "2017-11-16T01:57:37.479Z", "user": 1, "content_type": 27, "object_id": "17", "object_repr": "Perla Maldonado Palaci", "action_flag": 3, "change_message": ""}}, {"model": "admin.logentry", "pk": 279, "fields": {"action_time": "2017-11-16T01:57:38.128Z", "user": 1, "content_type": 27, "object_id": "17", "object_repr": "Perla Maldonado Palaci", "action_flag": 3, "change_message": ""}}, {"model": "admin.logentry", "pk": 280, "fields": {"action_time": "2017-11-16T02:07:57.048Z", "user": 1, "content_type": 27, "object_id": "17", "object_repr": "Perla Maldonado Palaci", "action_flag": 3, "change_message": ""}}, {"model": "admin.logentry", "pk": 281, "fields": {"action_time": "2017-11-16T02:08:45.994Z", "user": 4, "content_type": 27, "object_id": "16", "object_repr": "Elmer Huertas Pereyra", "action_flag": 3, "change_message": ""}}, {"model": "admin.logentry", "pk": 282, "fields": {"action_time": "2017-11-16T02:08:57.536Z", "user": 4, "content_type": 27, "object_id": "17", "object_repr": "Perla Maldonado Palaci", "action_flag": 3, "change_message": ""}}, {"model": "admin.logentry", "pk": 283, "fields": {"action_time": "2017-11-16T02:09:07.765Z", "user": 1, "content_type": 24, "object_id": "1", "object_repr": "Lima", "action_flag": 3, "change_message": ""}}, {"model": "admin.logentry", "pk": 284, "fields": {"action_time": "2017-11-16T02:13:28.751Z", "user": 1, "content_type": 24, "object_id": "7", "object_repr": "Amazonas", "action_flag": 1, "change_message": "A\u00f1adido."}}, {"model": "admin.logentry", "pk": 285, "fields": {"action_time": "2017-11-16T02:13:52.751Z", "user": 1, "content_type": 24, "object_id": "8", "object_repr": "\u00c1ncash", "action_flag": 1, "change_message": "A\u00f1adido."}}, {"model": "admin.logentry", "pk": 286, "fields": {"action_time": "2017-11-16T02:14:15.336Z", "user": 1, "content_type": 24, "object_id": "9", "object_repr": "Apur\u00edmac", "action_flag": 1, "change_message": "A\u00f1adido."}}, {"model": "admin.logentry", "pk": 287, "fields": {"action_time": "2017-11-16T02:14:28.965Z", "user": 1, "content_type": 24, "object_id": "10", "object_repr": "Arequipa", "action_flag": 1, "change_message": "A\u00f1adido."}}, {"model": "admin.logentry", "pk": 288, "fields": {"action_time": "2017-11-16T02:14:43.779Z", "user": 1, "content_type": 24, "object_id": "11", "object_repr": "Ayacucho", "action_flag": 1, "change_message": "A\u00f1adido."}}, {"model": "admin.logentry", "pk": 289, "fields": {"action_time": "2017-11-16T02:15:00.875Z", "user": 1, "content_type": 24, "object_id": "12", "object_repr": "Cajamarca", "action_flag": 1, "change_message": "A\u00f1adido."}}, {"model": "admin.logentry", "pk": 290, "fields": {"action_time": "2017-11-16T02:15:19.365Z", "user": 1, "content_type": 24, "object_id": "13", "object_repr": "Callao", "action_flag": 1, "change_message": "A\u00f1adido."}}, {"model": "admin.logentry", "pk": 291, "fields": {"action_time": "2017-11-16T02:15:34.519Z", "user": 1, "content_type": 24, "object_id": "14", "object_repr": "Cuzco", "action_flag": 1, "change_message": "A\u00f1adido."}}, {"model": "admin.logentry", "pk": 292, "fields": {"action_time": "2017-11-16T02:15:50.099Z", "user": 1, "content_type": 24, "object_id": "15", "object_repr": "Huancavelica", "action_flag": 1, "change_message": "A\u00f1adido."}}, {"model": "admin.logentry", "pk": 293, "fields": {"action_time": "2017-11-16T02:16:02.328Z", "user": 1, "content_type": 24, "object_id": "16", "object_repr": "Hu\u00e1nuco", "action_flag": 1, "change_message": "A\u00f1adido."}}, {"model": "admin.logentry", "pk": 294, "fields": {"action_time": "2017-11-16T02:16:13.480Z", "user": 1, "content_type": 24, "object_id": "17", "object_repr": "Ica", "action_flag": 1, "change_message": "A\u00f1adido."}}, {"model": "admin.logentry", "pk": 295, "fields": {"action_time": "2017-11-16T02:16:28.520Z", "user": 1, "content_type": 24, "object_id": "18", "object_repr": "Jun\u00edn", "action_flag": 1, "change_message": "A\u00f1adido."}}, {"model": "admin.logentry", "pk": 296, "fields": {"action_time": "2017-11-16T02:16:43.049Z", "user": 1, "content_type": 24, "object_id": "19", "object_repr": "La Libertad", "action_flag": 1, "change_message": "A\u00f1adido."}}, {"model": "admin.logentry", "pk": 297, "fields": {"action_time": "2017-11-16T02:16:58.845Z", "user": 1, "content_type": 24, "object_id": "20", "object_repr": "Lambayeque", "action_flag": 1, "change_message": "A\u00f1adido."}}, {"model": "admin.logentry", "pk": 298, "fields": {"action_time": "2017-11-16T02:17:11.961Z", "user": 1, "content_type": 24, "object_id": "21", "object_repr": "Lima", "action_flag": 1, "change_message": "A\u00f1adido."}}, {"model": "admin.logentry", "pk": 299, "fields": {"action_time": "2017-11-16T02:17:26.761Z", "user": 1, "content_type": 24, "object_id": "22", "object_repr": "Loreto", "action_flag": 1, "change_message": "A\u00f1adido."}}, {"model": "admin.logentry", "pk": 300, "fields": {"action_time": "2017-11-16T02:17:39.019Z", "user": 1, "content_type": 24, "object_id": "23", "object_repr": "Madre de Dios", "action_flag": 1, "change_message": "A\u00f1adido."}}, {"model": "admin.logentry", "pk": 301, "fields": {"action_time": "2017-11-16T02:17:57.589Z", "user": 1, "content_type": 24, "object_id": "24", "object_repr": "Moquegua", "action_flag": 1, "change_message": "A\u00f1adido."}}, {"model": "admin.logentry", "pk": 302, "fields": {"action_time": "2017-11-16T02:18:13.244Z", "user": 1, "content_type": 24, "object_id": "25", "object_repr": "Pasco", "action_flag": 1, "change_message": "A\u00f1adido."}}, {"model": "admin.logentry", "pk": 303, "fields": {"action_time": "2017-11-16T02:18:25.340Z", "user": 1, "content_type": 24, "object_id": "26", "object_repr": "Piura", "action_flag": 1, "change_message": "A\u00f1adido."}}, {"model": "admin.logentry", "pk": 304, "fields": {"action_time": "2017-11-16T02:18:40.238Z", "user": 1, "content_type": 24, "object_id": "27", "object_repr": "Puno", "action_flag": 1, "change_message": "A\u00f1adido."}}, {"model": "admin.logentry", "pk": 305, "fields": {"action_time": "2017-11-16T02:18:50.633Z", "user": 1, "content_type": 24, "object_id": "28", "object_repr": "San Mart\u00edn", "action_flag": 1, "change_message": "A\u00f1adido."}}, {"model": "admin.logentry", "pk": 306, "fields": {"action_time": "2017-11-16T02:19:01.708Z", "user": 1, "content_type": 24, "object_id": "29", "object_repr": "Tacna", "action_flag": 1, "change_message": "A\u00f1adido."}}, {"model": "admin.logentry", "pk": 307, "fields": {"action_time": "2017-11-16T02:19:20.741Z", "user": 1, "content_type": 24, "object_id": "30", "object_repr": "Tumbes", "action_flag": 1, "change_message": "A\u00f1adido."}}, {"model": "admin.logentry", "pk": 308, "fields": {"action_time": "2017-11-16T02:19:40.377Z", "user": 1, "content_type": 24, "object_id": "31", "object_repr": "Ucayali", "action_flag": 1, "change_message": "A\u00f1adido."}}, {"model": "admin.logentry", "pk": 309, "fields": {"action_time": "2017-11-16T02:23:55.675Z", "user": 1, "content_type": 25, "object_id": "3", "object_repr": "Callao", "action_flag": 3, "change_message": ""}}, {"model": "admin.logentry", "pk": 310, "fields": {"action_time": "2017-11-16T02:23:56.289Z", "user": 1, "content_type": 25, "object_id": "2", "object_repr": "Barranca", "action_flag": 3, "change_message": ""}}, {"model": "admin.logentry", "pk": 311, "fields": {"action_time": "2017-11-16T02:24:27.751Z", "user": 1, "content_type": 25, "object_id": "1", "object_repr": "Lima", "action_flag": 3, "change_message": ""}}, {"model": "admin.logentry", "pk": 312, "fields": {"action_time": "2017-11-16T03:28:30.030Z", "user": 1, "content_type": 25, "object_id": "1", "object_repr": "Lima", "action_flag": 3, "change_message": ""}}, {"model": "admin.logentry", "pk": 313, "fields": {"action_time": "2017-11-16T03:28:58.733Z", "user": 1, "content_type": 27, "object_id": "14", "object_repr": "Jose Arias Orezano", "action_flag": 3, "change_message": ""}}, {"model": "admin.logentry", "pk": 314, "fields": {"action_time": "2017-11-16T03:28:59.297Z", "user": 1, "content_type": 27, "object_id": "13", "object_repr": "Maria Paredes Palaci", "action_flag": 3, "change_message": ""}}, {"model": "admin.logentry", "pk": 315, "fields": {"action_time": "2017-11-16T04:22:11.496Z", "user": 1, "content_type": 24, "object_id": "1", "object_repr": "Lima", "action_flag": 3, "change_message": ""}}, {"model": "admin.logentry", "pk": 316, "fields": {"action_time": "2017-11-16T04:25:09.190Z", "user": 1, "content_type": 25, "object_id": "2", "object_repr": "Chachapoyas", "action_flag": 1, "change_message": "A\u00f1adido."}}, {"model": "admin.logentry", "pk": 317, "fields": {"action_time": "2017-11-16T04:26:31.236Z", "user": 1, "content_type": 26, "object_id": "10", "object_repr": "CHACHAPOYAS", "action_flag": 1, "change_message": "A\u00f1adido."}}, {"model": "admin.logentry", "pk": 318, "fields": {"action_time": "2017-11-16T04:27:01.789Z", "user": 1, "content_type": 26, "object_id": "11", "object_repr": "ASUNCION", "action_flag": 1, "change_message": "A\u00f1adido."}}, {"model": "admin.logentry", "pk": 319, "fields": {"action_time": "2017-11-16T04:27:16.707Z", "user": 1, "content_type": 26, "object_id": "12", "object_repr": "BALSAS", "action_flag": 1, "change_message": "A\u00f1adido."}}, {"model": "admin.logentry", "pk": 320, "fields": {"action_time": "2017-11-16T04:27:26.358Z", "user": 1, "content_type": 26, "object_id": "13", "object_repr": "CHETO", "action_flag": 1, "change_message": "A\u00f1adido."}}, {"model": "admin.logentry", "pk": 321, "fields": {"action_time": "2017-11-16T04:27:52.367Z", "user": 1, "content_type": 26, "object_id": "14", "object_repr": "CHILIQUIN", "action_flag": 1, "change_message": "A\u00f1adido."}}, {"model": "admin.logentry", "pk": 322, "fields": {"action_time": "2017-11-16T04:28:51.003Z", "user": 1, "content_type": 26, "object_id": "15", "object_repr": "CHUQUIBAMBA", "action_flag": 1, "change_message": "A\u00f1adido."}}, {"model": "admin.logentry", "pk": 323, "fields": {"action_time": "2017-11-16T04:29:04.561Z", "user": 1, "content_type": 26, "object_id": "16", "object_repr": "GRANADA", "action_flag": 1, "change_message": "A\u00f1adido."}}, {"model": "admin.logentry", "pk": 324, "fields": {"action_time": "2017-11-16T04:29:18.324Z", "user": 1, "content_type": 26, "object_id": "17", "object_repr": "HUANCAS", "action_flag": 1, "change_message": "A\u00f1adido."}}, {"model": "admin.logentry", "pk": 325, "fields": {"action_time": "2017-11-16T04:29:35.803Z", "user": 1, "content_type": 26, "object_id": "18", "object_repr": "LA JALCA", "action_flag": 1, "change_message": "A\u00f1adido."}}, {"model": "admin.logentry", "pk": 326, "fields": {"action_time": "2017-11-16T04:29:47.171Z", "user": 1, "content_type": 26, "object_id": "19", "object_repr": "LEIMEBAMBA", "action_flag": 1, "change_message": "A\u00f1adido."}}, {"model": "admin.logentry", "pk": 327, "fields": {"action_time": "2017-11-16T04:30:05.788Z", "user": 1, "content_type": 26, "object_id": "20", "object_repr": "LEVANTO", "action_flag": 1, "change_message": "A\u00f1adido."}}, {"model": "admin.logentry", "pk": 328, "fields": {"action_time": "2017-11-16T04:30:25.154Z", "user": 1, "content_type": 26, "object_id": "21", "object_repr": "MAGDALENA", "action_flag": 1, "change_message": "A\u00f1adido."}}, {"model": "admin.logentry", "pk": 329, "fields": {"action_time": "2017-11-16T04:30:37.925Z", "user": 1, "content_type": 26, "object_id": "22", "object_repr": "MARISCAL CASTILLA", "action_flag": 1, "change_message": "A\u00f1adido."}}, {"model": "admin.logentry", "pk": 330, "fields": {"action_time": "2017-11-16T04:30:49.024Z", "user": 1, "content_type": 26, "object_id": "23", "object_repr": "MOLINOPAMPA", "action_flag": 1, "change_message": "A\u00f1adido."}}, {"model": "admin.logentry", "pk": 331, "fields": {"action_time": "2017-11-16T04:30:59.757Z", "user": 1, "content_type": 26, "object_id": "24", "object_repr": "MONTEVIDEO", "action_flag": 1, "change_message": "A\u00f1adido."}}, {"model": "admin.logentry", "pk": 332, "fields": {"action_time": "2017-11-16T04:31:14.494Z", "user": 1, "content_type": 26, "object_id": "25", "object_repr": "OLLEROS", "action_flag": 1, "change_message": "A\u00f1adido."}}, {"model": "admin.logentry", "pk": 333, "fields": {"action_time": "2017-11-16T04:31:23.349Z", "user": 1, "content_type": 26, "object_id": "26", "object_repr": "QUINJALCA", "action_flag": 1, "change_message": "A\u00f1adido."}}, {"model": "admin.logentry", "pk": 334, "fields": {"action_time": "2017-11-16T04:31:34.105Z", "user": 1, "content_type": 26, "object_id": "27", "object_repr": "SAN FRANCISCO DE DAGUAS", "action_flag": 1, "change_message": "A\u00f1adido."}}, {"model": "admin.logentry", "pk": 335, "fields": {"action_time": "2017-11-16T04:45:20.702Z", "user": 1, "content_type": 26, "object_id": "28", "object_repr": "SOLOCO", "action_flag": 1, "change_message": "A\u00f1adido."}}, {"model": "admin.logentry", "pk": 336, "fields": {"action_time": "2017-11-16T04:45:34.500Z", "user": 1, "content_type": 26, "object_id": "29", "object_repr": "SONCHE", "action_flag": 1, "change_message": "A\u00f1adido."}}, {"model": "admin.logentry", "pk": 337, "fields": {"action_time": "2017-11-16T04:46:14.038Z", "user": 1, "content_type": 25, "object_id": "3", "object_repr": "Bagua", "action_flag": 1, "change_message": "A\u00f1adido."}}, {"model": "admin.logentry", "pk": 338, "fields": {"action_time": "2017-11-16T04:46:56.829Z", "user": 1, "content_type": 26, "object_id": "30", "object_repr": "LA PECA", "action_flag": 1, "change_message": "A\u00f1adido."}}, {"model": "admin.logentry", "pk": 339, "fields": {"action_time": "2017-11-16T04:47:09.274Z", "user": 1, "content_type": 26, "object_id": "31", "object_repr": "ARAMANGO", "action_flag": 1, "change_message": "A\u00f1adido."}}, {"model": "admin.logentry", "pk": 340, "fields": {"action_time": "2017-11-16T04:47:26.254Z", "user": 1, "content_type": 26, "object_id": "32", "object_repr": "COPALLIN", "action_flag": 1, "change_message": "A\u00f1adido."}}, {"model": "admin.logentry", "pk": 341, "fields": {"action_time": "2017-11-16T04:47:51.770Z", "user": 1, "content_type": 26, "object_id": "33", "object_repr": "EL PARCO", "action_flag": 1, "change_message": "A\u00f1adido."}}, {"model": "admin.logentry", "pk": 342, "fields": {"action_time": "2017-11-16T04:48:09.794Z", "user": 1, "content_type": 26, "object_id": "34", "object_repr": "IMAZA", "action_flag": 1, "change_message": "A\u00f1adido."}}, {"model": "admin.logentry", "pk": 343, "fields": {"action_time": "2017-11-16T04:48:25.834Z", "user": 1, "content_type": 25, "object_id": "4", "object_repr": "Bongara", "action_flag": 1, "change_message": "A\u00f1adido."}}, {"model": "admin.logentry", "pk": 344, "fields": {"action_time": "2017-11-16T04:48:43.534Z", "user": 1, "content_type": 26, "object_id": "35", "object_repr": "JUMBILLA", "action_flag": 1, "change_message": "A\u00f1adido."}}, {"model": "admin.logentry", "pk": 345, "fields": {"action_time": "2017-11-16T04:48:54.311Z", "user": 1, "content_type": 26, "object_id": "36", "object_repr": "CHISQUILLA", "action_flag": 1, "change_message": "A\u00f1adido."}}, {"model": "admin.logentry", "pk": 346, "fields": {"action_time": "2017-11-16T04:49:03.981Z", "user": 1, "content_type": 26, "object_id": "37", "object_repr": "CHURUJA", "action_flag": 1, "change_message": "A\u00f1adido."}}, {"model": "admin.logentry", "pk": 347, "fields": {"action_time": "2017-11-16T04:49:12.385Z", "user": 1, "content_type": 26, "object_id": "38", "object_repr": "COROSHA", "action_flag": 1, "change_message": "A\u00f1adido."}}, {"model": "admin.logentry", "pk": 348, "fields": {"action_time": "2017-11-16T04:49:23.934Z", "user": 1, "content_type": 26, "object_id": "39", "object_repr": "CUISPES", "action_flag": 1, "change_message": "A\u00f1adido."}}, {"model": "admin.logentry", "pk": 349, "fields": {"action_time": "2017-11-16T04:49:33.018Z", "user": 1, "content_type": 26, "object_id": "40", "object_repr": "FLORIDA", "action_flag": 1, "change_message": "A\u00f1adido."}}, {"model": "admin.logentry", "pk": 350, "fields": {"action_time": "2017-11-16T04:49:53.590Z", "user": 1, "content_type": 26, "object_id": "41", "object_repr": "JAZAN (Pedro Ru\u00edz Gallo)", "action_flag": 1, "change_message": "A\u00f1adido."}}, {"model": "admin.logentry", "pk": 351, "fields": {"action_time": "2017-11-16T04:50:01.663Z", "user": 1, "content_type": 26, "object_id": "42", "object_repr": "RECTA", "action_flag": 1, "change_message": "A\u00f1adido."}}, {"model": "admin.logentry", "pk": 352, "fields": {"action_time": "2017-11-16T04:50:11.495Z", "user": 1, "content_type": 26, "object_id": "43", "object_repr": "SAN CARLOS", "action_flag": 1, "change_message": "A\u00f1adido."}}, {"model": "admin.logentry", "pk": 353, "fields": {"action_time": "2017-11-16T04:50:21.340Z", "user": 1, "content_type": 26, "object_id": "44", "object_repr": "SHIPASBAMBA", "action_flag": 1, "change_message": "A\u00f1adido."}}, {"model": "admin.logentry", "pk": 354, "fields": {"action_time": "2017-11-16T04:50:33.574Z", "user": 1, "content_type": 26, "object_id": "45", "object_repr": "VALERA", "action_flag": 1, "change_message": "A\u00f1adido."}}, {"model": "admin.logentry", "pk": 355, "fields": {"action_time": "2017-11-16T04:50:42.218Z", "user": 1, "content_type": 26, "object_id": "46", "object_repr": "YAMBRASBAMBA", "action_flag": 1, "change_message": "A\u00f1adido."}}, {"model": "admin.logentry", "pk": 356, "fields": {"action_time": "2017-11-16T04:51:07.582Z", "user": 1, "content_type": 25, "object_id": "5", "object_repr": "Condorcanqui", "action_flag": 1, "change_message": "A\u00f1adido."}}, {"model": "admin.logentry", "pk": 357, "fields": {"action_time": "2017-11-16T04:51:21.288Z", "user": 1, "content_type": 26, "object_id": "47", "object_repr": "NIEVA (Santa Mar\u00eda de Nieva)", "action_flag": 1, "change_message": "A\u00f1adido."}}, {"model": "admin.logentry", "pk": 358, "fields": {"action_time": "2017-11-16T04:51:29.642Z", "user": 1, "content_type": 26, "object_id": "48", "object_repr": "EL CENEPA (Huampami)", "action_flag": 1, "change_message": "A\u00f1adido."}}, {"model": "admin.logentry", "pk": 359, "fields": {"action_time": "2017-11-16T04:51:38.821Z", "user": 1, "content_type": 26, "object_id": "49", "object_repr": "RIO SANTIAGO (Puerto Galilea)", "action_flag": 1, "change_message": "A\u00f1adido."}}, {"model": "admin.logentry", "pk": 360, "fields": {"action_time": "2017-11-16T04:51:47.164Z", "user": 1, "content_type": 25, "object_id": "6", "object_repr": "Luya", "action_flag": 1, "change_message": "A\u00f1adido."}}, {"model": "admin.logentry", "pk": 361, "fields": {"action_time": "2017-11-16T04:52:04.676Z", "user": 1, "content_type": 25, "object_id": "7", "object_repr": "LAMUD", "action_flag": 1, "change_message": "A\u00f1adido."}}, {"model": "admin.logentry", "pk": 362, "fields": {"action_time": "2017-11-16T04:52:25.476Z", "user": 1, "content_type": 25, "object_id": "7", "object_repr": "LAMUD", "action_flag": 3, "change_message": ""}}, {"model": "admin.logentry", "pk": 363, "fields": {"action_time": "2017-11-16T04:52:32.135Z", "user": 1, "content_type": 26, "object_id": "50", "object_repr": "LAMUD", "action_flag": 1, "change_message": "A\u00f1adido."}}, {"model": "admin.logentry", "pk": 364, "fields": {"action_time": "2017-11-16T04:52:41.339Z", "user": 1, "content_type": 26, "object_id": "51", "object_repr": "CAMPORREDONDO", "action_flag": 1, "change_message": "A\u00f1adido."}}, {"model": "admin.logentry", "pk": 365, "fields": {"action_time": "2017-11-16T04:52:50.841Z", "user": 1, "content_type": 26, "object_id": "52", "object_repr": "COCABAMBA", "action_flag": 1, "change_message": "A\u00f1adido."}}, {"model": "admin.logentry", "pk": 366, "fields": {"action_time": "2017-11-16T04:52:59.992Z", "user": 1, "content_type": 26, "object_id": "53", "object_repr": "COLCAMAR", "action_flag": 1, "change_message": "A\u00f1adido."}}, {"model": "admin.logentry", "pk": 367, "fields": {"action_time": "2017-11-16T04:53:30.092Z", "user": 1, "content_type": 26, "object_id": "54", "object_repr": "CONILA (Cohech\u00e1n)", "action_flag": 1, "change_message": "A\u00f1adido."}}, {"model": "admin.logentry", "pk": 368, "fields": {"action_time": "2017-11-16T04:54:56.545Z", "user": 1, "content_type": 26, "object_id": "55", "object_repr": "INGUILPATA", "action_flag": 1, "change_message": "A\u00f1adido."}}, {"model": "admin.logentry", "pk": 369, "fields": {"action_time": "2017-11-16T04:55:04.630Z", "user": 1, "content_type": 26, "object_id": "56", "object_repr": "LONGUITA", "action_flag": 1, "change_message": "A\u00f1adido."}}, {"model": "admin.logentry", "pk": 370, "fields": {"action_time": "2017-11-16T04:55:15.446Z", "user": 1, "content_type": 26, "object_id": "57", "object_repr": "LONYA CHICO", "action_flag": 1, "change_message": "A\u00f1adido."}}, {"model": "admin.logentry", "pk": 371, "fields": {"action_time": "2017-11-16T04:55:29.088Z", "user": 1, "content_type": 26, "object_id": "58", "object_repr": "LUYA", "action_flag": 1, "change_message": "A\u00f1adido."}}, {"model": "admin.logentry", "pk": 372, "fields": {"action_time": "2017-11-16T04:55:39.247Z", "user": 1, "content_type": 26, "object_id": "59", "object_repr": "LUYA VIEJO", "action_flag": 1, "change_message": "A\u00f1adido."}}, {"model": "admin.logentry", "pk": 373, "fields": {"action_time": "2017-11-16T04:55:48.137Z", "user": 1, "content_type": 26, "object_id": "60", "object_repr": "MARIA", "action_flag": 1, "change_message": "A\u00f1adido."}}, {"model": "admin.logentry", "pk": 374, "fields": {"action_time": "2017-11-16T04:55:57.161Z", "user": 1, "content_type": 26, "object_id": "61", "object_repr": "OCALLI", "action_flag": 1, "change_message": "A\u00f1adido."}}, {"model": "admin.logentry", "pk": 375, "fields": {"action_time": "2017-11-16T04:56:07.595Z", "user": 1, "content_type": 26, "object_id": "62", "object_repr": "OCUMAL (Collonce)", "action_flag": 1, "change_message": "A\u00f1adido."}}, {"model": "admin.logentry", "pk": 376, "fields": {"action_time": "2017-11-16T04:56:16.595Z", "user": 1, "content_type": 26, "object_id": "63", "object_repr": "PISUQUIA (Yombl\u00f3n)", "action_flag": 1, "change_message": "A\u00f1adido."}}, {"model": "admin.logentry", "pk": 377, "fields": {"action_time": "2017-11-16T04:56:25.378Z", "user": 1, "content_type": 26, "object_id": "64", "object_repr": "PROVIDENCIA", "action_flag": 1, "change_message": "A\u00f1adido."}}, {"model": "admin.logentry", "pk": 378, "fields": {"action_time": "2017-11-16T04:56:37.152Z", "user": 1, "content_type": 26, "object_id": "65", "object_repr": "SAN CRISTOBAL (Olto)", "action_flag": 1, "change_message": "A\u00f1adido."}}, {"model": "admin.logentry", "pk": 379, "fields": {"action_time": "2017-11-16T04:56:48.589Z", "user": 1, "content_type": 26, "object_id": "66", "object_repr": "SAN FRANCISCO DEL YESO", "action_flag": 1, "change_message": "A\u00f1adido."}}, {"model": "admin.logentry", "pk": 380, "fields": {"action_time": "2017-11-16T04:57:00.819Z", "user": 1, "content_type": 26, "object_id": "67", "object_repr": "SAN JERONIMO (Paclas)", "action_flag": 1, "change_message": "A\u00f1adido."}}, {"model": "admin.logentry", "pk": 381, "fields": {"action_time": "2017-11-16T04:57:10.944Z", "user": 1, "content_type": 26, "object_id": "68", "object_repr": "SAN JUAN DE LOPECANCHA", "action_flag": 1, "change_message": "A\u00f1adido."}}, {"model": "admin.logentry", "pk": 382, "fields": {"action_time": "2017-11-16T04:57:20.042Z", "user": 1, "content_type": 26, "object_id": "69", "object_repr": "SANTA CATALINA", "action_flag": 1, "change_message": "A\u00f1adido."}}, {"model": "admin.logentry", "pk": 383, "fields": {"action_time": "2017-11-16T04:57:29.466Z", "user": 1, "content_type": 26, "object_id": "70", "object_repr": "SANTO TOMAS", "action_flag": 1, "change_message": "A\u00f1adido."}}, {"model": "admin.logentry", "pk": 384, "fields": {"action_time": "2017-11-16T04:57:38.499Z", "user": 1, "content_type": 26, "object_id": "71", "object_repr": "TINGO", "action_flag": 1, "change_message": "A\u00f1adido."}}, {"model": "admin.logentry", "pk": 385, "fields": {"action_time": "2017-11-16T04:57:47.434Z", "user": 1, "content_type": 26, "object_id": "72", "object_repr": "TRITA", "action_flag": 1, "change_message": "A\u00f1adido."}}, {"model": "admin.logentry", "pk": 386, "fields": {"action_time": "2017-11-16T05:01:12.261Z", "user": 1, "content_type": 25, "object_id": "8", "object_repr": "Mendoza", "action_flag": 1, "change_message": "A\u00f1adido."}}, {"model": "admin.logentry", "pk": 387, "fields": {"action_time": "2017-11-16T05:01:43.976Z", "user": 1, "content_type": 26, "object_id": "73", "object_repr": "SAN NICOLAS (Mendoza)", "action_flag": 1, "change_message": "A\u00f1adido."}}, {"model": "admin.logentry", "pk": 388, "fields": {"action_time": "2017-11-16T05:01:52.432Z", "user": 1, "content_type": 26, "object_id": "74", "object_repr": "CHIRIMOTO", "action_flag": 1, "change_message": "A\u00f1adido."}}, {"model": "admin.logentry", "pk": 389, "fields": {"action_time": "2017-11-16T05:02:00.431Z", "user": 1, "content_type": 26, "object_id": "75", "object_repr": "COCHAMAL", "action_flag": 1, "change_message": "A\u00f1adido."}}, {"model": "admin.logentry", "pk": 390, "fields": {"action_time": "2017-11-16T05:02:12.263Z", "user": 1, "content_type": 26, "object_id": "76", "object_repr": "HUAMBO", "action_flag": 1, "change_message": "A\u00f1adido."}}, {"model": "admin.logentry", "pk": 391, "fields": {"action_time": "2017-11-16T05:02:20.425Z", "user": 1, "content_type": 26, "object_id": "77", "object_repr": "LIMABAMBA", "action_flag": 1, "change_message": "A\u00f1adido."}}, {"model": "admin.logentry", "pk": 392, "fields": {"action_time": "2017-11-16T05:02:30.014Z", "user": 1, "content_type": 26, "object_id": "78", "object_repr": "LONGAR", "action_flag": 1, "change_message": "A\u00f1adido."}}, {"model": "admin.logentry", "pk": 393, "fields": {"action_time": "2017-11-16T05:02:42.575Z", "user": 1, "content_type": 26, "object_id": "79", "object_repr": "MARISCAL BENAVIDES", "action_flag": 1, "change_message": "A\u00f1adido."}}, {"model": "admin.logentry", "pk": 394, "fields": {"action_time": "2017-11-16T05:02:51.268Z", "user": 1, "content_type": 26, "object_id": "80", "object_repr": "MILPUC", "action_flag": 1, "change_message": "A\u00f1adido."}}, {"model": "admin.logentry", "pk": 395, "fields": {"action_time": "2017-11-16T05:03:00.394Z", "user": 1, "content_type": 26, "object_id": "81", "object_repr": "OMIA", "action_flag": 1, "change_message": "A\u00f1adido."}}, {"model": "admin.logentry", "pk": 396, "fields": {"action_time": "2017-11-16T05:03:10.424Z", "user": 1, "content_type": 26, "object_id": "82", "object_repr": "SANTA ROSA (Sta. Rosa de Huayabamba)", "action_flag": 1, "change_message": "A\u00f1adido."}}, {"model": "admin.logentry", "pk": 397, "fields": {"action_time": "2017-11-16T05:03:19.701Z", "user": 1, "content_type": 26, "object_id": "83", "object_repr": "TOTORA", "action_flag": 1, "change_message": "A\u00f1adido."}}, {"model": "admin.logentry", "pk": 398, "fields": {"action_time": "2017-11-16T05:03:29.687Z", "user": 1, "content_type": 26, "object_id": "84", "object_repr": "VISTA ALEGRE", "action_flag": 1, "change_message": "A\u00f1adido."}}, {"model": "admin.logentry", "pk": 399, "fields": {"action_time": "2017-11-16T05:03:38.425Z", "user": 1, "content_type": 25, "object_id": "9", "object_repr": "Utcubamba", "action_flag": 1, "change_message": "A\u00f1adido."}}, {"model": "admin.logentry", "pk": 400, "fields": {"action_time": "2017-11-16T05:03:51.729Z", "user": 1, "content_type": 26, "object_id": "85", "object_repr": "BAGUA GRANDE", "action_flag": 1, "change_message": "A\u00f1adido."}}, {"model": "admin.logentry", "pk": 401, "fields": {"action_time": "2017-11-16T05:04:00.811Z", "user": 1, "content_type": 26, "object_id": "86", "object_repr": "CAJARURO", "action_flag": 1, "change_message": "A\u00f1adido."}}, {"model": "admin.logentry", "pk": 402, "fields": {"action_time": "2017-11-16T05:04:09.554Z", "user": 1, "content_type": 26, "object_id": "87", "object_repr": "CUMBA", "action_flag": 1, "change_message": "A\u00f1adido."}}, {"model": "admin.logentry", "pk": 403, "fields": {"action_time": "2017-11-16T05:04:17.827Z", "user": 1, "content_type": 26, "object_id": "88", "object_repr": "EL MILAGRO", "action_flag": 1, "change_message": "A\u00f1adido."}}, {"model": "admin.logentry", "pk": 404, "fields": {"action_time": "2017-11-16T05:04:27.568Z", "user": 1, "content_type": 26, "object_id": "89", "object_repr": "JAMALCA", "action_flag": 1, "change_message": "A\u00f1adido."}}, {"model": "admin.logentry", "pk": 405, "fields": {"action_time": "2017-11-16T05:04:39.068Z", "user": 1, "content_type": 26, "object_id": "90", "object_repr": "LONYA GRANDE", "action_flag": 1, "change_message": "A\u00f1adido."}}, {"model": "admin.logentry", "pk": 406, "fields": {"action_time": "2017-11-16T05:04:48.525Z", "user": 1, "content_type": 26, "object_id": "91", "object_repr": "YAMON", "action_flag": 1, "change_message": "A\u00f1adido."}}, {"model": "admin.logentry", "pk": 407, "fields": {"action_time": "2017-11-17T02:54:48.247Z", "user": 1, "content_type": 27, "object_id": "19", "object_repr": "Karoline Chavez V", "action_flag": 3, "change_message": ""}}, {"model": "admin.logentry", "pk": 408, "fields": {"action_time": "2017-11-17T02:57:42.384Z", "user": 1, "content_type": 27, "object_id": "20", "object_repr": "Karoline Ch\u00e1vez Vallejos", "action_flag": 1, "change_message": "A\u00f1adido."}}, {"model": "admin.logentry", "pk": 409, "fields": {"action_time": "2017-11-17T02:59:43.941Z", "user": 1, "content_type": 27, "object_id": "21", "object_repr": "V\u00edctor Quiroz Enciso", "action_flag": 1, "change_message": "A\u00f1adido."}}, {"model": "admin.logentry", "pk": 410, "fields": {"action_time": "2017-11-17T03:00:30.532Z", "user": 1, "content_type": 42, "object_id": "3", "object_repr": "Karoline", "action_flag": 1, "change_message": "A\u00f1adido."}}, {"model": "admin.logentry", "pk": 411, "fields": {"action_time": "2017-11-17T03:00:49.867Z", "user": 1, "content_type": 42, "object_id": "4", "object_repr": "V\u00edctor", "action_flag": 1, "change_message": "A\u00f1adido."}}, {"model": "admin.logentry", "pk": 412, "fields": {"action_time": "2017-11-17T21:03:07.170Z", "user": 1, "content_type": 25, "object_id": "10", "object_repr": "Huaraz", "action_flag": 1, "change_message": "A\u00f1adido."}}, {"model": "admin.logentry", "pk": 413, "fields": {"action_time": "2017-11-17T21:04:58.006Z", "user": 1, "content_type": 26, "object_id": "92", "object_repr": "Huaraz", "action_flag": 1, "change_message": "A\u00f1adido."}}, {"model": "admin.logentry", "pk": 414, "fields": {"action_time": "2017-11-17T21:05:23.997Z", "user": 1, "content_type": 26, "object_id": "93", "object_repr": "Cochabamba", "action_flag": 1, "change_message": "A\u00f1adido."}}, {"model": "admin.logentry", "pk": 415, "fields": {"action_time": "2017-11-17T21:05:46.933Z", "user": 1, "content_type": 26, "object_id": "94", "object_repr": "Colcabamba", "action_flag": 1, "change_message": "A\u00f1adido."}}, {"model": "admin.logentry", "pk": 416, "fields": {"action_time": "2017-11-17T21:06:06.078Z", "user": 1, "content_type": 26, "object_id": "95", "object_repr": "Huanchay", "action_flag": 1, "change_message": "A\u00f1adido."}}, {"model": "admin.logentry", "pk": 417, "fields": {"action_time": "2017-11-17T21:06:26.575Z", "user": 1, "content_type": 26, "object_id": "96", "object_repr": "Jangas", "action_flag": 1, "change_message": "A\u00f1adido."}}, {"model": "admin.logentry", "pk": 418, "fields": {"action_time": "2017-11-17T21:06:55.425Z", "user": 1, "content_type": 26, "object_id": "97", "object_repr": "La libertad", "action_flag": 1, "change_message": "A\u00f1adido."}}, {"model": "admin.logentry", "pk": 419, "fields": {"action_time": "2017-11-17T21:07:14.981Z", "user": 1, "content_type": 26, "object_id": "98", "object_repr": "Olleros", "action_flag": 1, "change_message": "A\u00f1adido."}}, {"model": "admin.logentry", "pk": 420, "fields": {"action_time": "2017-11-17T21:07:28.804Z", "user": 1, "content_type": 26, "object_id": "99", "object_repr": "Pampas", "action_flag": 1, "change_message": "A\u00f1adido."}}, {"model": "admin.logentry", "pk": 421, "fields": {"action_time": "2017-11-17T21:09:14.911Z", "user": 1, "content_type": 26, "object_id": "100", "object_repr": "Pariacoto", "action_flag": 1, "change_message": "A\u00f1adido."}}, {"model": "admin.logentry", "pk": 422, "fields": {"action_time": "2017-11-17T21:13:01.504Z", "user": 1, "content_type": 26, "object_id": "97", "object_repr": "Cajamarquilla", "action_flag": 2, "change_message": "Modificado/a nombre."}}, {"model": "admin.logentry", "pk": 423, "fields": {"action_time": "2017-11-17T21:13:39.599Z", "user": 1, "content_type": 26, "object_id": "101", "object_repr": "Pira", "action_flag": 1, "change_message": "A\u00f1adido."}}, {"model": "admin.logentry", "pk": 424, "fields": {"action_time": "2017-11-17T21:13:53.936Z", "user": 1, "content_type": 26, "object_id": "102", "object_repr": "Tarica", "action_flag": 1, "change_message": "A\u00f1adido."}}, {"model": "admin.logentry", "pk": 425, "fields": {"action_time": "2017-11-17T21:14:53.332Z", "user": 1, "content_type": 26, "object_id": "103", "object_repr": "Independencia", "action_flag": 1, "change_message": "A\u00f1adido."}}, {"model": "admin.logentry", "pk": 426, "fields": {"action_time": "2017-11-17T21:16:27.732Z", "user": 1, "content_type": 25, "object_id": "11", "object_repr": "Aija", "action_flag": 1, "change_message": "A\u00f1adido."}}, {"model": "admin.logentry", "pk": 427, "fields": {"action_time": "2017-11-17T21:18:57.129Z", "user": 1, "content_type": 26, "object_id": "104", "object_repr": "Aija", "action_flag": 1, "change_message": "A\u00f1adido."}}, {"model": "admin.logentry", "pk": 428, "fields": {"action_time": "2017-11-17T21:19:16.892Z", "user": 1, "content_type": 26, "object_id": "105", "object_repr": "Coris", "action_flag": 1, "change_message": "A\u00f1adido."}}, {"model": "admin.logentry", "pk": 429, "fields": {"action_time": "2017-11-17T21:19:34.918Z", "user": 1, "content_type": 26, "object_id": "106", "object_repr": "Huacllan", "action_flag": 1, "change_message": "A\u00f1adido."}}, {"model": "admin.logentry", "pk": 430, "fields": {"action_time": "2017-11-17T21:20:00.208Z", "user": 1, "content_type": 26, "object_id": "107", "object_repr": "La merced", "action_flag": 1, "change_message": "A\u00f1adido."}}, {"model": "admin.logentry", "pk": 431, "fields": {"action_time": "2017-11-17T21:20:20.234Z", "user": 1, "content_type": 26, "object_id": "108", "object_repr": "Succha", "action_flag": 1, "change_message": "A\u00f1adido."}}, {"model": "admin.logentry", "pk": 432, "fields": {"action_time": "2017-11-17T21:21:56.638Z", "user": 1, "content_type": 25, "object_id": "12", "object_repr": "Antonio Raymondi", "action_flag": 1, "change_message": "A\u00f1adido."}}, {"model": "admin.logentry", "pk": 433, "fields": {"action_time": "2017-11-17T21:22:43.438Z", "user": 1, "content_type": 26, "object_id": "109", "object_repr": "LLamellin", "action_flag": 1, "change_message": "A\u00f1adido."}}, {"model": "admin.logentry", "pk": 434, "fields": {"action_time": "2017-11-17T21:23:00.743Z", "user": 1, "content_type": 26, "object_id": "110", "object_repr": "Aczo", "action_flag": 1, "change_message": "A\u00f1adido."}}, {"model": "admin.logentry", "pk": 435, "fields": {"action_time": "2017-11-17T21:23:14.770Z", "user": 1, "content_type": 26, "object_id": "111", "object_repr": "Chaccho", "action_flag": 1, "change_message": "A\u00f1adido."}}, {"model": "admin.logentry", "pk": 436, "fields": {"action_time": "2017-11-17T21:23:32.487Z", "user": 1, "content_type": 26, "object_id": "112", "object_repr": "Chinga", "action_flag": 1, "change_message": "A\u00f1adido."}}, {"model": "admin.logentry", "pk": 437, "fields": {"action_time": "2017-11-17T21:24:09.761Z", "user": 1, "content_type": 26, "object_id": "113", "object_repr": "Mirgas", "action_flag": 1, "change_message": "A\u00f1adido."}}, {"model": "admin.logentry", "pk": 438, "fields": {"action_time": "2017-11-17T21:24:35.156Z", "user": 1, "content_type": 26, "object_id": "114", "object_repr": "San juan de Rontoy", "action_flag": 1, "change_message": "A\u00f1adido."}}, {"model": "admin.logentry", "pk": 439, "fields": {"action_time": "2017-11-17T21:25:18.985Z", "user": 1, "content_type": 25, "object_id": "13", "object_repr": "Asuncion", "action_flag": 1, "change_message": "A\u00f1adido."}}, {"model": "admin.logentry", "pk": 440, "fields": {"action_time": "2017-11-17T21:27:13.273Z", "user": 1, "content_type": 26, "object_id": "115", "object_repr": "Chacas", "action_flag": 1, "change_message": "A\u00f1adido."}}, {"model": "admin.logentry", "pk": 441, "fields": {"action_time": "2017-11-17T21:27:34.261Z", "user": 1, "content_type": 26, "object_id": "116", "object_repr": "Acochaca", "action_flag": 1, "change_message": "A\u00f1adido."}}, {"model": "admin.logentry", "pk": 442, "fields": {"action_time": "2017-11-17T21:28:02.217Z", "user": 1, "content_type": 25, "object_id": "14", "object_repr": "Bolognesi", "action_flag": 1, "change_message": "A\u00f1adido."}}, {"model": "admin.logentry", "pk": 443, "fields": {"action_time": "2017-11-17T21:29:23.507Z", "user": 1, "content_type": 26, "object_id": "117", "object_repr": "Chiquian", "action_flag": 1, "change_message": "A\u00f1adido."}}, {"model": "admin.logentry", "pk": 444, "fields": {"action_time": "2017-11-17T21:29:56.194Z", "user": 1, "content_type": 26, "object_id": "118", "object_repr": "LLaclla", "action_flag": 1, "change_message": "A\u00f1adido."}}, {"model": "admin.logentry", "pk": 445, "fields": {"action_time": "2017-11-17T21:31:17.810Z", "user": 1, "content_type": 26, "object_id": "119", "object_repr": "Raquia", "action_flag": 1, "change_message": "A\u00f1adido."}}, {"model": "admin.logentry", "pk": 446, "fields": {"action_time": "2017-11-17T21:31:33.067Z", "user": 1, "content_type": 26, "object_id": "120", "object_repr": "Aquia", "action_flag": 1, "change_message": "A\u00f1adido."}}, {"model": "admin.logentry", "pk": 447, "fields": {"action_time": "2017-11-17T21:31:51.704Z", "user": 1, "content_type": 26, "object_id": "121", "object_repr": "Cajacay", "action_flag": 1, "change_message": "A\u00f1adido."}}, {"model": "admin.logentry", "pk": 448, "fields": {"action_time": "2017-11-17T21:32:15.582Z", "user": 1, "content_type": 26, "object_id": "122", "object_repr": "Canis", "action_flag": 1, "change_message": "A\u00f1adido."}}, {"model": "admin.logentry", "pk": 449, "fields": {"action_time": "2017-11-17T21:32:35.330Z", "user": 1, "content_type": 26, "object_id": "123", "object_repr": "Colquioc", "action_flag": 1, "change_message": "A\u00f1adido."}}, {"model": "admin.logentry", "pk": 450, "fields": {"action_time": "2017-11-17T21:32:51.197Z", "user": 1, "content_type": 26, "object_id": "124", "object_repr": "Huallanca", "action_flag": 1, "change_message": "A\u00f1adido."}}, {"model": "admin.logentry", "pk": 451, "fields": {"action_time": "2017-11-17T21:33:05.842Z", "user": 1, "content_type": 26, "object_id": "125", "object_repr": "Huasta", "action_flag": 1, "change_message": "A\u00f1adido."}}, {"model": "admin.logentry", "pk": 452, "fields": {"action_time": "2017-11-17T21:33:42.098Z", "user": 1, "content_type": 26, "object_id": "126", "object_repr": "Huayllacayan", "action_flag": 1, "change_message": "A\u00f1adido."}}, {"model": "admin.logentry", "pk": 453, "fields": {"action_time": "2017-11-17T21:34:37.794Z", "user": 1, "content_type": 26, "object_id": "127", "object_repr": "La primavera", "action_flag": 1, "change_message": "A\u00f1adido."}}, {"model": "admin.logentry", "pk": 454, "fields": {"action_time": "2017-11-17T21:35:22.850Z", "user": 1, "content_type": 26, "object_id": "128", "object_repr": "Mangas", "action_flag": 1, "change_message": "A\u00f1adido."}}, {"model": "admin.logentry", "pk": 455, "fields": {"action_time": "2017-11-17T21:35:54.581Z", "user": 1, "content_type": 26, "object_id": "129", "object_repr": "Pacllon", "action_flag": 1, "change_message": "A\u00f1adido."}}, {"model": "admin.logentry", "pk": 456, "fields": {"action_time": "2017-11-17T21:36:26.850Z", "user": 1, "content_type": 26, "object_id": "130", "object_repr": "San Miguel", "action_flag": 1, "change_message": "A\u00f1adido."}}, {"model": "admin.logentry", "pk": 457, "fields": {"action_time": "2017-11-17T21:36:48.047Z", "user": 1, "content_type": 26, "object_id": "131", "object_repr": "Ticllos", "action_flag": 1, "change_message": "A\u00f1adido."}}, {"model": "admin.logentry", "pk": 458, "fields": {"action_time": "2017-11-17T21:37:36.073Z", "user": 1, "content_type": 25, "object_id": "15", "object_repr": "Carhuaz", "action_flag": 1, "change_message": "A\u00f1adido."}}, {"model": "admin.logentry", "pk": 459, "fields": {"action_time": "2017-11-17T21:38:30.760Z", "user": 1, "content_type": 26, "object_id": "132", "object_repr": "Carhuaz", "action_flag": 1, "change_message": "A\u00f1adido."}}, {"model": "admin.logentry", "pk": 460, "fields": {"action_time": "2017-11-17T21:39:27.076Z", "user": 1, "content_type": 26, "object_id": "118", "object_repr": "Abelardo Pardo", "action_flag": 2, "change_message": "Modificado/a nombre."}}, {"model": "admin.logentry", "pk": 461, "fields": {"action_time": "2017-11-17T21:39:51.265Z", "user": 1, "content_type": 26, "object_id": "118", "object_repr": "Abelardo Pardo", "action_flag": 2, "change_message": "No ha cambiado ning\u00fan campo."}}, {"model": "admin.logentry", "pk": 462, "fields": {"action_time": "2017-11-17T21:40:22.270Z", "user": 1, "content_type": 26, "object_id": "119", "object_repr": "Antonio Raymondi", "action_flag": 2, "change_message": "Modificado/a nombre."}}, {"model": "admin.logentry", "pk": 463, "fields": {"action_time": "2017-11-17T21:41:06.201Z", "user": 1, "content_type": 26, "object_id": "133", "object_repr": "Acopampa", "action_flag": 1, "change_message": "A\u00f1adido."}}, {"model": "admin.logentry", "pk": 464, "fields": {"action_time": "2017-11-17T21:41:51.108Z", "user": 1, "content_type": 26, "object_id": "134", "object_repr": "Amashca", "action_flag": 1, "change_message": "A\u00f1adido."}}, {"model": "admin.logentry", "pk": 465, "fields": {"action_time": "2017-11-17T21:42:09.285Z", "user": 1, "content_type": 26, "object_id": "135", "object_repr": "Anta", "action_flag": 1, "change_message": "A\u00f1adido."}}, {"model": "admin.logentry", "pk": 466, "fields": {"action_time": "2017-11-17T21:42:25.265Z", "user": 1, "content_type": 26, "object_id": "136", "object_repr": "Ataquero", "action_flag": 1, "change_message": "A\u00f1adido."}}, {"model": "admin.logentry", "pk": 467, "fields": {"action_time": "2017-11-17T21:42:48.910Z", "user": 1, "content_type": 26, "object_id": "137", "object_repr": "Marcara", "action_flag": 1, "change_message": "A\u00f1adido."}}, {"model": "admin.logentry", "pk": 468, "fields": {"action_time": "2017-11-17T21:43:35.504Z", "user": 1, "content_type": 26, "object_id": "138", "object_repr": "Pariahuanca", "action_flag": 1, "change_message": "A\u00f1adido."}}, {"model": "admin.logentry", "pk": 469, "fields": {"action_time": "2017-11-17T21:45:29.989Z", "user": 1, "content_type": 26, "object_id": "139", "object_repr": "San miguel de aco", "action_flag": 1, "change_message": "A\u00f1adido."}}, {"model": "admin.logentry", "pk": 470, "fields": {"action_time": "2017-11-17T21:45:50.675Z", "user": 1, "content_type": 26, "object_id": "140", "object_repr": "Shilla", "action_flag": 1, "change_message": "A\u00f1adido."}}, {"model": "admin.logentry", "pk": 471, "fields": {"action_time": "2017-11-17T21:46:04.478Z", "user": 1, "content_type": 26, "object_id": "141", "object_repr": "Tinco", "action_flag": 1, "change_message": "A\u00f1adido."}}, {"model": "admin.logentry", "pk": 472, "fields": {"action_time": "2017-11-17T21:46:19.143Z", "user": 1, "content_type": 26, "object_id": "142", "object_repr": "Yungar", "action_flag": 1, "change_message": "A\u00f1adido."}}, {"model": "admin.logentry", "pk": 473, "fields": {"action_time": "2017-11-17T21:47:37.891Z", "user": 1, "content_type": 25, "object_id": "16", "object_repr": "Carlos F. Fitzcarrald", "action_flag": 1, "change_message": "A\u00f1adido."}}, {"model": "admin.logentry", "pk": 474, "fields": {"action_time": "2017-11-17T21:48:52.337Z", "user": 1, "content_type": 26, "object_id": "143", "object_repr": "San Luis", "action_flag": 1, "change_message": "A\u00f1adido."}}, {"model": "admin.logentry", "pk": 475, "fields": {"action_time": "2017-11-17T21:49:11.794Z", "user": 1, "content_type": 26, "object_id": "144", "object_repr": "San NIcolas", "action_flag": 1, "change_message": "A\u00f1adido."}}, {"model": "admin.logentry", "pk": 476, "fields": {"action_time": "2017-11-17T21:49:25.828Z", "user": 1, "content_type": 26, "object_id": "145", "object_repr": "Yauya", "action_flag": 1, "change_message": "A\u00f1adido."}}, {"model": "admin.logentry", "pk": 477, "fields": {"action_time": "2017-11-17T21:49:50.810Z", "user": 1, "content_type": 25, "object_id": "17", "object_repr": "Casma", "action_flag": 1, "change_message": "A\u00f1adido."}}, {"model": "admin.logentry", "pk": 478, "fields": {"action_time": "2017-11-17T21:51:16.014Z", "user": 1, "content_type": 26, "object_id": "146", "object_repr": "Casma", "action_flag": 1, "change_message": "A\u00f1adido."}}, {"model": "admin.logentry", "pk": 479, "fields": {"action_time": "2017-11-17T21:51:53.079Z", "user": 1, "content_type": 26, "object_id": "147", "object_repr": "Buenavista", "action_flag": 1, "change_message": "A\u00f1adido."}}, {"model": "admin.logentry", "pk": 480, "fields": {"action_time": "2017-11-17T21:52:11.313Z", "user": 1, "content_type": 26, "object_id": "148", "object_repr": "Comandante Noel", "action_flag": 1, "change_message": "A\u00f1adido."}}, {"model": "admin.logentry", "pk": 481, "fields": {"action_time": "2017-11-17T21:52:44.079Z", "user": 1, "content_type": 25, "object_id": "18", "object_repr": "Corongo", "action_flag": 1, "change_message": "A\u00f1adido."}}, {"model": "admin.logentry", "pk": 482, "fields": {"action_time": "2017-11-17T21:53:08.858Z", "user": 1, "content_type": 25, "object_id": "19", "object_repr": "Huari", "action_flag": 1, "change_message": "A\u00f1adido."}}, {"model": "admin.logentry", "pk": 483, "fields": {"action_time": "2017-11-17T21:53:46.358Z", "user": 1, "content_type": 26, "object_id": "149", "object_repr": "Corongo", "action_flag": 1, "change_message": "A\u00f1adido."}}, {"model": "admin.logentry", "pk": 484, "fields": {"action_time": "2017-11-17T21:54:00.776Z", "user": 1, "content_type": 26, "object_id": "150", "object_repr": "Aco", "action_flag": 1, "change_message": "A\u00f1adido."}}, {"model": "admin.logentry", "pk": 485, "fields": {"action_time": "2017-11-17T21:54:19.772Z", "user": 1, "content_type": 26, "object_id": "151", "object_repr": "Bambas", "action_flag": 1, "change_message": "A\u00f1adido."}}, {"model": "admin.logentry", "pk": 486, "fields": {"action_time": "2017-11-17T21:54:43.196Z", "user": 1, "content_type": 26, "object_id": "152", "object_repr": "Cusca", "action_flag": 1, "change_message": "A\u00f1adido."}}, {"model": "admin.logentry", "pk": 487, "fields": {"action_time": "2017-11-17T21:54:59.249Z", "user": 1, "content_type": 26, "object_id": "153", "object_repr": "La Pampa", "action_flag": 1, "change_message": "A\u00f1adido."}}, {"model": "admin.logentry", "pk": 488, "fields": {"action_time": "2017-11-17T21:55:16.249Z", "user": 1, "content_type": 26, "object_id": "154", "object_repr": "Yanac", "action_flag": 1, "change_message": "A\u00f1adido."}}, {"model": "admin.logentry", "pk": 489, "fields": {"action_time": "2017-11-17T21:55:33.248Z", "user": 1, "content_type": 26, "object_id": "155", "object_repr": "Yupan", "action_flag": 1, "change_message": "A\u00f1adido."}}, {"model": "admin.logentry", "pk": 490, "fields": {"action_time": "2017-11-17T21:56:16.564Z", "user": 1, "content_type": 26, "object_id": "156", "object_repr": "Huari", "action_flag": 1, "change_message": "A\u00f1adido."}}, {"model": "admin.logentry", "pk": 491, "fields": {"action_time": "2017-11-17T22:04:03.326Z", "user": 1, "content_type": 26, "object_id": "157", "object_repr": "Anra", "action_flag": 1, "change_message": "A\u00f1adido."}}, {"model": "admin.logentry", "pk": 492, "fields": {"action_time": "2017-11-17T22:04:18.419Z", "user": 1, "content_type": 26, "object_id": "158", "object_repr": "Cajay", "action_flag": 1, "change_message": "A\u00f1adido."}}, {"model": "admin.logentry", "pk": 493, "fields": {"action_time": "2017-11-17T22:04:41.108Z", "user": 1, "content_type": 26, "object_id": "159", "object_repr": "Chavin de Huantar", "action_flag": 1, "change_message": "A\u00f1adido."}}, {"model": "admin.logentry", "pk": 494, "fields": {"action_time": "2017-11-17T22:05:06.608Z", "user": 1, "content_type": 26, "object_id": "160", "object_repr": "Huacachi", "action_flag": 1, "change_message": "A\u00f1adido."}}, {"model": "admin.logentry", "pk": 495, "fields": {"action_time": "2017-11-17T22:05:35.792Z", "user": 1, "content_type": 26, "object_id": "161", "object_repr": "Huacchis", "action_flag": 1, "change_message": "A\u00f1adido."}}, {"model": "admin.logentry", "pk": 496, "fields": {"action_time": "2017-11-17T22:05:51.765Z", "user": 1, "content_type": 26, "object_id": "162", "object_repr": "Huantar", "action_flag": 1, "change_message": "A\u00f1adido."}}, {"model": "admin.logentry", "pk": 497, "fields": {"action_time": "2017-11-17T22:06:17.158Z", "user": 1, "content_type": 26, "object_id": "163", "object_repr": "Masin", "action_flag": 1, "change_message": "A\u00f1adido."}}, {"model": "admin.logentry", "pk": 498, "fields": {"action_time": "2017-11-17T22:06:42.756Z", "user": 1, "content_type": 26, "object_id": "164", "object_repr": "Paucas", "action_flag": 1, "change_message": "A\u00f1adido."}}, {"model": "admin.logentry", "pk": 499, "fields": {"action_time": "2017-11-17T22:07:10.986Z", "user": 1, "content_type": 26, "object_id": "165", "object_repr": "Ponto", "action_flag": 1, "change_message": "A\u00f1adido."}}, {"model": "admin.logentry", "pk": 500, "fields": {"action_time": "2017-11-17T22:07:37.688Z", "user": 1, "content_type": 26, "object_id": "166", "object_repr": "Rahuapampa", "action_flag": 1, "change_message": "A\u00f1adido."}}, {"model": "admin.logentry", "pk": 501, "fields": {"action_time": "2017-11-17T22:08:00.776Z", "user": 1, "content_type": 26, "object_id": "167", "object_repr": "Rapayan", "action_flag": 1, "change_message": "A\u00f1adido."}}, {"model": "admin.logentry", "pk": 502, "fields": {"action_time": "2017-11-17T22:08:36.364Z", "user": 1, "content_type": 26, "object_id": "168", "object_repr": "San Marcos", "action_flag": 1, "change_message": "A\u00f1adido."}}, {"model": "admin.logentry", "pk": 503, "fields": {"action_time": "2017-11-17T22:09:11.742Z", "user": 1, "content_type": 26, "object_id": "169", "object_repr": "San pedro de chana", "action_flag": 1, "change_message": "A\u00f1adido."}}, {"model": "admin.logentry", "pk": 504, "fields": {"action_time": "2017-11-17T22:09:34.882Z", "user": 1, "content_type": 26, "object_id": "170", "object_repr": "Uco", "action_flag": 1, "change_message": "A\u00f1adido."}}, {"model": "admin.logentry", "pk": 505, "fields": {"action_time": "2017-11-17T22:10:33.356Z", "user": 1, "content_type": 25, "object_id": "20", "object_repr": "Huarmey", "action_flag": 1, "change_message": "A\u00f1adido."}}, {"model": "admin.logentry", "pk": 506, "fields": {"action_time": "2017-11-17T22:10:55.570Z", "user": 1, "content_type": 25, "object_id": "21", "object_repr": "Huaylas", "action_flag": 1, "change_message": "A\u00f1adido."}}, {"model": "admin.logentry", "pk": 507, "fields": {"action_time": "2017-11-17T22:11:26.289Z", "user": 1, "content_type": 26, "object_id": "171", "object_repr": "Huarmey", "action_flag": 1, "change_message": "A\u00f1adido."}}, {"model": "admin.logentry", "pk": 508, "fields": {"action_time": "2017-11-17T22:11:56.086Z", "user": 1, "content_type": 26, "object_id": "172", "object_repr": "Cochapeti", "action_flag": 1, "change_message": "A\u00f1adido."}}, {"model": "admin.logentry", "pk": 509, "fields": {"action_time": "2017-11-17T22:12:13.904Z", "user": 1, "content_type": 26, "object_id": "173", "object_repr": "Culebras", "action_flag": 1, "change_message": "A\u00f1adido."}}, {"model": "admin.logentry", "pk": 510, "fields": {"action_time": "2017-11-17T22:12:30.185Z", "user": 1, "content_type": 26, "object_id": "174", "object_repr": "Huayan", "action_flag": 1, "change_message": "A\u00f1adido."}}, {"model": "admin.logentry", "pk": 511, "fields": {"action_time": "2017-11-17T22:12:46.876Z", "user": 1, "content_type": 26, "object_id": "175", "object_repr": "Malvas", "action_flag": 1, "change_message": "A\u00f1adido."}}, {"model": "admin.logentry", "pk": 512, "fields": {"action_time": "2017-11-17T22:13:49.856Z", "user": 1, "content_type": 26, "object_id": "176", "object_repr": "Caraz", "action_flag": 1, "change_message": "A\u00f1adido."}}, {"model": "admin.logentry", "pk": 513, "fields": {"action_time": "2017-11-17T22:14:11.866Z", "user": 1, "content_type": 26, "object_id": "177", "object_repr": "Huallanca", "action_flag": 1, "change_message": "A\u00f1adido."}}, {"model": "admin.logentry", "pk": 514, "fields": {"action_time": "2017-11-17T22:14:47.399Z", "user": 1, "content_type": 26, "object_id": "178", "object_repr": "Huata", "action_flag": 1, "change_message": "A\u00f1adido."}}, {"model": "admin.logentry", "pk": 515, "fields": {"action_time": "2017-11-17T22:15:15.768Z", "user": 1, "content_type": 26, "object_id": "179", "object_repr": "Huaylas", "action_flag": 1, "change_message": "A\u00f1adido."}}, {"model": "admin.logentry", "pk": 516, "fields": {"action_time": "2017-11-17T22:15:31.117Z", "user": 1, "content_type": 26, "object_id": "180", "object_repr": "Mato", "action_flag": 1, "change_message": "A\u00f1adido."}}, {"model": "admin.logentry", "pk": 517, "fields": {"action_time": "2017-11-17T22:15:46.996Z", "user": 1, "content_type": 26, "object_id": "181", "object_repr": "Pamparomas", "action_flag": 1, "change_message": "A\u00f1adido."}}, {"model": "admin.logentry", "pk": 518, "fields": {"action_time": "2017-11-17T22:16:21.519Z", "user": 1, "content_type": 26, "object_id": "182", "object_repr": "Pueblo Libre", "action_flag": 1, "change_message": "A\u00f1adido."}}, {"model": "admin.logentry", "pk": 519, "fields": {"action_time": "2017-11-17T22:16:21.528Z", "user": 1, "content_type": 26, "object_id": "183", "object_repr": "Pueblo Libre", "action_flag": 1, "change_message": "A\u00f1adido."}}, {"model": "admin.logentry", "pk": 520, "fields": {"action_time": "2017-11-17T22:16:41.432Z", "user": 1, "content_type": 26, "object_id": "184", "object_repr": "Santa Cruz", "action_flag": 1, "change_message": "A\u00f1adido."}}, {"model": "admin.logentry", "pk": 521, "fields": {"action_time": "2017-11-17T22:17:24.173Z", "user": 1, "content_type": 26, "object_id": "185", "object_repr": "Santo Toribio", "action_flag": 1, "change_message": "A\u00f1adido."}}, {"model": "admin.logentry", "pk": 522, "fields": {"action_time": "2017-11-17T22:17:48.338Z", "user": 1, "content_type": 26, "object_id": "186", "object_repr": "Yuracmarca", "action_flag": 1, "change_message": "A\u00f1adido."}}, {"model": "admin.logentry", "pk": 523, "fields": {"action_time": "2017-11-17T22:18:35.750Z", "user": 1, "content_type": 25, "object_id": "22", "object_repr": "Mariscal Luzuriaga", "action_flag": 1, "change_message": "A\u00f1adido."}}, {"model": "admin.logentry", "pk": 524, "fields": {"action_time": "2017-11-17T22:18:52.032Z", "user": 1, "content_type": 25, "object_id": "23", "object_repr": "Ocros", "action_flag": 1, "change_message": "A\u00f1adido."}}, {"model": "admin.logentry", "pk": 525, "fields": {"action_time": "2017-11-17T22:22:01.576Z", "user": 1, "content_type": 26, "object_id": "187", "object_repr": "Piscobamba", "action_flag": 1, "change_message": "A\u00f1adido."}}, {"model": "admin.logentry", "pk": 526, "fields": {"action_time": "2017-11-17T22:22:19.900Z", "user": 1, "content_type": 26, "object_id": "188", "object_repr": "Casca", "action_flag": 1, "change_message": "A\u00f1adido."}}, {"model": "admin.logentry", "pk": 527, "fields": {"action_time": "2017-11-17T22:22:56.565Z", "user": 1, "content_type": 26, "object_id": "189", "object_repr": "Eleazar Guzman Barron", "action_flag": 1, "change_message": "A\u00f1adido."}}, {"model": "admin.logentry", "pk": 528, "fields": {"action_time": "2017-11-17T22:23:58.722Z", "user": 1, "content_type": 26, "object_id": "190", "object_repr": "Fidel Olivas Escudero", "action_flag": 1, "change_message": "A\u00f1adido."}}, {"model": "admin.logentry", "pk": 529, "fields": {"action_time": "2017-11-17T22:24:29.358Z", "user": 1, "content_type": 26, "object_id": "191", "object_repr": "LLama", "action_flag": 1, "change_message": "A\u00f1adido."}}, {"model": "admin.logentry", "pk": 530, "fields": {"action_time": "2017-11-17T22:24:51.776Z", "user": 1, "content_type": 26, "object_id": "192", "object_repr": "LLumpa", "action_flag": 1, "change_message": "A\u00f1adido."}}, {"model": "admin.logentry", "pk": 531, "fields": {"action_time": "2017-11-17T22:25:19.719Z", "user": 1, "content_type": 26, "object_id": "193", "object_repr": "Lucma", "action_flag": 1, "change_message": "A\u00f1adido."}}, {"model": "admin.logentry", "pk": 532, "fields": {"action_time": "2017-11-17T22:25:41.127Z", "user": 1, "content_type": 26, "object_id": "194", "object_repr": "Musga", "action_flag": 1, "change_message": "A\u00f1adido."}}, {"model": "admin.logentry", "pk": 533, "fields": {"action_time": "2017-11-17T22:26:24.340Z", "user": 1, "content_type": 26, "object_id": "195", "object_repr": "Ocros", "action_flag": 1, "change_message": "A\u00f1adido."}}, {"model": "admin.logentry", "pk": 534, "fields": {"action_time": "2017-11-17T22:29:13.612Z", "user": 1, "content_type": 26, "object_id": "196", "object_repr": "Acas", "action_flag": 1, "change_message": "A\u00f1adido."}}, {"model": "admin.logentry", "pk": 535, "fields": {"action_time": "2017-11-17T22:30:32.153Z", "user": 1, "content_type": 26, "object_id": "197", "object_repr": "Cajamarquilla", "action_flag": 1, "change_message": "A\u00f1adido."}}, {"model": "admin.logentry", "pk": 536, "fields": {"action_time": "2017-11-17T22:32:23.571Z", "user": 1, "content_type": 26, "object_id": "198", "object_repr": "Carhuapampa", "action_flag": 1, "change_message": "A\u00f1adido."}}, {"model": "admin.logentry", "pk": 537, "fields": {"action_time": "2017-11-17T22:34:32.688Z", "user": 1, "content_type": 26, "object_id": "199", "object_repr": "Cochas", "action_flag": 1, "change_message": "A\u00f1adido."}}, {"model": "admin.logentry", "pk": 538, "fields": {"action_time": "2017-11-17T22:35:07.042Z", "user": 1, "content_type": 26, "object_id": "200", "object_repr": "Congas", "action_flag": 1, "change_message": "A\u00f1adido."}}, {"model": "admin.logentry", "pk": 539, "fields": {"action_time": "2017-11-17T22:35:16.990Z", "user": 1, "content_type": 26, "object_id": "201", "object_repr": "Congas", "action_flag": 1, "change_message": "A\u00f1adido."}}, {"model": "admin.logentry", "pk": 540, "fields": {"action_time": "2017-11-17T22:36:19.397Z", "user": 1, "content_type": 26, "object_id": "202", "object_repr": "LLipa", "action_flag": 1, "change_message": "A\u00f1adido."}}, {"model": "admin.logentry", "pk": 541, "fields": {"action_time": "2017-11-17T22:36:49.096Z", "user": 1, "content_type": 26, "object_id": "203", "object_repr": "San Cristobal de Rajan", "action_flag": 1, "change_message": "A\u00f1adido."}}, {"model": "admin.logentry", "pk": 542, "fields": {"action_time": "2017-11-17T22:37:35.279Z", "user": 1, "content_type": 26, "object_id": "204", "object_repr": "San pedro", "action_flag": 1, "change_message": "A\u00f1adido."}}, {"model": "admin.logentry", "pk": 543, "fields": {"action_time": "2017-11-17T22:38:40.509Z", "user": 1, "content_type": 26, "object_id": "205", "object_repr": "Santiago de Chilcas", "action_flag": 1, "change_message": "A\u00f1adido."}}, {"model": "admin.logentry", "pk": 544, "fields": {"action_time": "2017-11-17T22:38:50.134Z", "user": 1, "content_type": 25, "object_id": "24", "object_repr": "Pallasca", "action_flag": 1, "change_message": "A\u00f1adido."}}, {"model": "admin.logentry", "pk": 545, "fields": {"action_time": "2017-11-18T12:14:34.126Z", "user": 1, "content_type": 51, "object_id": "2", "object_repr": "ExamenesAuxiliares object", "action_flag": 3, "change_message": ""}}, {"model": "admin.logentry", "pk": 546, "fields": {"action_time": "2017-11-18T12:14:34.531Z", "user": 1, "content_type": 51, "object_id": "1", "object_repr": "ExamenesAuxiliares object", "action_flag": 3, "change_message": ""}}, {"model": "admin.logentry", "pk": 547, "fields": {"action_time": "2017-11-23T23:51:34.473Z", "user": 1, "content_type": 27, "object_id": "22", "object_repr": "Vania Fernanda Rivera Pipa", "action_flag": 3, "change_message": ""}}]